SPDR Gold Shares (New York Stock Exchange Arca),
"The "SPDR" trademark is used under license from The McGraw-Hill Companies, Inc. ("McGraw-Hill"). No financial product offered by SPDR" Gold Trust, or its affiliates is sponsored, endorsed, sold or promoted by McGraw-Hill."
"Note: This document is for information purposes only and is subject to change without notice. No part of this document may be reproduced in any manner without the written permission of SPDR Gold Shares spdrgoldshares@ssga.com. Under no circumstances should it be used or considered as an offer to sell or a solicitation of any offer to buy the securities or other instruments mentioned in it"
"Note: SPDR Gold Shares does not represent that this information is accurate or complete and it should not be relied upon as such. SPDR Gold Shares is not responsible for any loss, damage, expense or claim, howsoever arising, suffered as a result of reliance on the data contained within this file."
"Note: On dates where the LBMA Gold Price is not published the most recently available LBMA Gold Price is used."
"*Note:  Since March 20, 2015, the Trust has been using the LBMA Gold Price PM as the price of gold in determining the value of the Trust's gold.  Before that date, the Trust used the London PM Fix, which was discontinued on March 19, 2015. All references to LBMA gold price have been provided for informational purposes only. ICE benchmark administration limited accepts no liability or responsibility for the accuracy of the prices or the underlying product to which the prices may be referenced."
Date, GLD Close, LBMA Gold Price, NAV per GLD in Gold, NAV/share at 10.30 a.m. NYT, Indicative Price of GLD at 4.15 p.m. NYT, Mid point of bid/ask spread at 4.15 p.m. NYT#, Premium/Discount of GLD mid point v Indicative Value of GLD at 4.15 p.m. NYT, Daily Share Volume, Total Net Asset Value Ounces in the Trust as at 4.15 p.m. NYT, Total Net Asset Value Tonnes in the Trust as at 4.15 p.m. NYT, Total Net Asset Value in the Trust
18-Nov-2004, 44.38, $442.00, 100.000000, 44.2, 44.305, $44.37, 0.146%, 5992000, 260000.00, 8.09, 114920000.00
19-Nov-2004, 44.78, $445.60, 99.998900, 44.55951167, 44.694, $44.78, 0.192%, 11655000, 1859994.06, 57.85, 828806907.20
22-Nov-2004, 44.75, $447.80, 99.995600, 44.77803823, 44.903, $44.95, 0.105%, 11976800, 2799952.98, 87.09, 1253785205.50
23-Nov-2004, 45.05, $448.15, 99.994500, 44.81255136, 44.812, $44.74, -0.160%, 3139000, 2799952.98, 87.09, 1254751438.19
24-Nov-2004, 45.05, $448.60, 99.993400, 44.85705902, 44.952, $45.00, 0.095%, 6052700, 3099933.30, 96.42, 1390568824.08
25-Nov-2004, HOLIDAY, HOLIDAY, HOLIDAY, HOLIDAY, HOLIDAY, HOLIDAY, HOLIDAY, HOLIDAY, HOLIDAY, HOLIDAY, HOLIDAY
26-Nov-2004, 45.40, $451.00, 99.991200, 45.09606509, 45.191, $45.28, 0.196%, 3058200, 3229921.97, 100.46, 1456602906.16
29-Nov-2004, 45.12, $451.25, 99.987900, 45.11958173, 45.349, $45.39, 0.090%, 3758800, 3329909.96, 103.57, 1502482070.50
30-Nov-2004, 45.38, $453.40, 99.986900, 45.33407907, 45.139, $45.11, -0.064%, 3859100, 3329909.96, 103.57, 1509624832.88
01-Dec-2004, 44.95, $452.85, 99.985800, 45.27858434, 45.368, $45.39, 0.048%, 3857500, 3329909.96, 103.57, 1507776858.64
02-Dec-2004, 45.60, $454.20, 99.984700, 45.41307478, 44.948, $44.97, 0.037%, 6457800, 3329699.18, 103.56, 1512255390.24
03-Dec-2004, 45.17, $448.65, 99.983500, 44.85763332, 45.627, $45.60, -0.070%, 4192300, 3329699.18, 103.56, 1493759189.63
06-Dec-2004, 45.11, $453.05, 99.980300, 45.296114, 45.196, $45.18, -0.046%, 3102400, 3329699.18, 103.56, 1508360596.14
07-Dec-2004, 44.01, $451.80, 99.979200, 45.17063026, 45.075, $45.09, 0.033%, 3797300, 2829802.88, 88.02, 1278328839.45
08-Dec-2004, 43.78, $436.90, 99.977700, 43.68025546, 44.005, $44.03, 0.045%, 6113700, 2929780.58, 91.13, 1279831486.60
09-Dec-2004, 43.44, $437.10, 99.976600, 43.69977511, 43.764, $43.77, 0.002%, 3553400, 2929780.58, 91.13, 1280403410.75
10-Dec-2004, 43.91, $434.00, 99.975400, 43.38932282, 43.444, $43.45, 0.002%, 2464200, 2929780.58, 91.13, 1271307158.65
13-Dec-2004, 43.55, $434.00, 99.972100, 43.4978869, 43.892, $43.90, 0.018%, 1445100, 2929780.58, 91.13, 1274488086.03
14-Dec-2004, 43.99, $437.10, 99.971100, 43.69739304, 43.547, $43.55, 0.006%, 2240600, 2929780.58, 91.13, 1280333615.99
15-Dec-2004, 43.68, $439.00, 99.970100, 43.88689785, 43.996, $43.99, -0.025%, 2641400, 2929780.58, 91.13, 1285886107.04
16-Dec-2004, 44.19, $439.50, 99.969000, 43.93641261, 43.701, $43.71, 0.020%, 3269800, 2929780.58, 91.13, 1287336889.37
17-Dec-2004, 44.34, $438.90, 99.967900, 43.87593626, 44.140, $44.18, 0.079%, 1889300, 2849806.22, 88.64, 1250464182.36
20-Dec-2004, 44.22, $442.45, 99.964800, 44.22946571, 44.209, $44.35, 0.306%, 1942100, 2849806.22, 88.64, 1260539772.85
21-Dec-2004, 44.02, $440.95, 99.963700, 44.07899285, 44.168, $44.22, 0.106%, 1373400, 2849806.22, 88.64, 1256251296.24
22-Dec-2004, 44.27, $441.00, 99.962600, 44.0835094, 43.983, $44.01, 0.061%, 2705700, 2949768.83, 91.75, 1300463528.86
23-Dec-2004, 44.27, $441.10, 99.961500, 44.09302545, 44.177, $44.27, 0.210%, 639800, 2949768.83, 91.75, 1300744250.85
24-Dec-2004, HOLIDAY, HOLIDAY, HOLIDAY, HOLIDAY, HOLIDAY, HOLIDAY, HOLIDAY, HOLIDAY, HOLIDAY, HOLIDAY, HOLIDAY
27-Dec-2004, 44.37, $441.10, 99.957200, 44.20107917, 44.480, $44.47, -0.022%, 2637900, 2949768.83, 91.75, 1303931835.40
28-Dec-2004, 43.66, $441.10, 99.956100, 44.20059477, 44.410, $44.39, -0.056%, 773200, 2949768.83, 91.75, 1303917545.74
29-Dec-2004, 43.80, $440.25, 99.955100, 44.33009877, 43.610, $43.67, 0.125%, 5632200, 2949768.83, 91.75, 1307737913.68
30-Dec-2004, 43.80, $435.60, 99.953300, 43.53968352, 43.779, $43.82, 0.082%, 1289600, 3049722.19, 94.86, 1327960347.57
31-Dec-2004, HOLIDAY, HOLIDAY, HOLIDAY, HOLIDAY, HOLIDAY, HOLIDAY, HOLIDAY, HOLIDAY, HOLIDAY, HOLIDAY, HOLIDAY
03-Jan-2005, 42.74, $435.60, 99.949100, 43.77774259, 42.983, $43.01, 0.062%, 4750400, 3509488.41, 109.16, 1536598756.84
04-Jan-2005, 42.67, $427.75, 99.947200, 42.75242323, 42.722, $42.75, 0.053%, 3456800, 3508826.93, 109.14, 1500610088.45
05-Jan-2005, 42.16, $426.00, 99.946000, 42.57701606, 42.631, $42.66, 0.056%, 2033600, 3508826.93, 109.14, 1494453263.56
06-Jan-2005, 41.84, $424.35, 99.944800, 42.41160641, 42.131, $42.17, 0.080%, 2556400, 3608771.80, 112.24, 1531058990.59
07-Jan-2005, 41.95, $424.35, 99.943600, 42.19621711, 41.846, $41.84, -0.026%, 4491300, 3958574.65, 123.12, 1670970198.67
10-Jan-2005, 42.21, $420.00, 99.940200, 41.97491148, 41.949, $41.97, 0.038%, 1025800, 3958574.65, 123.12, 1662206494.48
11-Jan-2005, 42.60, $421.35, 99.939200, 42.10940141, 42.224, $42.22, -0.021%, 1507100, 4488252.67, 139.60, 1890712131.56
12-Jan-2005, 42.60, $426.60, 99.938400, 42.63373006, 42.588, $42.62, 0.063%, 1729900, 4588191.09, 142.71, 1956888209.71
13-Jan-2005, 42.32, $423.60, 99.937100, 42.33338436, 42.528, $42.57, 0.098%, 718300, 4588191.09, 142.71, 1943102341.92
14-Jan-2005, 42.32, $422.50, 99.936000, 42.22296498, 42.282, $42.31, 0.054%, 1262300, 4588191.09, 142.71, 1938034092.76
17-Jan-2005, HOLIDAY, HOLIDAY, HOLIDAY, HOLIDAY, HOLIDAY, HOLIDAY, HOLIDAY, HOLIDAY, HOLIDAY, HOLIDAY, HOLIDAY
18-Jan-2005, 42.26, $421.75, 99.931500, 42.1461448, 42.266, $42.34, 0.162%, 666800, 4588191.09, 142.71, 1934508046.19
19-Jan-2005, 42.25, $424.95, 99.930700, 42.46555331, 42.260, $42.26, -0.011%, 1578900, 4588191.09, 142.71, 1949168896.71
20-Jan-2005, 42.74, $422.90, 99.929400, 42.26017096, 42.220, $42.25, 0.071%, 1276200, 4588191.09, 142.71, 1939741847.28
21-Jan-2005, 42.77, $423.30, 99.928400, 42.29969164, 42.699, $42.73, 0.060%, 889200, 4588191.09, 142.71, 1941555846.16
24-Jan-2005, 42.24, $427.35, 99.925400, 42.70312604, 42.698, $42.77, 0.156%, 2294900, 4788041.91, 148.92, 2045479733.12
25-Jan-2005, 42.69, $424.50, 99.924000, 42.4177776, 42.182, $42.23, 0.113%, 1332500, 4887966.00, 152.03, 2074229323.20
26-Jan-2005, 42.62, $425.80, 99.923100, 42.54725722, 42.642, $42.69, 0.100%, 541800, 4887966.00, 152.03, 2080560878.08
27-Jan-2005, 42.69, $424.50, 99.921900, 42.41684645, 42.586, $42.63, 0.091%, 571200, 4887966.00, 152.03, 2074183791.25
28-Jan-2005, 42.22, $426.80, 99.921000, 42.64628342, 42.646, $42.67, 0.056%, 1149100, 4887966.00, 152.03, 2085403259.08
31-Jan-2005, 42.10, $422.15, 99.917200, 42.18007987, 42.215, $42.24, 0.047%, 1688700, 4887966.00, 152.03, 2062605905.80
01-Feb-2005, 42.16, $420.90, 99.916000, 42.05468121, 42.074, $42.11, 0.073%, 1088900, 4886269.77, 151.98, 2056473996.17
02-Feb-2005, 41.68, $421.60, 99.915000, 42.12416791, 42.149, $42.18, 0.061%, 956500, 4886269.77, 151.98, 2059871810.82
03-Feb-2005, 41.47, $416.50, 99.913800, 41.6141009, 41.669, $41.70, 0.062%, 2446400, 4886269.77, 151.98, 2034929534.13
04-Feb-2005, 41.27, $415.90, 99.912700, 41.55369128, 41.433, $41.48, 0.101%, 1817600, 4886269.77, 151.98, 2031975503.80
07-Feb-2005, 41.26, $414.40, 99.909300, 41.40244122, 41.302, $41.30, -0.016%, 1754000, 4886269.77, 151.98, 2024579375.53
08-Feb-2005, 41.31, $411.10, 99.908100, 41.07224284, 41.227, $41.27, 0.092%, 1296800, 4986177.93, 155.09, 2049504919.39
09-Feb-2005, 41.75, $411.15, 99.907000, 41.07678888, 41.311, $41.30, -0.026%, 3477900, 4986177.93, 155.09, 2049731765.22
10-Feb-2005, 42.08, $415.50, 99.906100, 41.51100078, 41.745, $41.76, 0.035%, 7773800, 4986177.93, 155.09, 2071398938.73
11-Feb-2005, 42.55, $418.85, 99.905100, 41.8452856, 42.030, $42.06, 0.012%, 1896500, 4986177.93, 155.09, 2088079751.49
14-Feb-2005, 42.58, $424.20, 99.902100, 42.37849424, 42.533, $42.55, 0.028%, 2351800, 4986177.93, 155.09, 2114686862.65
15-Feb-2005, 42.52, $424.40, 99.901000, 42.39801428, 42.552, $42.57, 0.030%, 1559900, 4986177.93, 155.09, 2115660912.66
16-Feb-2005, 42.73, $424.40, 99.899900, 42.26765064, 42.452, $42.52, 0.159%, 1820300, 4986177.93, 155.09, 2109155767.06
17-Feb-2005, 42.73, $426.25, 99.898900, 42.58194271, 42.721, $42.73, 0.021%, 1820300, 4986177.93, 155.09, 2124838941.39
18-Feb-2005, 42.75, $427.10, 99.897900, 42.66641003, 42.676, $42.75, 0.161%, 863200, 4986177.93, 155.09, 2129053860.28
21-Feb-2005, HOLIDAY, HOLIDAY, HOLIDAY, HOLIDAY, HOLIDAY, HOLIDAY, HOLIDAY, HOLIDAY, HOLIDAY, HOLIDAY, HOLIDAY
22-Feb-2005, 43.42, $432.85, 99.893900, 43.23909298, 43.553, $43.58, 0.009%, 3314100, 5136018.84, 159.75, 2222489377.51
23-Feb-2005, 43.33, $432.60, 99.892800, 43.21363873, 43.408, $43.41, -0.006%, 1534900, 5076083.15, 157.88, 2195252847.86
24-Feb-2005, 43.33, $433.75, 99.891800, 43.32807524, 43.338, $43.35, 0.016%, 1219300, 5076083.15, 157.88, 2201066221.94
25-Feb-2005, 43.50, $434.25, 99.890700, 43.37756131, 43.452, $43.52, 0.144%, 1100100, 5076083.15, 157.88, 2203580114.42
28-Feb-2005, 43.52, $435.45, 99.887500, 43.49604137, 43.521, $43.54, 0.032%, 755300, 5076083.15, 157.88, 2209598901.77
01-Mar-2005, 43.22, $433.45, 99.886300, 43.2957211, 43.200, $43.23, 0.010%, 3245500, 5074620.61, 157.84, 2199422705.07
02-Mar-2005, 43.25, $431.75, 99.885100, 43.12542995, 43.240, $43.24, -0.011%, 1188000, 5074620.61, 157.84, 2190771841.31
03-Mar-2005, 42.97, $430.20, 99.884000, 42.97012317, 42.940, $42.99, 0.019%, 1914600, 5174504.67, 160.94, 2225852379.71
04-Mar-2005, 43.38, $433.45, 99.883000, 43.29430391, 43.364, $43.39, 0.059%, 865000, 5274387.71, 164.05, 2285939246.38
07-Mar-2005, 43.47, $433.00, 99.879700, 43.24792887, 43.412, $43.45, 0.075%, 1290100, 5274387.71, 164.05, 2283490644.58
08-Mar-2005, 44.03, $433.00, 99.878700, 43.67199853, 43.996, $44.04, 0.088%, 2674900, 5274387.71, 164.05, 2305881522.14
09-Mar-2005, 44.02, $439.50, 99.877700, 43.8962783, 44.006, $44.04, 0.065%, 3024800, 5274387.71, 164.05, 2317723494.50
10-Mar-2005, 44.20, $440.90, 99.876700, 43.96572208, 44.200, $44.19, -0.006%, 2064500, 5274387.71, 164.05, 2321390125.73
11-Mar-2005, 44.43, $443.70, 99.875700, 44.3148644, 44.549, $44.45, -0.233%, 2659300, 5274387.71, 164.05, 2339824840.52
14-Mar-2005, 44.03, $441.95, 99.872300, 44.13859542, 44.038, $44.04, -0.006%, 866600, 5274387.71, 164.05, 2330517838.26
15-Mar-2005, 44.06, $440.65, 99.871200, 44.00825132, 43.988, $44.06, 0.163%, 1254900, 5274387.71, 164.05, 2323635669.45
16-Mar-2005, 44.31, $443.00, 99.870200, 44.24251667, 44.307, $44.30, -0.005%, 2223300, 5274387.71, 164.05, 2336004880.24
17-Mar-2005, 43.82, $438.60, 99.868900, 43.80250433, 43.827, $43.84, 0.018%, 1525200, 5274387.71, 164.05, 2312772228.58
18-Mar-2005, 43.89, $437.15, 99.867700, 43.65718001, 43.871, $43.90, 0.054%, 1205500, 5274387.71, 164.05, 2305099104.76
21-Mar-2005, 43.09, $432.70, 99.864100, 43.2112226, 43.057, $43.08, 0.041%, 3814400, 5274387.71, 164.05, 2281552553.42
22-Mar-2005, 42.65, $432.15, 99.863000, 43.15580812, 42.646, $42.66, 0.021%, 2609300, 5274387.71, 164.05, 2278626668.66
23-Mar-2005, 42.42, $426.15, 99.861500, 42.66586138, 42.421, $42.40, -0.049%, 2618600, 5274387.71, 164.05, 2252757480.85
24-Mar-2005, 42.42, $425.15, 99.860300, 42.45561932, 42.430, $42.41, -0.047%, 1466300, 5274387.71, 164.05, 2241656700.29
25-Mar-2005, HOLIDAY, HOLIDAY, HOLIDAY, HOLIDAY, HOLIDAY, HOLIDAY, HOLIDAY, HOLIDAY, HOLIDAY, HOLIDAY, HOLIDAY
28-Mar-2005, 42.54, $425.15, 99.855900, 42.45375829, 42.545, $42.57, 0.046%, 2609300, 5274387.71, 164.05, 2241558437.51
29-Mar-2005, 42.56, $426.10, 99.854900, 42.54819102, 42.578, $42.56, -0.054%, 581100, 5274387.71, 164.05, 2246544485.90
30-Mar-2005, 42.61, $426.45, 99.853800, 42.58268715, 42.583, $42.60, 0.039%, 1197800, 5274387.71, 164.05, 2248365881.70
31-Mar-2005, 42.82, $427.50, 99.852800, 42.68710774, 42.787, $42.84, 0.112%, 1324300, 5274387.71, 164.05, 2253879288.47
01-Apr-2005, 42.62, $427.15, 99.851700, 42.65167752, 42.552, $42.61, 0.124%, 1363200, 5272503.84, 163.99, 2252006029.73
04-Apr-2005, 42.40, $423.90, 99.848200, 42.32569209, 42.380, $42.40, 0.035%, 1893100, 5272503.84, 163.99, 2234796542.29
05-Apr-2005, 42.45, $424.60, 99.847200, 42.3951281, 42.435, $42.44, 0.011%, 888000, 5372351.06, 167.10, 2280857893.22
06-Apr-2005, 42.63, $425.75, 99.846100, 42.50949876, 42.594, $42.62, 0.049%, 186900, 5362366.45, 166.79, 2282760083.69
07-Apr-2005, 42.57, $428.00, 99.845100, 42.7337106, 42.534, $42.57, 0.072%, 2852700, 5462211.57, 169.89, 2337533970.79
08-Apr-2005, 42.69, $425.20, 99.843900, 42.45364404, 42.633, $42.68, 0.110%, 1002100, 5562055.51, 173.00, 2364667972.49
11-Apr-2005, 42.78, $429.00, 99.840800, 42.83170216, 42.741, $42.80, 0.126%, 514100, 5562055.51, 173.00, 2385725810.12
12-Apr-2005, 42.84, $427.30, 99.839600, 42.6614771, 42.786, $42.83, 0.091%, 2098700, 5562055.51, 173.00, 2376244274.44
13-Apr-2005, 42.90, $427.50, 99.838500, 42.68098083, 42.850, $42.89, 0.081%, 384000, 5711813.33, 177.66, 2441352102.51
14-Apr-2005, 42.31, $423.45, 99.837200, 42.27609716, 42.335, $42.32, -0.035%, 3679800, 5711813.33, 177.66, 2418192757.49
15-Apr-2005, 42.40, $424.60, 99.836200, 42.39046801, 42.410, $42.41, -0.011%, 1810900, 5711813.33, 177.66, 2424734770.09
18-Apr-2005, 42.69, $425.75, 99.833000, 42.50390851, 42.668, $42.68, 0.016%, 909800, 5711813.33, 177.66, 2431223567.00
19-Apr-2005, 43.28, $427.45, 99.832000, 42.67319755, 43.277, $43.27, -0.027%, 1645400, 5711813.33, 177.66, 2440906899.71
20-Apr-2005, 43.40, $433.20, 99.831200, 43.24690064, 43.401, $43.41, 0.020%, 1248100, 5711813.33, 177.66, 2473722716.77
21-Apr-2005, 43.19, $434.00, 99.830200, 43.32631133, 43.151, $43.19, 0.078%, 1550600, 5711813.33, 177.66, 2478265008.06
22-Apr-2005, 43.39, $434.60, 99.829100, 43.38574999, 43.370, $43.40, 0.057%, 1149000, 5711813.33, 177.66, 2481664899.43
25-Apr-2005, 43.44, $432.90, 99.825700, 43.2145688, 43.389, $43.44, 0.105%, 905300, 5711813.33, 177.66, 2471873335.09
26-Apr-2005, 43.64, $437.00, 99.824900, 43.62350392, 43.638, $43.64, -0.006%, 1531400, 5751743.31, 178.90, 2512713825.35
27-Apr-2005, 43.20, $434.35, 99.823600, 43.35840861, 43.198, $43.19, -0.018%, 2762400, 5751743.31, 178.90, 2497444336.02
28-Apr-2005, 43.00, $432.50, 99.822400, 43.17320066, 43.043, $43.02, -0.065%, 2260300, 5751743.31, 178.90, 2486776358.26
29-Apr-2005, 43.35, $435.70, 99.821500, 43.49226533, 43.417, $43.36, -0.143%, 2260300, 5751743.31, 178.90, 2505154482.80
02-May-2005, 42.88, $435.70, 99.818300, 43.49083546, 42.901, $42.89, -0.037%, 1706700, 5751743.31, 178.90, 2505072122.45
03-May-2005, 42.76, $427.90, 99.816500, 42.71148548, 42.711, $42.78, 0.149%, 1268700, 5750026.91, 178.84, 2460181563.43
04-May-2005, 42.90, $428.80, 99.815400, 42.80086059, 42.885, $42.90, 0.023%, 607600, 5750026.91, 178.84, 2465329570.05
05-May-2005, 42.91, $429.15, 99.814300, 42.83533056, 42.945, $42.93, -0.046%, 319300, 5750026.91, 178.84, 2467315040.09
06-May-2005, 42.52, $425.15, 99.813100, 42.43555808, 42.525, $42.54, 0.0235%, 3722700, 5750026.91, 178.84, 2444288145.44
09-May-2005, 42.55, $425.50, 99.809800, 42.46910197, 42.548, $42.54, -0.030%, 600000, 5750026.91, 178.84, 2446220273.52
10-May-2005, 42.64, $427.40, 99.808800, 42.6583055, 42.608, $42.63, 0.039%, 461000, 5750026.91, 178.84, 2457118397.03
11-May-2005, 42.69, $426.10, 99.807700, 42.52806452, 42.637, $42.68, 0.089%, 764200, 5750026.91, 178.84, 2449616516.63
12-May-2005, 42.16, $424.25, 99.806500, 42.3429208, 42.153, $42.17, 0.040%, 1878700, 5750026.91, 178.84, 2438952238.31
13-May-2005, 41.95, $420.00, 99.805200, 41.91819728, 41.903, $41.95, 0.100%, 802600, 5750026.91, 178.84, 2414488163.50
16-May-2005, 41.88, $419.25, 99.801900, 41.84194984, 41.883, $41.87, -0.042%, 874500, 5750026.91, 178.84, 2410096311.03
17-May-2005, 41.86, $420.00, 99.800800, 41.91636062, 41.836, $41.85, 0.033%, 880800, 5750026.91, 178.84, 2414382371.94
18-May-2005, 42.05, $419.75, 99.799700, 41.89094483, 42.065, $42.06, -0.011%, 2207100, 5750026.91, 178.84, 2412918421.98
19-May-2005, 41.98, $420.80, 99.798700, 41.9953028, 41.980, $41.99, 0.011%, 610200, 5750026.91, 178.84, 2418929441.13
20-May-2005, 41.65, $418.00, 99.797400, 41.71533044, 41.665, $41.66, -0.012%, 932800, 5750026.91, 178.84, 2402803033.40
23-May-2005, 41.62, $418.00, 99.794100, 41.71395899, 41.654, $41.63, -0.069%, 5001300, 5710109.25, 177.60, 2386038454.42
24-May-2005, 41.73, $418.30, 99.793000, 41.74344965, 41.738, $41.74, 0.004%, 1683100, 5710109.25, 177.60, 2387725320.06
25-May-2005, 41.87, $418.40, 99.792000, 41.75297479, 41.877, $41.86, -0.040%, 1535100, 5710109.25, 177.60, 2388270157.87
26-May-2005, 41.69, $418.00, 99.790800, 41.71258682, 41.692, $41.70, 0.007%, 341500, 5710109.25, 177.60, 2385959966.38
27-May-2005, 41.69, $418.25, 99.789800, 41.7370862, 41.936, $41.89, -0.109%, 2453200, 5710109.25, 177.60, 2387361330.55
30-May-2005, HOLIDAY, HOLIDAY, HOLIDAY, HOLIDAY, HOLIDAY, HOLIDAY, HOLIDAY, HOLIDAY, HOLIDAY, HOLIDAY, HOLIDAY
31-May-2005, 41.65, $414.45, 99.785000, 41.35591789, 41.660, $41.66, 0.000%, 3198900, 5760001.78, 179.15, 2386236462.52
01-Jun-2005, 41.53, $415.35, 99.784000, 41.44530774, 41.440, $41.52, 0.180%, 1787900, 5758157.38, 179.10, 2391394348.99
02-Jun-2005, 42.10, $420.40, 99.783000, 41.94881314, 42.098, $42.11, 0.016%, 5752600, 5758157.38, 179.10, 2420446518.02
03-Jun-2005, 42.17, $423.55, 99.782000, 42.26270346, 42.162, $42.17, 0.007%, 3350700, 5758157.38, 179.10, 2438557989.54
06-Jun-2005, 42.48, $425.85, 99.778800, 42.49083944, 42.495, $42.49, -0.023%, 2470800, 5758157.38, 179.10, 2451721435.48
07-Jun-2005, 42.38, $424.10, 99.777700, 42.31573488, 42.385, $42.38, -0.011%, 611000, 5758157.38, 179.10, 2441617902.32
08-Jun-2005, 42.34, $424.55, 99.776600, 42.36017829, 42.315, $42.36, 0.094%, 690900, 5758157.38, 179.10, 2444182287.29
09-Jun-2005, 42.27, $422.50, 99.775400, 42.15513706, 42.279, $42.28, -0.009%, 692400, 5758157.38, 179.10, 2432351408.47
10-Jun-2005, 42.62, $422.55, 99.774300, 42.15966477, 42.613, $42.62, 0.016%, 1678000, 5758157.38, 179.10, 2432612657.27
13-Jun-2005, 42.78, $429.10, 99.771400, 42.8119272, 42.796, $42.79, -0.025%, 2331600, 5758157.38, 179.10, 2470248199.34
14-Jun-2005, 42.60, $426.85, 99.770200, 42.58692229, 42.596, $42.60, 0.009%, 825300, 5758157.38, 179.10, 2457265416.01
15-Jun-2005, 42.74, $428.70, 99.769200, 42.77107386, 42.731, $42.75, 0.032%, 2311400, 5758157.38, 179.10, 2467890961.48
16-Jun-2005, 43.46, $433.00, 99.768400, 43.19971788, 43.464, $43.47, 0.013%, 1804700, 5758157.38, 179.10, 2492623721.48
17-Jun-2005, 43.63, $437.50, 99.767500, 43.64831593, 43.663, $43.65, -0.041%, 1816500, 5758157.38, 179.10, 2518507829.30
20-Jun-2005, 43.66, $439.35, 99.764400, 43.83149921, 43.671, $43.67, -0.013%, 1433700, 5758157.38, 179.10, 2529077504.35
21-Jun-2005, 43.81, $435.20, 99.763000, 43.41687517, 43.771, $43.79, 0.031%, 672600, 5758157.38, 179.10, 2505153697.20
22-Jun-2005, 43.72, $437.00, 99.762000, 43.59602796, 43.735, $43.74, 0.011%, 1258500, 5758157.38, 179.10, 2515490813.16
23-Jun-2005, 44.02, $439.15, 99.761100, 43.81010657, 44.039, $44.02, -0.043%, 1565600, 5658396.24, 175.99, 2484033044.20
24-Jun-2005, 43.90, $440.55, 99.760100, 43.94933845, 43.889, $43.91, 0.036%, 473200, 5658396.24, 175.99, 2491927489.84
27-Jun-2005, 43.91, $439.30, 99.756700, 43.82315073, 43.907, $43.89, -0.038%, 1061500, 5638444.88, 175.37, 2476008016.76
28-Jun-2005, 43.45, $437.00, 99.755400, 43.59314339, 43.428, $43.45, 0.039%, 1289600, 5638444.88, 175.37, 2463012601.32
29-Jun-2005, 43.63, $435.80, 99.754200, 43.47291238, 43.607, $43.62, 0.018%, 1199800, 5638444.88, 175.37, 2456219549.69
30-Jun-2005, 43.44, $437.10, 99.753300, 43.60216868, 43.437, $43.44, -0.004%, 987500, 5638444.88, 175.37, 2463522530.24
01-Jul-2005, 43.44, $432.60, 99.751700, 43.15261609, 42.868, $42.72, -0.358%, 1755100, 5636319.23, 175.31, 2438122921.71
04-Jul-2005, HOLIDAY, HOLIDAY, HOLIDAY, HOLIDAY, HOLIDAY, HOLIDAY, HOLIDAY, HOLIDAY, HOLIDAY, HOLIDAY, HOLIDAY
05-Jul-2005, 42.28, $423.75, 99.747200, 42.26788465, 42.252, $42.29, 0.078%, 2582300, 5636319.23, 175.31, 2388135482.84
06-Jul-2005, 42.25, $423.50, 99.746100, 42.24248225, 42.217, $42.25, 0.066%, 1254600, 5636319.23, 175.31, 2386700247.12
07-Jul-2005, 42.36, $425.20, 99.745000, 42.41160583, 42.232, $42.37, 0.313%, 4345200, 5736064.30, 178.41, 2438667332.96
08-Jul-2005, 42.26, $424.40, 99.743900, 42.33133577, 42.196, $42.26, 0.151%, 824200, 5736064.30, 178.41, 2434051806.69
11-Jul-2005, 42.54, $424.20, 99.740600, 42.30999276, 42.499, $42.53, 0.072%, 824200, 5736064.30, 178.41, 2432824583.66
12-Jul-2005, 42.64, $426.25, 99.739600, 42.51403001, 42.603, $42.64, 0.075%, 1274100, 5736064.30, 178.41, 2444556725.51
13-Jul-2005, 42.35, $424.50, 99.738400, 42.33899014, 42.309, $42.35, 0.085%, 980300, 5835802.79, 181.51, 2476830922.31
14-Jul-2005, 41.90, $424.30, 99.737300, 42.31857489, 41.859, $41.89, 0.062%, 980300, 5835802.79, 181.51, 2475636631.19
15-Jul-2005, 42.05, $418.35, 99.736000, 41.72456162, 42.043, $42.04, -0.007%, 1103900, 5835802.79, 181.51, 2440886854.82
18-Jul-2005, 42.01, $420.90, 99.732800, 41.97756823, 41.962, $42.00, 0.078%, 956400, 5835802.79, 181.51, 2455687741.40
19-Jul-2005, 41.89, $419.25, 99.731600, 41.81251044, 41.897, $41.89, -0.016%, 1124800, 5835802.79, 181.51, 2446031860.66
20-Jul-2005, 42.20, $422.15, 99.730700, 42.10134526, 42.196, $42.21, 0.021%, 2266600, 5835802.79, 181.51, 2462928697.47
21-Jul-2005, 42.46, $424.25, 99.729800, 42.31037193, 42.440, $42.45, 0.011%, 1777300, 5935532.60, 184.61, 2517467129.92
22-Jul-2005, 42.45, $425.00, 99.728700, 42.38472507, 42.439, $42.46, 0.037%, 626000, 5935532.60, 184.61, 2521891141.90
25-Jul-2005, 42.51, $425.40, 99.725500, 42.42323392, 42.473, $42.51, 0.087%, 2120100, 5935532.60, 184.61, 2524182418.32
26-Jul-2005, 42.25, $423.25, 99.724200, 42.20829413, 42.223, $42.26, 0.087%, 636900, 6035256.86, 187.72, 2553601793.84
27-Jul-2005, 42.44, $424.00, 99.723200, 42.28264797, 42.432, $42.44, 0.007%, 1527800, 6035256.86, 187.72, 2558100202.21
28-Jul-2005, 42.75, $426.40, 99.722300, 42.52159712, 42.676, $42.74, 0.138%, 3659700, 6035256.86, 187.72, 2572556625.97
29-Jul-2005, 42.82, $429.00, 99.721400, 42.7804947, 42.920, $42.82, -0.233%, 1184300, 6035256.86, 187.72, 2588219929.45
01-Aug-2005, 43.61, $431.65, 99.718300, 43.04343956, 43.113, $43.12, 0.016%, 1493900, 6033300.61, 187.66, 2604128191.46
02-Aug-2005, 43.14, $431.00, 99.717200, 42.9781496, 44.371, $43.13, -0.028%, 699600, 6152961.34, 191.38, 2651751827.87
03-Aug-2005, 43.53, $434.60, 99.716200, 43.33668048, 43.561, $43.54, -0.059%, 1545900, 6152961.34, 191.38, 2673873185.67
04-Aug-2005, 43.68, $438.60, 99.715200, 43.73509657, 43.635, $43.67, 0.080%, 867600, 6152961.34, 191.38, 2698455458.60
05-Aug-2005, 43.60, $438.25, 99.714100, 43.69971432, 43.614, $43.60, -0.043%, 1100600, 6152961.34, 191.38, 2696272373.62
08-Aug-2005, 43.35, $436.20, 99.710700, 43.49384599, 43.344, $43.37, 0.059%, 1108500, 6152961.34, 191.38, 2683570297.50
09-Aug-2005, 43.34, $433.30, 99.709600, 43.20417336, 43.338, $43.34, 0.004%, 1305800, 6152961.34, 191.38, 2665697496.16
10-Aug-2005, 43.65, $436.55, 99.708600, 43.52779884, 43.592, $43.65, 0.121%, 695500, 6152961.34, 191.38, 2685665188.26
11-Aug-2005, 44.45, $440.75, 99.707600, 43.94615739, 44.424, $44.44, 0.036%, 2186100, 6152961.34, 191.38, 2711477910.75
12-Aug-2005, 44.49, $447.25, 99.706800, 44.59387368, 44.484, $44.49, 0.002%, 2428500, 6152961.34, 191.38, 2751442006.36
15-Aug-2005, 44.13, $443.50, 99.703300, 44.21844727, 44.093, $44.12, 0.049%, 1524500, 6152961.34, 191.38, 2728278196.77
16-Aug-2005, 44.55, $443.00, 99.702200, 44.16810131, 44.462, $44.50, 0.074%, 1726800, 6152961.34, 191.38, 2725171850.87
17-Aug-2005, 43.91, $442.00, 99.701100, 44.06789452, 43.878, $43.92, 0.084%, 1989100, 6152961.34, 191.38, 2718989092.05
18-Aug-2005, 43.83, $439.65, 99.699900, 43.83306312, 43.833, $43.84, 0.015%, 1092900, 6152961.34, 191.38, 2704499994.21
19-Aug-2005, 43.60, $439.65, 99.698800, 43.83258275, 43.573, $43.60, 0.061%, 811800, 6152961.34, 191.38, 2704470355.84
22-Aug-2005, 43.70, $439.65, 99.695500, 43.8311417, 43.696, $43.72, 0.043%, 876600, 6152961.34, 191.38, 2704381442.71
23-Aug-2005, 43.76, $439.35, 99.694400, 43.80074453, 43.755, $43.77, 0.034%, 607700, 6152961.34, 191.38, 2702505937.48
24-Aug-2005, 43.59, $440.00, 99.693300, 43.86508431, 43.575, $43.59, 0.022%, 893900, 6152961.34, 191.38, 2706475702.01
25-Aug-2005, 43.73, $438.85, 99.692200, 43.74992243, 43.710, $43.71, 0.001%, 1650600, 6152961.34, 191.38, 2699370214.01
26-Aug-2005, 43.61, $436.75, 99.690900, 43.5400252, 43.624, $43.63, 0.002%, 1301700, 6152961.34, 191.38, 2686419554.65
29-Aug-2005, 43.57, $436.75, 99.687600, 43.53859376, 44.371, $43.63, -0.171%, 1301700, 6152961.34, 191.38, 2686331234.96
30-Aug-2005, 43.01, $430.65, 99.686000, 42.92980783, 43.009, $43.03, 0.037%, 2199400, 6152961.34, 191.38, 2648769142.82
31-Aug-2005, 43.40, $433.25, 99.685200, 43.18861652, 43.378, $43.39, 0.016%, 2416400, 6252646.55, 194.48, 2707926256.63
01-Sep-2005, 44.22, $439.60, 99.684600, 43.82137881, 44.115, $44.20, 0.181%, 2502800, 6250630.06, 194.41, 2747600552.04
02-Sep-2005, 44.22, $443.60, 99.683600, 44.21966005, 44.314, $44.24, -0.167%, 1414900, 6250630.06, 194.41, 2772572685.03
05-Sep-2005, HOLIDAY, HOLIDAY, HOLIDAY, HOLIDAY, HOLIDAY, HOLIDAY, HOLIDAY, HOLIDAY, HOLIDAY, HOLIDAY, HOLIDAY
06-Sep-2005, 44.27, $444.15, 99.679200, 44.27254854, 44.332, $44.27, -0.151%, 1414900, 6250630.06, 194.41, 2775888793.18
07-Sep-2005, 44.33, $445.05, 99.678200, 44.36178434, 44.371, $44.34, -0.069%, 1300700, 6250630.06, 194.41, 2781483877.89
08-Sep-2005, 44.60, $448.55, 99.677200, 44.7102131, 44.540, $44.62, 0.168%, 1061100, 6370242.72, 198.14, 2856982616.39
09-Sep-2005, 44.84, $448.25, 99.676100, 44.6798162, 44.769, $44.84, 0.147%, 1393600, 6469918.83, 201.24, 2899720071.42
12-Sep-2005, 44.89, $448.35, 99.672800, 44.68831624, 44.827, $44.88, 0.106%, 752500, 6469918.83, 201.24, 2900271723.98
13-Sep-2005, 44.56, $445.40, 99.671600, 44.39374251, 44.488, $44.56, 0.150%, 951700, 6469918.83, 201.24, 2881153888.80
14-Sep-2005, 44.96, $449.30, 99.670700, 44.78204501, 44.856, $44.96, 0.220%, 1714800, 6469918.83, 201.24, 2906354721.39
15-Sep-2005, 45.42, $454.80, 99.669800, 45.32984645, 45.414, $45.42, 0.002%, 2150000, 6469918.83, 201.24, 2941907034.50
16-Sep-2005, 45.82, $457.20, 99.668800, 45.56860446, 45.812, $45.82, 0.006%, 2150000, 6569587.69, 204.34, 3002971032.22
19-Sep-2005, 46.25, $464.50, 99.665900, 46.29483718, 46.264, $46.26, -0.019%, 5983800, 6569587.69, 204.34, 3050829770.00
20-Sep-2005, 46.23, $464.80, 99.664800, 46.32423659, 46.244, $46.23, -0.041%, 1848500, 6569587.69, 204.34, 3052767190.96
21-Sep-2005, 47.06, $469.10, 99.664000, 46.75239231, 47.076, $47.08, -0.002%, 3681800, 6569587.69, 204.34, 3080982653.43
22-Sep-2005, 46.36, $466.25, 99.662700, 46.46776585, 46.383, $46.38, -0.017%, 2347300, 6669250.46, 207.44, 3108693536.02
23-Sep-2005, 46.28, $462.65, 99.661400, 46.10837712, 46.218, $46.27, 0.101%, 2348800, 6669250.46, 207.44, 3084650429.62
26-Sep-2005, 46.57, $461.70, 99.658100, 46.01215694, 46.510, $46.55, 0.085%, 1360200, 6669250.46, 207.44, 3078213299.04
27-Sep-2005, 46.25, $464.10, 99.657200, 46.25090569, 46.186, $46.23, 0.095%, 2341000, 6669250.46, 207.44, 3094185590.89
28-Sep-2005, 46.80, $464.00, 99.656100, 46.24042996, 46.733, $46.78, 0.089%, 3448000, 6669250.46, 207.44, 3093484764.27
29-Sep-2005, 47.10, $472.40, 99.655600, 47.07730871, 47.067, $47.09, 0.038%, 2947100, 6669250.46, 207.44, 3149471952.95
30-Sep-2005, 46.70, $473.25, 99.654500, 47.16152824, 46.747, $46.71, -0.089%, 1168500, 6669250.46, 207.44, 3155106238.94
03-Oct-2005, 46.42, $466.10, 99.650700, 46.44720317, 46.432, $46.44, 0.006%, 2194900, 6666956.70, 207.36, 3107318007.04
04-Oct-2005, 46.45, $466.10, 99.649600, 46.5812294, 46.466, $46.46, -0.023%, 1764500, 6666956.70, 207.36, 3116284247.15
05-Oct-2005, 46.36, $463.50, 99.648500, 46.18708379, 46.341, $46.35, 0.008%, 1687500, 6666956.70, 207.36, 3089915905.74
06-Oct-2005, 47.21, $471.80, 99.647500, 47.01370968, 47.178, $47.22, 0.0784%, 2003000, 6666956.70, 207.36, 3145217177.79
07-Oct-2005, 47.36, $472.70, 99.646400, 47.10288348, 47.342, $47.37, 0.048%, 1820500, 6666956.70, 207.36, 3151182904.92
10-Oct-2005, 47.39, $473.20, 99.643200, 47.15116214, 47.350, $47.39, 0.073%, 1284300, 6666956.70, 207.36, 3154412747.30
11-Oct-2005, 47.39, $475.50, 99.64217, 47.37985068, 47.38, $47.39, 0.0105%, 2826900, 6666956.70, 207.36, 3169712010.75
12-Oct-2005, 46.85, $475.10, 99.641000, 47.33946967, 46.955, $46.87, -0.192%, 3930000, 6666956.70, 207.36, 3167010520.72
13-Oct-2005, 47.02, $469.50, 99.639800, 46.78088588, 47.000, $47.01, 0.0213%, 2631900, 6666956.70, 207.36, 3129641265.41
14-Oct-2005, 46.80, $466.00, 99.638500, 46.43158259, 46.825, $46.79, -0.085%, 2438700, 6666956.70, 207.36, 3106272875.26
17-Oct-2005, 47.26, $474.50, 99.635600, 47.27711903, 47.227, $47.25, 0.038%, 1784300, 6666956.70, 207.36, 3162839263.22
18-Oct-2005, 47.00, $472.00, 99.634400, 47.02746477, 47.017, $47.01, -0.025%, 1095900, 6666956.70, 207.36, 3146137392.88
19-Oct-2005, 46.34, $465.90, 99.633000, 46.41905717, 46.319, $46.34, 0.034%, 2947900, 6666956.70, 207.36, 3105434924.50
20-Oct-2005, 45.98, $464.30, 99.631900, 46.25910132, 45.960, $45.97, 0.010%, 1671600, 6666956.70, 207.36, 3094733878.53
21-Oct-2005, 46.52, $462.85, 99.630700, 46.1140954, 46.517, $46.52, -0.004%, 1671600, 6666956.70, 207.36, 3085032982.37
24-Oct-2005, 46.39, $466.10, 99.627600, 46.43645635, 46.361, $46.37, 0.008%, 2051300, 6666956.70, 207.36, 3106598929.53
25-Oct-2005, 47.06, $472.25, 99.626900, 47.04882241, 47.083, $47.08, -0.016%, 3290500, 6666956.70, 207.36, 3147566218.95
26-Oct-2005, 46.93, $473.20, 99.625900, 47.14297854, 46.913, $46.92, 0.004%, 2248400, 6666956.70, 207.36, 3153865264.51
27-Oct-2005, 47.18, $474.40, 99.625900, 47.26204726, 47.182, $47.19, 0.006%, 2248400, 6666956.70, 207.36, 3161830961.97
28-Oct-2005, 47.22, $470.75, 99.623500, 46.89779053, 47.131, $47.21, 0.156%, 1431400, 6696843.76, 208.29, 3151531523.77
31-Oct-2005, 46.40, $470.75, 99.620200, 46.8962487, 46.409, $46.41, -0.008%, 2326100, 6696843.76, 208.29, 3151427912.91
01-Nov-2005, 45.73, $459.50, 99.618300, 45.77462366, 45.709, $45.74, 0.056%, 3452900, 6794072.74, 211.32, 3121829332.65
02-Nov-2005, 46.13, $460.80, 99.617200, 45.90362619, 46.132, $46.12, -0.036%, 960300, 6794072.74, 211.32, 3130627318.58
03-Nov-2005, 45.96, $461.85, 99.616100, 46.007723, 45.937, $45.95, 0.017%, 1694800, 6794072.74, 211.32, 3137726708.53
04-Nov-2005, 45.51, $460.50, 99.615000, 45.8727335, 45.509, $45.51, 0.002%, 1809200, 6794072.74, 211.32, 3128520424.79
07-Nov-2005, 45.77, $456.50, 99.611700, 45.4727504, 45.786, $45.79, -0.002%, 816600, 6794072.74, 211.32, 3101241577.31
08-Nov-2005, 45.91, $456.50, 99.610700, 45.98030766, 45.906, $45.92, 0.019%, 583600, 6794072.74, 211.32, 3135856982.36
09-Nov-2005, 46.56, $462.55, 99.609600, 46.07444157, 46.553, $46.55, -0.006%, 1363200, 6794072.74, 211.32, 3142276915.16
10-Nov-2005, 46.48, $467.00, 99.608600, 46.51724005, 46.457, $46.48, 0.038%, 809800, 6794072.74, 211.32, 3172475771.62
11-Nov-2005, 46.80, $466.75, 99.607500, 46.49182559, 46.756, $46.79, 0.061%, 1467300, 6794072.74, 211.32, 3170742505.19
14-Nov-2005, 46.62, $467.50, 99.604300, 46.56501116, 46.604, $46.62, 0.023%, 705000, 6913597.90, 215.04, 3231611773.75
15-Nov-2005, 46.66, $468.25, 99.603200, 46.6392147, 46.634, $46.65, 0.034%, 1325400, 6913597.90, 215.04, 3236761500.43
16-Nov-2005, 47.78, $475.75, 99.602400, 47.38584215, 47.724, $47.77, 0.085%, 2352500, 6913597.90, 215.04, 3288577445.10
17-Nov-2005, 48.48, $486.15, 99.601600, 48.42135499, 48.441, $48.51, 0.131%, 3965300, 7013199.58, 218.13, 3408863392.86
18-Nov-2005, 48.46, $485.85, 99.600500, 48.3909389, 48.385, $48.45, 0.123%, 1453800, 7112800.15, 221.23, 3455113035.57
21-Nov-2005, 48.99, $488.95, 99.597400, 48.69816363, 48.917, $48.99, 0.138%, 2378800, 7112800.15, 221.23, 3477048882.88
22-Nov-2005, 49.32, $492.60, 99.596500, 49.06123549, 49.240, $49.32, 0.152%, 2799500, 7112800.15, 221.23, 3502972214.27
23-Nov-2005, 49.32, $487.60, 99.595100, 48.56260805, 49.010, $49.17, 0.325%, 1723700, 7272152.44, 226.19, 3545070390.13
24-Nov-2005, HOLIDAY, HOLIDAY, HOLIDAY, HOLIDAY, HOLIDAY, HOLIDAY, HOLIDAY, HOLIDAY, HOLIDAY, HOLIDAY, HOLIDAY
25-Nov-2005, 49.42, $495.90, 99.593300, 49.38836208, 49.398, $49.45, 0.095%, 775000, 7272152.44, 226.19, 3605350431.95
28-Nov-2005, 49.74, $496.00, 99.590100, 49.39670012, 49.675, $49.74, 0.120%, 2168700, 7272152.44, 226.19, 3605959108.43
29-Nov-2005, 49.80, $496.00, 99.589000, 49.39615878, 49.735, $49.79, 0.110%, 2279600, 7371741.47, 229.28, 3655315749.94
30-Nov-2005, 49.10, $495.65, 99.587900, 49.36075149, 49.076, $49.08, 0.008%, 1833300, 7371741.47, 229.28, 3652695610.43
01-Dec-2005, 50.17, $499.75, 99.587000, 49.7686404, 50.127, $50.17, 0.075%, 2556900, 7369639.28, 229.22, 3682879494.80
02-Dec-2005, 50.32, $502.50, 99.586000, 50.0419651, 50.256, $50.30, 0.077%, 1644700, 7369639.28, 229.22, 3703105420.39
05-Dec-2005, 50.78, $505.65, 99.582700, 50.35402412, 50.747, $50.77, 0.035%, 1807100, 7369639.28, 229.22, 3726197785.10
06-Dec-2005, 50.89, $504.25, 99.581600, 50.21404822, 50.667, $50.91, 0.467%, 2493500, 7369639.28, 229.22, 3715839568.11
07-Dec-2005, 51.32, $515.40, 99.580700, 51.32391114, 51.289, $51.34, 0.089%, 2279800, 7369639.28, 229.22, 3797969424.05
08-Dec-2005, 51.90, $515.70, 99.579600, 51.35322527, 51.851, $51.90, 0.084%, 3046000, 7469218.93, 232.32, 3851491895.52
09-Dec-2005, 52.40, $525.50, 99.579600, 52.32862974, 52.329, $52.34, 0.021%, 3553400, 7469218.93, 232.32, 3925074547.72
12-Dec-2005, 52.56, $536.50, 99.575700, 53.42238281, 52.538, $52.55, 0.013%, 7498300, 7469218.93, 232.32, 4006678710.48
13-Dec-2005, 51.65, $522.50, 99.574200, 52.02755843, 51.674, $51.67, -0.017%, 6161400, 7469218.93, 232.32, 3902066882.60
14-Dec-2005, 50.35, $509.50, 99.572700, 50.73233784, 50.309, $50.34, 0.052%, 6982200, 7469218.93, 232.32, 3804925338.21
15-Dec-2005, 50.24, $506.25, 99.571500, 50.40811927, 50.134, $50.17, 0.062%, 4644000, 7469218.93, 232.32, 3780608944.91
16-Dec-2005, 50.09, $507.00, 99.570500, 50.48225822, 50.093, $50.11, 0.034%, 2688000, 7568789.46, 235.41, 3836651625.10
19-Dec-2005, 50.22, $508.75, 99.567300, 50.65487798, 50.171, $50.21, 0.068%, 1985300, 7668356.79, 238.51, 3900425605.50
20-Dec-2005, 49.04, $502.50, 99.565900, 50.03189813, 48.977, $49.05, 0.139%, 4317900, 7668356.79, 238.51, 3852456156.39
21-Dec-2005, 49.37, $489.00, 99.564200, 48.68691241, 49.304, $49.37, 0.134%, 3950800, 7767921.03, 241.61, 3797579168.87
22-Dec-2005, 50.14, $500.00, 99.563600, 49.7818429, 50.125, $50.15, 0.040%, 2965300, 7767921.03, 241.61, 3882983746.49
23-Dec-2005, 50.12, $500.00, 99.562700, 50.13981285, 50.070, $50.14, 0.130%, 2877600, 7767921.03, 241.61, 3910905402.48
26-Dec-2005, HOLIDAY, HOLIDAY, HOLIDAY, HOLIDAY, HOLIDAY, HOLIDAY, HOLIDAY, HOLIDAY, HOLIDAY, HOLIDAY, HOLIDAY
27-Dec-2005, 50.64, $500.00, 99.558400, 50.13816444, 50.577, $50.63, 0.105%, 4400800, 7967037.85, 247.80, 4011009198.88
28-Dec-2005, 51.47, $518.00, 99.558100, 51.57111663, 51.411, $51.46, 0.086%, 4685700, 8166154.13, 253.99, 4228831563.44
29-Dec-2005, 51.47, $513.00, 99.556700, 51.07262069, 51.440, $51.49, 0.087%, 3275200, 8215932.52, 255.54, 4213491208.39
30-Dec-2005, 51.58, $513.00, 99.555600, 51.07206101, 51.470, $51.65, 0.339%, 2635900, 8464821.69, 263.28, 4341125179.91
02-Jan-2006, HOLIDAY, HOLIDAY, HOLIDAY, HOLIDAY, HOLIDAY, HOLIDAY, HOLIDAY, HOLIDAY, HOLIDAY, HOLIDAY, HOLIDAY
03-Jan-2006, 53.12, $530.00, 99.552400, 52.76278442, 53.093, $53.12, 0.041%, 4605300, 8464821.69, 263.28, 4484836676.05
04-Jan-2006, 53.30, $529.50, 99.551300, 52.71241368, 53.220, $53.29, 0.122%, 5284800, 8462451.04, 263.21, 4480555162.69
05-Jan-2006, 52.34, $524.75, 99.550100, 52.23893941, 52.259, $52.34, 0.145%, 7661600, 9069706.96, 282.10, 4758967391.12
06-Jan-2006, 53.72, $535.25, 99.549200, 53.2837114, 53.732, $53.71, -0.041%, 4629800, 9069706.96, 282.10, 4854146108.40
09-Jan-2006, 54.60, $541.50, 99.546000, 53.90418846, 54.597, $54.60, -0.004%, 5393700, 9169253.01, 285.19, 4964575755.12
10-Jan-2006, 54.06, $543.50, 99.545000, 54.10271068, 54.028, $54.07, 0.068%, 5100300, 9169253.01, 285.19, 4982859653.85
11-Jan-2006, 54.53, $544.40, 99.543900, 54.19171861, 54.495, $54.53, 0.064%, 4209500, 9169253.01, 285.19, 4991057284.44
12-Jan-2006, 54.43, $542.50, 99.542800, 54.00196741, 54.444, $54.43, -0.044%, 3601400, 9169253.01, 285.19, 4973581198.13
13-Jan-2006, 54.43, $548.25, 99.541800, 54.57382541, 55.355, $55.44, 0.153%, 4339800, 9169253.01, 285.19, 5026247923.03
16-Jan-2006, HOLIDAY, HOLIDAY, HOLIDAY, HOLIDAY, HOLIDAY, HOLIDAY, HOLIDAY, HOLIDAY, HOLIDAY, HOLIDAY, HOLIDAY
17-Jan-2006, 55.26, $553.25, 99.537600, 55.06918463, 55.198, $55.25, 0.085%, 5127700, 9199114.29, 286.12, 5088392776.96
18-Jan-2006, 54.51, $545.00, 99.536200, 54.24724191, 54.043, $54.09, 0.078%, 4544700, 9199114.29, 286.12, 5012445152.56
19-Jan-2006, 55.59, $554.75, 99.535500, 55.21732254, 55.486, $55.58, 0.160%, 5290700, 9298649.80, 289.22, 5157297927.22
20-Jan-2006, 55.20, $567.25, 99.534900, 56.46116978, 55.097, $55.20, 0.178%, 7270400, 9298649.80, 289.22, 5273473257.58
23-Jan-2006, 55.77, $554.50, 99.531000, 55.18997216, 55.717, $55.77, 0.095%, 4969400, 9338462.22, 290.46, 5176819388.43
24-Jan-2006, 55.73, $557.25, 99.530100, 55.46314654, 55.647, $55.72, 0.122%, 3419100, 9437992.32, 293.55, 5257906294.07
25-Jan-2006, 56.14, $561.75, 99.529200, 55.9105398, 56.049, $56.13, 0.144%, 9979600, 10035167.64, 312.13, 5635782409.20
26-Jan-2006, 55.88, $556.50, 99.527800, 55.3872678, 55.770, $55.88, 0.188%, 4287900, 10035167.64, 312.13, 5583036594.44
27-Jan-2006, 55.63, $561.75, 99.527000, 55.90932007, 55.660, $55.65, -0.027%, 4285300, 10572613.71, 328.84, 5937569793.05
30-Jan-2006, 56.68, $565.00, 99.523900, 56.2310283, 56.639, $56.70, 0.099%, 3966600, 10731852.02, 333.80, 6061704847.16
31-Jan-2006, 56.70, $568.75, 99.523000, 56.60373304, 56.623, $56.72, 0.162%, 5009900, 10731852.02, 333.80, 6101882421.54
01-Feb-2006, 56.70, $568.25, 99.521900, 56.55333659, 56.647, $56.69, 0.067%, 4700800, 10728788.03, 333.70, 6096449840.71
02-Feb-2006, 56.98, $572.15, 99.520800, 56.94086127, 56.936, $57.01, 0.130%, 5113000, 10927829.75, 339.89, 6252106565.17
03-Feb-2006, 56.50, $569.00, 99.519700, 56.62673736, 56.463, $56.47, 0.004%, 5051600, 11027349.50, 342.99, 6274242500.21
06-Feb-2006, 56.72, $569.75, 99.516400, 56.69951848, 56.716, $56.72, -0.002%, 5051600, 11027349.50, 342.99, 6282306647.48
07-Feb-2006, 54.60, $558.70, 99.515200, 55.59915996, 55.434, $54.59, -1.555%, 10187600, 11027349.50, 342.99, 6160386923.70
08-Feb-2006, 54.83, $548.75, 99.513900, 54.6082896, 54.847, $54.84, -0.022%, 5375900, 11027349.50, 342.99, 6050598487.54
09-Feb-2006, 56.18, $560.25, 99.513100, 55.75221398, 56.180, $56.17, -0.027%, 5297200, 11027349.50, 342.99, 6177345309.07
10-Feb-2006, 54.79, $557.00, 99.511900, 55.42815087, 54.826, $54.80, -0.057%, 4324800, 11027349.50, 342.99, 6141439115.89
13-Feb-2006, 53.72, $549.30, 99.508400, 54.65999591, 53.759, $53.74, -0.045%, 5122200, 11027349.50, 342.99, 6056327547.16
14-Feb-2006, 54.49, $539.70, 99.507000, 53.70396915, 54.465, $54.48, 0.018%, 3606600, 11027349.50, 342.99, 5950399781.40
15-Feb-2006, 53.76, $540.50, 99.506000, 53.78299959, 53.758, $53.77, 0.022%, 4813900, 11027349.50, 342.99, 5959156354.46
16-Feb-2006, 54.52, $538.75, 99.504800, 53.60824367, 54.513, $54.52, 0.004%, 5588700, 11027349.50, 342.99, 5939793398.50
17-Feb-2006, 54.52, $551.70, 99.504200, 54.89648841, 54.931, $54.96, 0.044%, 3927200, 11027349.50, 342.99, 6082530915.88
20-Feb-2006, HOLIDAY, HOLIDAY, HOLIDAY, HOLIDAY, HOLIDAY, HOLIDAY, HOLIDAY, HOLIDAY, HOLIDAY, HOLIDAY, HOLIDAY
21-Feb-2006, 55.12, $554.00, 99.499900, 55.12298354, 55.098, $55.12, 0.031%, 3343500, 11027349.50, 342.99, 6107626576.27
22-Feb-2006, 55.34, $553.00, 99.498800, 55.02285573, 55.316, $55.34, 0.034%, 3835700, 11027349.50, 342.99, 6096532414.72
23-Feb-2006, 54.64, $551.20, 99.497600, 54.84311003, 54.629, $54.64, 0.011%, 2418500, 11027349.50, 342.99, 6076616591.83
24-Feb-2006, 55.64, $554.15, 99.496700, 55.136104, 55.613, $55.63, 0.022%, 4905900, 11027349.50, 342.99, 6109080323.27
27-Feb-2006, 55.22, $553.25, 99.493300, 55.04471997, 55.154, $55.19, 0.056%, 2271500, 11027349.50, 342.99, 6098954973.20
28-Feb-2006, 56.07, $556.00, 99.492400, 55.31780699, 55.959, $55.97, 0.020%, 3425800, 11027349.50, 342.99, 6129213014.11
01-Mar-2006, 56.10, $564.25, 99.491800, 56.13827149, 56.078, $56.11, 0.048%, 4266300, 11033329.16, 343.17, 6225734308.05
02-Mar-2006, 56.74, $563.75, 99.490700, 56.08791232, 56.700, $56.76, 0.097%, 3842000, 11033329.16, 343.17, 6220149476.74
03-Mar-2006, 56.28, $565.00, 99.489600, 56.21165754, 56.256, $56.27, 0.025%, 3100200, 11033329.16, 343.17, 6233872821.02
06-Mar-2006, 55.23, $565.25, 99.486300, 56.23468148, 55.239, $55.25, 0.011%, 5427100, 11282045.14, 350.91, 6377012880.93
07-Mar-2006, 54.95, $553.00, 99.485200, 55.01533913, 54.970, $54.97, -0.009%, 4385000, 11282045.14, 350.91, 6238739457.48
08-Mar-2006, 53.97, $544.75, 99.484100, 54.19396151, 54.004, $53.99, -0.035%, 6703400, 11282045.14, 350.91, 6145595235.34
09-Mar-2006, 54.24, $550.10, 99.483000, 54.72562757, 54.322, $54.25, -0.132%, 3798400, 11282045.14, 350.91, 6205886166.36
10-Mar-2006, 53.83, $535.00, 99.481700, 53.22276139, 53.820, $53.83, 0.019%, 6487300, 11282724.52, 350.93, 6035460972.33
13-Mar-2006, 54.31, $543.50, 99.478700, 54.06670772, 54.310, $54.32, 0.009%, 2301300, 11282724.52, 350.93, 6131164655.97
14-Mar-2006, 54.87, $545.80, 99.477700, 54.29495103, 54.837, $54.89, 0.087%, 2662500, 11282724.52, 350.93, 6157047447.13
15-Mar-2006, 55.12, $556.50, 99.476900, 55.35894005, 55.115, $55.13, 0.027%, 2662500, 11282724.52, 350.93, 6277703801.96
16-Mar-2006, 55.34, $552.75, 99.475700, 54.9852315, 55.313, $55.33, 0.022%, 3342200, 11282724.52, 350.93, 6235325251.94
17-Mar-2006, 55.12, $552.75, 99.474600, 54.98462892, 55.094, $55.11, 0.020%, 3342200, 11282724.52, 350.93, 6235256919.60
20-Mar-2006, 55.17, $555.75, 99.471500, 55.28130273, 55.122, $55.18, 0.096%, 1853500, 11282724.52, 350.93, 6268899729.71
21-Mar-2006, 54.83, $547.50, 99.470000, 54.45987277, 54.862, $54.84, -0.049%, 4518700, 11282724.52, 350.93, 6175749572.23
22-Mar-2006, 54.75, $550.75, 99.469100, 54.78263091, 54.762, $54.75, -0.022%, 1077300, 11282724.52, 350.93, 6212350345.62
23-Mar-2006, 54.70, $546.50, 99.467600, 54.35906388, 54.732, $54.70, -0.068%, 4000800, 11282361.21, 350.92, 6164317844.42
24-Mar-2006, 55.71, $556.75, 99.466900, 55.37824714, 55.736, $55.70, -0.065%, 3774900, 11182894.22, 347.82, 6224514978.62
27-Mar-2006, 56.39, $565.00, 99.464100, 56.19722603, 56.407, $56.41, -0.004%, 3774900, 11182894.22, 347.82, 6316568205.51
28-Mar-2006, 56.06, $567.50, 99.463100, 56.4453373, 56.072, $56.04, -0.057%, 4081900, 11182894.22, 347.82, 6344455912.01
29-Mar-2006, 57.07, $565.00, 99.461900, 56.19599159, 57.002, $57.08, 0.128%, 3413800, 11182894.22, 347.82, 6316429454.56
30-Mar-2006, 58.60, $584.00, 99.461800, 58.08570191, 58.354, $58.57, 0.369%, 5536000, 11182894.22, 347.82, 6528832895.05
31-Mar-2006, 58.10, $582.00, 99.460600, 57.88608, 57.916, $58.09, 0.291%, 5873500, 11182894.22, 347.82, 6506395802.87
03-Apr-2006, 58.47, $587.00, 99.457600, 58.38163, 58.456, $58.46, -0.002%, 4850300, 11282351.86, 350.92, 6620477389.30
04-Apr-2006, 58.33, $588.00, 99.456600, 58.48048558, 58.371, $58.39, 0.024%, 5094400, 11278868.61, 350.81, 6631687412.66
05-Apr-2006, 58.66, $586.50, 99.455500, 58.33065802, 58.638, $58.67, 0.046%, 5094400, 11278868.61, 350.81, 6614696619.12
06-Apr-2006, 59.28, $592.50, 99.454400, 58.92677777, 59.205, $59.30, 0.152%, 5642400, 11278868.61, 350.81, 6682296599.32
07-Apr-2006, 58.59, $589.75, 99.453300, 58.65261746, 58.568, $58.59, 0.029%, 3426300, 11278868.61, 350.81, 6651206819.91
10-Apr-2006, 59.60, $597.25, 99.450200, 59.39663792, 59.570, $59.59, 0.025%, 3680500, 11278868.61, 350.81, 6735578740.02
11-Apr-2006, 59.01, $597.75, 99.449100, 59.44571691, 59.023, $59.02, -0.014%, 5011300, 11278868.61, 350.81, 6741144297.95
12-Apr-2006, 59.43, $597.25, 99.448000, 59.39533554, 59.479, $59.45, -0.049%, 3706400, 11278868.61, 350.81, 6735431049.90
13-Apr-2006, 59.43, $593.00, 99.446800, 58.97198034, 59.320, $59.49, 0.277%, 2812400, 11428038.88, 355.45, 6775880543.76
14-Apr-2006, HOLIDAY, HOLIDAY, HOLIDAY, HOLIDAY, HOLIDAY, HOLIDAY, HOLIDAY, HOLIDAY, HOLIDAY, HOLIDAY, HOLIDAY
17-Apr-2006, 61.09, $593.00, 99.442400, 58.96939533, 61.040, $61.09, 0.074%, 6054600, 11428038.88, 355.45, 6775583523.73
18-Apr-2006, 61.85, $614.75, 99.442000, 61.13199645, 61.823, $61.88, 0.084%, 5078700, 11428038.88, 355.45, 7024066392.51
19-Apr-2006, 63.75, $624.75, 99.441200, 62.12592, 63.692, $63.75, 0.091%, 11280600, 11428038.88, 355.45, 7138268552.87
20-Apr-2006, 60.96, $625.00, 99.440100, 62.15010708, 60.971, $60.98, 0.007%, 12971900, 11428038.88, 355.45, 7141047303.68
21-Apr-2006, 63.20, $623.50, 99.439000, 62.00023651, 63.045, $63.20, 0.245%, 7526700, 11428038.88, 355.45, 7123827175.15
24-Apr-2006, 61.65, $622.50, 99.435700, 61.89873852, 61.675, $61.64, -0.065%, 7353900, 11527474.60, 358.54, 7174063791.75
25-Apr-2006, 62.78, $634.75, 99.435100, 63.11643821, 62.778, $62.77, -0.021%, 5593600, 11527474.60, 358.54, 7315195188.23
26-Apr-2006, 63.65, $635.50, 99.434000, 63.19034109, 63.632, $63.63, -0.003%, 5783600, 11527474.60, 358.54, 7323760532.91
27-Apr-2006, 62.96, $638.00, 99.433000, 63.43829718, 63.010, $62.96, -0.079%, 6421100, 11527474.60, 358.54, 7352498643.19
28-Apr-2006, 65.09, $644.00, 99.432200, 64.03435856, 65.053, $65.05, -0.005%, 8374000, 11527474.60, 358.54, 7421582157.51
01-May-2006, 65.16, $644.00, 99.428900, 64.03225335, 65.111, $65.13, 0.021%, 7543500, 11527474.60, 358.54, 7421338162.94
02-May-2006, 66.55, $661.00, 99.428600, 65.72236198, 66.502, $66.53, 0.035%, 6191500, 11527474.60, 358.54, 7617221753.87
03-May-2006, 66.46, $673.60, 99.428100, 66.97483059, 66.432, $66.48, 0.065%, 11547600, 11524191.00, 358.44, 7762382865.72
04-May-2006, 67.48, $673.60, 99.427100, 66.96415351, 67.441, $67.45, 0.013%, 14120500, 11474477.45, 356.89, 7727663316.12
05-May-2006, 67.99, $678.00, 99.426000, 67.41085972, 67.947, $67.96, 0.019%, 9269200, 11375051.40, 353.80, 7711802350.15
08-May-2006, 67.56, $675.50, 99.422700, 67.16006554, 67.602, $67.55, -0.077%, 6519900, 11375051.40, 353.80, 7683111497.36
09-May-2006, 69.68, $691.25, 99.421800, 68.72537059, 69.615, $69.67, 0.079%, 11522300, 11375051.40, 353.80, 7862182395.10
10-May-2006, 70.38, $699.90, 99.420900, 69.58469712, 70.320, $70.36, 0.057%, 10292900, 11375051.40, 353.80, 7960489350.54
11-May-2006, 71.03, $715.50, 99.420000, 71.13506092, 71.507, $71.04, -0.664%, 10292900, 11375051.40, 353.80, 8137850969.51
12-May-2006, 71.12, $725.00, 99.419100, 72.07887755, 71.044, $71.12, 0.107%, 20607900, 11375051.40, 353.80, 8245823591.66
15-May-2006, 67.41, $687.50, 99.415000, 68.34783869, 67.438, $67.43, -0.012%, 18356700, 11235870.35, 349.47, 7723305770.10
16-May-2006, 68.61, $692.00, 99.414000, 68.79453092, 68.636, $68.56, -0.118%, 12221400, 11235870.35, 349.47, 7773781993.58
17-May-2006, 68.15, $699.50, 99.413100, 69.53951244, 68.197, $68.16, -0.062%, 16006300, 11136457.18, 346.38, 7788425393.14
18-May-2006, 67.46, $693.50, 99.411900, 68.94216098, 67.679, $67.48, -0.295%, 12715300, 11076810.03, 344.52, 7680156733.98
19-May-2006, 65.58, $651.50, 99.409400, 64.76527509, 65.515, $65.57, 0.076%, 12715300, 10977400.55, 341.43, 7150086368.72
22-May-2006, 65.30, $652.50, 99.406200, 64.86257772, 65.346, $65.30, -0.078%, 11874700, 10977400.55, 341.43, 7160828580.20
23-May-2006, 66.38, $666.75, 99.405700, 66.27877128, 66.412, $66.36, -0.078%, 9909100, 10977400.55, 341.43, 7317176348.93
24-May-2006, 64.06, $648.50, 99.403800, 64.46341301, 63.888, $64.03, 0.222%, 1105990, 11037042.88, 343.29, 7155438845.83
25-May-2006, 64.70, $642.50, 99.402500, 63.8661162, 64.626, $64.72, 0.138%, 6504200, 11037042.88, 343.29, 7089138898.51
26-May-2006, 64.70, $642.25, 99.401400, 63.84055837, 64.973, $65.08, 0.157%, 5264800, 11037042.88, 343.29, 7086301978.84
29-May-2006, HOLIDAY, HOLIDAY, HOLIDAY, HOLIDAY, HOLIDAY, HOLIDAY, HOLIDAY, HOLIDAY, HOLIDAY, HOLIDAY, HOLIDAY
30-May-2006, 65.11, $660.50, 99.398000, 65.65238898, 65.011, $65.08, 0.106%, 8222400, 11066862.29, 344.22, 7307110894.32
31-May-2006, 64.23, $653.00, 99.396500, 64.90593224, 64.136, $64.14, -0.002%, 8222400, 11166258.82, 347.31, 7288936192.96
01-Jun-2006, 62.56, $625.00, 99.393800, 62.12114, 62.535, $62.58, 0.064%, 11749800, 11305410.18, 351.63, 7063174094.99
02-Jun-2006, 63.50, $632.25, 99.393100, 62.84133699, 63.467, $63.50, 0.052%, 6656900, 11301455.03, 351.51, 7145060015.86
05-Jun-2006, 63.29, $641.80, 99.390000, 63.7885033, 63.231, $63.26, 0.038%, 6008900, 11430662.03, 355.53, 7335677877.67
06-Jun-2006, 62.55, $627.00, 99.388700, 62.31674385, 62.570, $62.56, -0.016%, 7174800, 11430662.03, 355.53, 7166425542.64
07-Jun-2006, 62.28, $617.75, 99.387500, 61.39664819, 62.261, $62.27, 0.014%, 10171000, 11430662.03, 355.53, 7060614541.44
08-Jun-2006, 60.91, $614.00, 99.386300, 61.02324045, 60.933, $60.90, -0.062%, 14216500, 11430662.03, 355.53, 7017672651.99
09-Jun-2006, 60.45, $616.00, 99.385300, 61.22136365, 60.480, $60.47, -0.017%, 7414000, 11430662.03, 355.53, 7040456819.50
12-Jun-2006, 60.03, $609.20, 99.381900, 60.5434583, 60.096, $60.02, -0.135%, 4113300, 11430662.03, 355.53, 6962497704.99
13-Jun-2006, 55.92, $586.50, 99.380200, 58.28650625, 55.906, $55.97, 0.105%, 26170400, 11430662.03, 355.53, 6702948219.21
14-Jun-2006, 55.62, $567.75, 99.378500, 56.42219303, 55.582, $55.60, 0.032%, 12641600, 11530040.62, 358.62, 6544974392.47
15-Jun-2006, 57.32, $569.50, 99.377500, 56.59551739, 57.226, $57.29, 0.112%, 11899300, 11629418.17, 361.71, 6621675531.40
16-Jun-2006, 57.68, $574.00, 99.376600, 57.04217755, 57.539, $57.66, 0.201%, 7306400, 11629418.17, 361.71, 6673934773.33
19-Jun-2006, 56.36, $571.00, 99.373200, 56.74211527, 56.272, $56.39, 0.200%, 5734700, 11698979.43, 363.88, 6678546966.54
20-Jun-2006, 57.30, $567.00, 99.371900, 56.34391, 57.298, $57.28, -0.040%, 5734700, 11758602.62, 365.73, 6665484719.70
21-Jun-2006, 58.33, $574.60, 99.371200, 57.09869885, 58.331, $58.36, 0.050%, 8567400, 11758602.62, 365.73, 6754776073.83
22-Jun-2006, 57.73, $584.50, 99.370500, 58.0820874, 57.649, $57.73, 0.132%, 5374700, 11758602.62, 365.73, 6871110939.05
23-Jun-2006, 57.99, $579.60, 99.369200, 57.59441351, 57.957, $57.97, 0.014%, 5502100, 11758602.62, 365.73, 6813419117.80
26-Jun-2006, 58.28, $583.50, 99.366100, 57.980162, 58.228, $58.26, 0.046%, 3407300, 11758602.62, 365.73, 6859053165.05
27-Jun-2006, 57.68, $588.75, 99.365300, 58.50135236, 57.651, $57.71, 0.094%, 6514100, 11758602.62, 365.73, 6920709984.55
28-Jun-2006, 57.54, $582.75, 99.363900, 57.90433896, 57.536, $57.56, 0.033%, 2898400, 11758602.62, 365.73, 6850083298.62
29-Jun-2006, 59.52, $589.25, 99.363200, 58.54977438, 59.359, $59.46, 0.170%, 2898400, 11758602.62, 365.73, 6926438308.61
30-Jun-2006, 61.23, $613.50, 99.363400, 60.9594573, 61.158, $61.20, 0.069%, 7765700, 11957329.04, 371.91, 7333422713.55
03-Jul-2006, 62.18, $622.95, 99.363400, 61.89673432, 61.997, $62.18, 0.286%, 7765700, 11957329.04, 371.91, 7448818125.47 
04-Jul-2006, HOLIDAY, HOLIDAY, HOLIDAY, HOLIDAY, HOLIDAY, HOLIDAY, HOLIDAY, HOLIDAY, HOLIDAY, HOLIDAY, HOLIDAY
05-Jul-2006, 62.50, $623.00, 99.358500, 61.90034846, 62.407, $62.49, 0.125%, 8178300, 12056689.72, 375.00, 7508512267.79
06-Jul-2006, 63.02, $626.00, 99.357500, 62.19785371, 62.962, $63.01, 0.068%, 5680400, 12092813.17, 376.13, 7569478796.02
07-Jul-2006, 62.63, $631.50, 99.356500, 62.74367778, 62.580, $62.65, 0.112%, 5327500, 12092813.17, 376.13, 7636611516.86 
10-Jul-2006, 62.02, $626.00, 99.353200, 62.19511016, 62.008, $62.05, 0.060%, 3509100, 12331267.62, 383.54, 7718413170.44
11-Jul-2006, 63.81, $630.75, 99.352200, 62.66640987, 63.739, $63.83, 0.143%, 5382900, 12361073.28, 384.47, 7795701388.19
12-Jul-2006, 64.92, $650.00, 99.351500, 64.57848882, 64.832, $64.90, 0.097%, 9438400, 12361073.28, 384.47, 8033564008.84
13-Jul-2006, 65.55, $649.50, 99.350400, 64.52809888, 65.476, $65.51, 0.052%, 9438400, 12460423.70, 387.56, 8091823598.65
14-Jul-2006, 65.85, $663.25, 99.349600, 65.89365127, 65.943, $65.96, 0.018%, 9730600, 12460423.70, 387.56, 8263063869.43
17-Jul-2006, 63.95, $652.50, 99.346000, 64.82331837, 64.013, $63.97, -0.067%, 9904900, 12460423.70, 387.56, 8128844123.18
18-Jul-2006, 62.90, $645.00, 99.344700, 64.07737549, 62.910, $62.88, -0.056%, 7633700, 12460423.70, 387.56, 8035302886.33
19-Jul-2006, 64.08, $641.60, 99.343500, 63.73883454, 64.021, $64.04, 0.030%, 7633700, 12460423.70, 387.56, 7992849851.89
20-Jul-2006, 62.55, $642.50, 99.342500, 63.82756394, 62.471, $62.53, 0.094%, 6400400, 12460423.70, 387.56, 8003976517.46
21-Jul-2006, 61.71, $634.00, 99.341100, 62.98226764, 61.750, $61.70, -0.089%, 6400400, 12460423.70, 387.56, 7897976361.87
24-Jul-2006, 61.14, $605.70, 99.336600, 60.16818643, 61.126, $61.13, 0.007%, 727850, 12460423.70, 387.56, 7545090578.88
25-Jul-2006, 61.55, $618.75, 99.336100, 61.46423158, 61.533, $61.55, 0.019%, 727850, 12460423.70, 387.56, 7707614640.25
26-Jul-2006, 62.00, $614.30, 99.334800, 61.02138673, 61.989, $61.98, -0.023%, 473640, 12460423.70, 387.56, 7652081895.43
27-Jul-2006, 62.90, $639.00, 99.334900, 63.47501698, 62.923, $62.88, -0.076%, 4690400, 12371022.27, 384.78, 7902639617.10
28-Jul-2006, 63.11, $637.10, 99.333700, 63.28552874, 63.022, $63.04, 0.029%, 4690400, 12371022.27, 384.78, 7879048328.10
31-Jul-2006, 63.16, $632.50, 99.330200, 62.8263712, 63.121, $63.16, 0.062%, 3418900, 12371022.27, 384.78, 7821883214.88
01-Aug-2006, 64.32, $637.25, 99.329400, 63.29766432, 64.321, $64.35, 0.045%, 3418900, 12371022.27, 384.78, 7880559207.43
02-Aug-2006, 64.75, $654.40, 99.329200, 65.00107271, 64.708, $64.70, -0.020%, 4669300, 12371022.27, 384.78, 8092633552.06
03-Aug-2006, 64.12, $644.40, 99.327600, 64.00671776, 64.120, $64.08, -0.070%, 3839300, 12466344.84, 387.74, 8032843078.78
04-Aug-2006, 64.28, $652.25, 99.326600, 64.78577511, 64.179, $64.28, 0.157%, 4809300, 12466344.84, 387.74, 8130614782.21
07-Aug-2006, 64.50, $649.75, 99.323300, 64.5353144, 64.495, $64.52, 0.031%, 4809300, 12466344.84, 387.74, 8099181956.68
08-Aug-2006, 63.97, $646.00, 99.322100, 64.1621109, 63.913, $63.95, 0.058%, 5561600, 12466344.84, 387.74, 8052344917.66
09-Aug-2006, 64.63, $649.00, 99.321100, 64.45940476, 64.553, $64.61, 0.088%, 5561600, 12466344.84, 387.74, 8089655297.46
10-Aug-2006, 63.25, $644.75, 99.319900, 64.03653593, 63.182, $63.22, 0.060%, 5561600, 12466344.84, 387.74, 8036585258.73
11-Aug-2006, 62.73, $644.50, 99.318800, 64.01100109, 62.735, $62.72, -0.032%, 5561600, 12506072.82, 388.98, 8058985037.01
14-Aug-2006, 62.25, $624.60, 99.315000, 62.032184, 62.233, $62.26, 0.035%, 5561600, 12506072.82, 388.98, 7809851965.11
15-Aug-2006, 62.01, $625.50, 99.313900, 62.12090326, 61.981, $62.01, 0.047%, 3525900, 12506072.82, 388.98, 7821021719.88
16-Aug-2006, 62.49, $629.75, 99.313000, 62.54238473, 62.448, $62.48, 0.051%, 3331400, 12506072.82, 388.98, 7874086237.08
17-Aug-2006, 61.04, $625.50, 99.311800, 62.11953708, 61.027, $61.02, -0.020%, 4214100, 12506072.82, 388.98, 7820849718.70
18-Aug-2006, 61.05, $613.90, 99.310300, 60.96660171, 61.036, $61.02, -0.026%, 6415100, 12506072.82, 388.98, 7675695155.80
21-Aug-2006, 62.44, $625.00, 99.307500, 62.06718581, 62.332, $62.41, 0.125%, 3590300, 12506072.82, 388.98, 7814258693.98
22-Aug-2006, 62.05, $622.75, 99.306300, 61.84300796, 62.007, $62.02, 0.013%, 4064900, 12506072.82, 388.98, 7786034702.78
23-Aug-2006, 61.80, $628.10, 99.305400, 62.373758, 61.812, $61.82, 0.005%, 3571600, 12555725.55, 390.52, 7884043012.45
24-Aug-2006, 61.75, $623.75, 99.304100, 61.94097946, 61.712, $61.73, 0.021%, 2192300, 12555725.55, 390.52, 7829339804.37
25-Aug-2006, 61.77, $621.25, 99.302900, 61.6919702, 61.811, $61.80, -0.018%, 2192300, 12555725.55, 390.52, 7797865033.48
28-Aug-2006, 61.00, $621.25, 99.299700, 61.68994199, 61.026, $60.98, -0.075%, 3584100, 12555725.55, 390.52, 7797608668.11
29-Aug-2006, 60.94, $613.40, 99.298100, 60.9095083, 60.939, $60.95, 0.010%, 3609300, 12555725.55, 390.52, 7698961849.39
30-Aug-2006, 61.42, $617.75, 99.297300, 61.3409358, 61.410, $61.44, 0.041%, 2900600, 12605374.23, 392.07, 7784164753.79
31-Aug-2006, 62.29, $623.50, 99.296500, 61.91142282, 62.289, $62.28, -0.014%, 4839100, 12605374.23, 392.07, 7856559555.38
01-Sep-2006, 62.14, $621.05, 99.295300, 61.66738083, 62.139, $62.18, 0.058%, 3210200, 12605374.23, 392.07, 7825590627.67
04-Sep-2006, HOLIDAY, HOLIDAY, HOLIDAY, HOLIDAY, HOLIDAY, HOLIDAY, HOLIDAY, HOLIDAY, HOLIDAY, HOLIDAY, HOLIDAY
05-Sep-2006, 63.36, $637.75, 99.292000, 63.32351654, 63.340, $63.38, 0.055%, 4219400, 12605374.23, 392.07, 8035754248.96
06-Sep-2006, 62.86, $635.40, 99.290800, 63.08939229, 62.865, $62.88, 0.024%, 3210400, 12605374.23, 392.07, 8006043881.10
07-Sep-2006, 61.25, $621.50, 99.289600, 61.70849691, 61.222, $61.27, 0.078%, 5401600, 12601187.39, 391.94, 7830808258.05
08-Sep-2006, 60.64, $610.00, 99.288300, 60.56588159, 60.656, $60.62, -0.059%, 3692800, 12601187.39, 391.94, 7685810373.89
11-Sep-2006, 58.50, $588.00, 99.284500, 58.37931133, 58.525, $58.52, -0.017%, 10580000, 12601187.39, 391.94, 7408334608.05
12-Sep-2006, 58.50, $588.00, 99.283500, 58.64677899, 58.349, $58.34, -0.024%, 5824600, 12561473.98, 390.70, 7418817541.42
13-Sep-2006, 58.62, $589.00, 99.282300, 58.47732781, 58.656, $58.64, -0.036%, 3537900, 12660756.37, 393.79, 7455859295.28
14-Sep-2006, 57.19, $584.40, 99.281100, 58.01991173, 57.126, $57.18, 0.086%, 7626700, 12660756.37, 393.79, 7397538746.18
15-Sep-2006, 57.40, $573.60, 99.279700, 56.94684711, 57.408, $57.41, 0.003%, 6440600, 12660756.37, 393.79, 7260723006.98
18-Sep-2006, 58.23, $580.50, 99.276700, 57.63013774, 58.270, $58.27, -0.009%, 4437800, 12660756.37, 393.79, 7347842562.45
19-Sep-2006, 56.92, $580.50, 99.275700, 57.92740307, 56.959, $56.90, -0.104%, 5285600, 12561480.61, 390.70, 7327816485.04
20-Sep-2006, 57.26, $580.25, 99.274500, 57.60404597, 57.321, $57.28, -0.072%, 5380800, 12501915.89, 388.85, 7252349388.00
21-Sep-2006, 57.95, $578.75, 99.273300, 57.45446578, 58.025, $57.98, -0.078%, 5380800, 12501915.89, 388.85, 7233517241.87
22-Sep-2006, 58.50, $589.00, 99.272700, 58.47165372, 58.511, $58.49, -0.036%, 3319400, 12422497.68, 386.38, 7314803879.45
25-Sep-2006, 58.50, $584.75, 99.269200, 58.04771, 58.514, $58.43, -0.152%, 3792300, 12422497.68, 386.38, 7261768358.82
26-Sep-2006, 58.74, $591.00, 99.268500, 58.66769414, 58.727, $58.72, -0.020%, 2763400, 12422497.68, 386.38, 7339328537.43
27-Sep-2006, 59.81, $593.75, 99.267500, 58.94012471, 59.818, $59.84, 0.028%, 2763400, 12422497.68, 386.38, 7373409600.68
28-Sep-2006, 59.79, $603.00, 99.267000, 59.85799872, 59.768, $59.76, -0.013%, 3929300, 12422497.68, 386.38, 7488235640.44
29-Sep-2006, 59.47, $599.25, 99.265700, 59.4849698, 59.460, $59.48, 0.034%, 3200900, 12422497.68, 386.38, 7441569721.79
02-Oct-2006, 59.15, $600.60, 99.262500, 59.61706841, 59.172, $59.18, 0.005%, 2018800, 12422497.68, 386.38, 7458095258.19
03-Oct-2006, 57.11, $582.25, 99.260200, 57.79427011, 57.115, $57.10, -0.035%, 5220400, 12422497.68, 386.38, 7230063191.33
04-Oct-2006, 56.37, $573.60, 99.258500, 56.93469649, 56.275, $56.35, 0.133%, 8149100, 12517589.11, 389.34, 7179465228.97
05-Oct-2006, 56.92, $573.30, 99.257400, 56.90429274, 56.958, $56.91, -0.084%, 8149100, 12517589.11, 389.34, 7175631314.32
06-Oct-2006, 56.99, $560.75, 99.256100, 55.65786625, 56.953, $56.97, 0.021%, 4281000, 12517589.11, 389.34, 7018456933.93
09-Oct-2006, 57.20, $575.25, 99.253100, 57.09539449, 57.179, $57.22, 0.063%, 2688300, 12517589.11, 389.34, 7199729245.64
10-Oct-2006, 57.00, $571.40, 99.252000, 56.71259441, 56.945, $56.97, 0.035%, 3422000, 12517589.11, 389.34, 7151458154.57
11-Oct-2006, 56.88, $574.10, 99.250900, 56.9799913, 56.870, $56.84, -0.053%, 2937500, 12547364.41, 390.26, 7202270900.63
12-Oct-2006, 57.49, $573.00, 99.249800, 56.87017423, 57.465, $57.47, 0.008%, 2777000, 12547364.41, 390.26, 7188390022.04
13-Oct-2006, 58.57, $586.10, 99.249100, 58.16993606, 58.571, $58.55, -0.044%, 3078300, 12547364.41, 390.26, 7352679917.56
16-Oct-2006, 59.17, $595.10, 99.246200, 59.06141796, 59.147, $59.12, -0.046%, 1985800, 12547364.41, 390.26, 7465363230.36
17-Oct-2006, 58.65, $590.00, 99.244900, 58.55451393, 58.590, $58.63, 0.068%, 2656900, 12547364.41, 390.26, 7401290560.97
18-Oct-2006, 58.59, $594.00, 99.244000, 58.95093638, 58.604, $58.55, -0.101%, 3677400, 12547364.41, 390.26, 7451398358.54
19-Oct-2006, 59.41, $597.25, 99.243000, 59.27290496, 59.436, $59.45, 0.024%, 2951900, 12547364.41, 390.26, 7492095186.81
20-Oct-2006, 58.78, $596.60, 99.241900, 59.20773247, 58.771, $58.75, -0.036%, 2951900, 12547364.41, 390.26, 7483857384.18
23-Oct-2006, 57.76, $582.75, 99.238000, 57.83096555, 57.738, $57.75, 0.012%, 3520300, 12547364.41, 390.26, 7309834044.90
24-Oct-2006, 58.17, $575.60, 99.236500, 57.12057963, 58.152, $58.13, -0.038%, 3558200, 12497746.11, 388.72, 7191480974.17
25-Oct-2006, 58.76, $580.75, 99.235700, 57.63117435, 58.717, $58.76, 0.073%, 4380600, 12497746.11, 388.72, 7255764850.54
26-Oct-2006, 59.29, $596.25, 99.235500, 59.16916821, 59.243, $59.30, 0.088%, 5241100, 12497746.11, 388.72, 7449398277.12
27-Oct-2006, 59.40, $596.25, 99.234400, 59.16851978, 59.451, $59.45, -0.002%, 3076600, 12497746.11, 388.72, 7449316639.87
30-Oct-2006, 59.90, $608.50, 99.231800, 60.38258495, 59.945, $59.92, -0.042%, 4675200, 12497746.11, 388.72, 7602167445.59
31-Oct-2006, 60.24, $603.75, 99.230400, 59.91040898, 60.158, $60.21, 0.086%, 4537200, 12497746.11, 388.72, 7542720490.70
01-Nov-2006, 61.36, $614.10, 99.230000, 60.93715715, 61.339, $61.38, 0.059%, 8454900, 12755744.16, 396.74, 7830424689.18
02-Nov-2006, 61.92, $620.75, 99.229300, 61.59660424, 61.874, $61.92, 0.074%, 6678000, 12854973.49, 399.83, 7976760251.98
03-Nov-2006, 62.30, $622.75, 99.228300, 61.79445946, 62.265, $62.30, 0.048%, 7358300, 12954201.85, 402.92, 8064176961.86
06-Nov-2006, 61.89, $626.10, 99.225300, 62.12496507, 61.817, $61.86, 0.070%, 3678000, 12989976.43, 404.03, 8132157928.39
07-Nov-2006, 62.04, $625.75, 99.224200, 62.08955185, 61.990, $62.02, 0.040%, 5327800, 12989976.43, 404.03, 8127522337.78
08-Nov-2006, 61.11, $623.20, 99.223000, 61.83582248, 61.117, $61.14, 0.029%, 5319200, 13168577.97, 409.59, 8205613703.54
09-Nov-2006, 62.95, $625.25, 99.222000, 62.03857625, 62.872, $62.93, 0.084%, 6633500, 13168577.97, 409.59, 8232519068.00
10-Nov-2006, 62.49, $629.30, 99.221000, 62.43979657, 62.414, $62.42, 0.010%, 4436800, 13168577.97, 409.59, 8285761004.91
13-Nov-2006, 62.19, $623.50, 99.217600, 61.862183, 62.149, $62.17, 0.034%, 4436800, 13168577.97, 409.59, 8209111684.10
14-Nov-2006, 61.63, $627.00, 99.216600, 62.20882622, 61.608, $61.65, 0.068%, 5680700, 13267794.60, 412.67, 8317320066.04
15-Nov-2006, 61.84, $617.75, 99.215200, 61.2902256, 61.777, $61.82, 0.061%, 3760200, 13367009.86, 415.76, 8255793389.07
16-Nov-2006, 61.31, $624.75, 99.214400, 61.9841942, 61.364, $61.33, -0.064%, 4344100, 13367009.86, 415.76, 8349270958.23
17-Nov-2006, 61.78, $620.50, 99.213100, 61.56176904, 61.725, $61.74, 0.016%, 3390600, 13367009.86, 415.76, 8292370290.03
20-Nov-2006, 61.78, $625.50, 99.210100, 62.05591673, 61.763, $61.77, 0.011%, 2947200, 13367009.86, 415.76, 8358931984.01
21-Nov-2006, 62.23, $624.50, 99.208900, 61.95600235, 62.213, $62.25, 0.059%, 2925100, 13367009.86, 415.76, 8345473515.88
22-Nov-2006, 62.50, $631.80, 99.208100, 62.67973394, 62.496, $62.50, 0.006%, 2925100, 13466218.05, 418.84, 8505639895.70
23-Nov-2006, HOLIDAY, HOLIDAY, HOLIDAY, HOLIDAY, HOLIDAY, HOLIDAY, HOLIDAY, HOLIDAY, HOLIDAY, HOLIDAY, HOLIDAY
24-Nov-2006, 63.50, $639.50, 99.206300, 63.44246289, 63.313, $63.49, 0.279%, 6885100, 13615027.58, 423.47, 8704305905.62
27-Nov-2006, 63.70, $638.75, 99.203000, 63.36595176, 63.630, $63.68, 0.071%, 5248500, 13674549.41, 425.32, 8731828153.76
28-Nov-2006, 63.57, $637.00, 99.201800, 63.19159843, 63.480, $63.54, 0.087%, 5248500, 13674549.41, 425.32, 8707802263.26
29-Nov-2006, 63.16, $637.50, 99.200800, 63.24052, 63.132, $63.20, 0.108%, 4005900, 14001912.44, 435.50, 8923237754.95
30-Nov-2006, 64.39, $646.70, 99.200200, 64.15277214, 63.132, $64.40, 0.108%, 6367800, 14200312.84, 441.68, 9180261687.43
01-Dec-2006, 64.12, $648.75, 99.199200, 64.35549549, 64.058, $64.11, 0.073%, 6362300, 14200312.84, 441.68, 9209271404.12
04-Dec-2006, 64.12, $646.00, 99.195800, 64.0804906, 64.067, $64.13, 0.098%, 3465200, 14200312.84, 441.68, 9169918204.51
05-Dec-2006, 63.81, $645.90, 99.194700, 64.06987, 63.757, $63.80, 0.067%, 5251300, 14200312.84, 441.68, 9168398011.90
06-Dec-2006, 62.69, $636.00, 99.193000, 63.08676436, 62.630, $62.69, 0.096%, 6383600, 14200312.84, 441.68, 9027715979.86
07-Dec-2006, 62.73, $627.75, 99.191500, 62.26740565, 62.734, $62.77, 0.049%, 5378400, 14195232.96, 441.52, 8910479718.61
08-Dec-2006, 62.05, $637.40, 99.190500, 63.22407, 62.009, $62.04, 0.050%, 6076200, 14195232.96, 441.52, 9047364566.31
11-Dec-2006, 62.57, $626.75, 99.187100, 62.16554541, 62.512, $62.55, 0.061%, 3163800, 14195232.96, 441.52, 8895889547.71
12-Dec-2006, 62.52, $628.00, 99.186000, 62.28886027, 62.487, $62.50, 0.013%, 3016400, 14344012.08, 446.15, 9006969192.60
13-Dec-2006, 62.48, $624.00, 99.184900, 61.8913905, 62.392, $62.46, 0.101%, 3594900, 14433278.50, 448.92, 9005197317.63
14-Dec-2006, 62.12, $627.40, 99.183900, 62.22798103, 62.044, $62.08, 0.050%, 2227300, 14433278.50, 448.92, 9054171239.66
15-Dec-2006, 61.00, $623.75, 99.182700, 61.86523111, 61.007, $61.09, 0.128%, 7426700, 14433278.50, 448.92, 9001391126.66
18-Dec-2006, 61.04, $614.00, 99.179200, 60.89602935, 61.096, $61.09, -0.018%, 3871600, 14433278.50, 448.92, 8860372270.54
19-Dec-2006, 61.80, $620.50, 99.178300, 61.54014057, 61.768, $61.81, 0.068%, 3871600, 14433278.50, 448.92, 8954090452.71
20-Dec-2006, 61.62, $619.25, 99.177100, 61.41547045, 61.584, $61.61, 0.042%, 2979200, 14532456.81, 452.01, 8997366420.68
21-Dec-2006, 61.38, $620.50, 99.176100, 61.53879312, 61.350, $61.38, 0.049%, 2483300, 14532456.81, 452.01, 9015433191.35
22-Dec-2006, 61.65, $620.50, 99.175000, 61.46372129, 61.623, $61.55, -0.127%, 1364900, 14532456.81, 452.01, 9004435168.91
25-Dec-2006, HOLIDAY, HOLIDAY, HOLIDAY, HOLIDAY, HOLIDAY, HOLIDAY, HOLIDAY, HOLIDAY, HOLIDAY, HOLIDAY, HOLIDAY
26-Dec-2006, 61.98, $620.50, 99.170600, 61.46102703, 61.969, $61.98, 0.010%, 1975200, 14532456.81, 452.01, 9004040460.41
27-Dec-2006, 62.22, $628.50, 99.169900, 62.32832348, 62.214, $62.25, 0.058%, 2938300, 14532456.81, 452.01, 9131099389.59
28-Dec-2006, 62.90, $632.00, 99.169000, 62.67482842, 62.942, $62.96, 0.021%, 2538800, 14572124.43, 453.24, 9206932294.97
29-Dec-2006, 63.21, $632.00, 99.168100, 63.04116859, 63.145, $63.19, 0.063%, 2538800, 14572124.43, 453.24, 9260747666.58
01-Jan-2007, HOLIDAY, HOLIDAY, HOLIDAY, HOLIDAY, HOLIDAY, HOLIDAY, HOLIDAY, HOLIDAY, HOLIDAY, HOLIDAY, HOLIDAY
02-Jan-2007, HOLIDAY, HOLIDAY, HOLIDAY, HOLIDAY, HOLIDAY, HOLIDAY, HOLIDAY, HOLIDAY, HOLIDAY, HOLIDAY, HOLIDAY
03-Jan-2007, 62.28, $642.60, 99.163000, 63.72216885, 62.193, $62.27, 0.116%, 8061900, 14572124.43, 453.24, 9360786149.34
04-Jan-2007, 61.65, $628.70, 99.161100, 62.34263619, 61.688, $61.71, 0.028%, 4858600, 14572124.43, 453.24, 9158133255.62
05-Jan-2007, 60.17, $609.50, 99.158900, 60.43738032, 60.184, $60.16, -0.040%, 12499100, 14572124.43, 453.24, 8878251169.67
08-Jan-2007, 60.48, $609.50, 99.155600, 60.43539336, 60.445, $60.47, 0.033%, 3478000, 14566908.36, 453.08, 8877959285.15
09-Jan-2007, 60.85, $609.60, 99.154600, 60.44464716, 60.831, $60.80, -0.059%, 4168400, 14566908.36, 453.08, 8879318667.31
10-Jan-2007, 60.59, $608.40, 99.153500, 60.32499157, 60.587, $60.59, -0.003%, 3765900, 14566908.36, 453.08, 8861741261.23
11-Jan-2007, 60.63, $612.00, 99.152400, 60.68131002, 60.691, $60.67, -0.035%, 4639800, 14566908.36, 453.08, 8914084441.63
12-Jan-2007, 62.17, $619.75, 99.151500, 61.44914265, 62.133, $62.18, 0.076%, 5839700, 14428096.26, 448.76, 8940850256.63
15-Jan-2007, HOLIDAY, HOLIDAY, HOLIDAY, HOLIDAY, HOLIDAY, HOLIDAY, HOLIDAY, HOLIDAY, HOLIDAY, HOLIDAY, HOLIDAY
16-Jan-2007, 61.97, $627.05, 99.147300, 62.1703171, 62.006, $61.95, -0.090%, 3201000, 14428096.26, 448.76, 9045781137.46
17-Jan-2007, 62.64, $626.50, 99.146100, 62.02585219, 62.655, $62.69, 0.056%, 4515900, 14527242.44, 451.84, 9086787345.51
18-Jan-2007, 62.26, $635.00, 99.145300, 62.95728476, 62.243, $62.30, 0.083%, 4458100, 14527242.46, 451.84, 9223242217.08
19-Jan-2007, 63.00, $629.00, 99.144000, 62.36162895, 63.011, $63.02, 0.014%, 4458100, 14527242.46, 451.84, 9135978640.92
22-Jan-2007, 62.72, $639.00, 99.141100, 63.3511885, 62.748, $62.70, -0.085%, 3940800, 14527242.46, 451.84, 9280949115.79
23-Jan-2007, 64.23, $642.50, 99.140100, 63.69755767, 64.163, $64.21, 0.073%, 6306700, 14477672.37, 450.30, 9299843418.53
24-Jan-2007, 64.33, $642.10, 99.139000, 63.65719518, 64.281, $64.35, 0.107%, 5241200, 14477672.37, 450.30, 9293950496.95
25-Jan-2007, 64.06, $651.75, 99.138300, 64.61340173, 64.068, $64.06, -0.020%, 5984600, 14477672.37, 450.30, 9433556652.74
26-Jan-2007, 64.10, $645.50, 99.137000, 63.99293708, 64.068, $64.09, 0.027%, 3492600, 14477672.37, 450.30, 9342968813.11
29-Jan-2007, 63.77, $644.75, 99.133700, 63.91646245, 63.728, $63.76, 0.050%, 3492600, 14477672.37, 450.30, 9331803517.61
30-Jan-2007, 64.22, $645.20, 99.132600, 63.96038449, 64.173, $64.21, 0.058%, 3093900, 14477672.37, 450.30, 9338216129.92
31-Jan-2007, 64.83, $650.50, 99.131800, 64.48523708, 64.747, $64.81, 0.097%, 3093900, 14477672.37, 450.30, 9414844615.98
01-Feb-2007, 65.22, $660.20, 99.131100, 65.44639061, 65.168, $65.21, 0.064%, 6283300, 14596630.40, 454.00, 9633708698.10
02-Feb-2007, 64.28, $645.70, 99.129300, 64.00784172, 64.260, $64.27, 0.016%, 9078500, 14745324.47, 458.63, 9517966062.83
05-Feb-2007, 64.31, $649.40, 99.126300, 64.37263113, 64.268, $64.30, 0.050%, 2552800, 14745324.47, 458.63, 9572210249.49
06-Feb-2007, 64.79, $653.25, 99.125400, 64.75369351, 64.763, $64.75, -0.028%, 2928600, 14745324.47, 458.63, 9628874225.63
07-Feb-2007, 64.63, $653.75, 99.124300, 64.80256412, 64.614, $64.63, 0.017%, 3074900, 14844448.85, 461.71, 9700943848.58
08-Feb-2007, 65.52, $656.00, 99.123400, 65.02496447, 65.481, $65.54, 0.090%, 4729100, 14844448.85, 461.71, 9734237180.76
09-Feb-2007, 66.12, $664.50, 99.122800, 65.86711381, 66.100, $66.14, 0.060%, 6813800, 14840144.92, 461.58, 9860306936.67
12-Feb-2007, 65.67, $664.55, 99.119500, 65.86990491, 65.632, $65.65, 0.027%, 6813800, 14988824.26, 466.20, 9959529620.27
13-Feb-2007, 65.84, $667.80, 99.118500, 66.19135992, 65.839, $65.88, 0.062%, 4142505, 15038383.53, 467.74, 10041229300.25
14-Feb-2007, 66.37, $668.25, 99.117400, 66.23524362, 66.334, $66.38, 0.069%, 4172333, 15038383.53, 467.74, 10047886457.81
15-Feb-2007, 66.41, $664.75, 99.116300, 65.8875582, 66.368, $66.41, 0.063%, 7670600, 15296085.91, 475.76, 10166450235.54
16-Feb-2007, 66.36, $665.10, 99.115200, 65.92153204, 66.308, $66.34, 0.041%, 3200100, 15296085.91, 475.76, 10171692393.79
19-Feb-2007, HOLIDAY, HOLIDAY, HOLIDAY, HOLIDAY, HOLIDAY, HOLIDAY, HOLIDAY, HOLIDAY, HOLIDAY, HOLIDAY, HOLIDAY
20-Feb-2007, 65.31, $663.90, 99.110800, 65.79968, 65.307, $65.31, -0.003%, 3200100, 15296085.91, 475.76, 10152890469.67
21-Feb-2007, 67.28, $661.25, 99.109600, 65.53626067, 67.240, $67.29, 0.074%, 11074400, 15424928.47, 479.77, 10197442163.14
22-Feb-2007, 67.20, $676.60, 99.109000, 67.05720095, 67.166, $67.18, 0.021%, 6561700, 15623146.63, 485.93, 10568214874.66
23-Feb-2007, 67.72, $683.00, 99.108200, 67.69090166, 67.735, $67.73, -0.007%, 8124100, 15672700.73, 487.47, 10701931551.59
26-Feb-2007, 68.10, $685.75, 99.105000, 67.96128505, 68.114, $68.12, 0.009%, 5253800, 15672700.73, 487.47, 10744679165.80
27-Feb-2007, 65.41, $676.20, 99.103500, 67.01384418, 65.373, $65.41, 0.049%, 14903400, 15672700.73, 487.47, 10594888764.18
28-Feb-2007, 66.48, $664.20, 99.101900, 65.82354401, 66.383, $66.43, 0.071%, 8917100, 15474496.75, 481.31, 10275055224.59
01-Mar-2007, 65.82, $670.40, 99.101100, 66.43743401, 65.808, $65.83, 0.033%, 7078723, 15474496.75, 481.31, 10370883449.69
02-Mar-2007, 63.71, $651.90, 99.099200, 64.60278503, 63.705, $63.70, -0.008%, 13717500, 15474496.75, 481.31, 10084494743.58
05-Mar-2007, 62.93, $636.75, 99.095100, 63.09882861, 62.970, $62.94, -0.056%, 9828175, 15474496.75, 481.31, 9849727145.59
06-Mar-2007, 64.15, $643.75, 99.094300, 63.79205313, 64.138, $64.17, 0.050%, 6991400, 15469741.55, 481.16, 9957931885.03
07-Mar-2007, 64.34, $646.40, 99.093400, 64.05397314, 64.267, $64.34, 0.106%, 6131300, 15469741.55, 481.16, 9998825206.60
08-Mar-2007, 64.48, $654.25, 99.092400, 64.83120929, 64.524, $64.48, -0.076%, 4284200, 15667926.37, 487.32, 10249814189.26
09-Mar-2007, 64.25, $652.25, 99.091300, 64.63229825, 64.275, $64.24, -0.054%, 9022800, 15529198.55, 483.01, 10127881132.61
12-Mar-2007, 64.37, $647.75, 99.087900, 64.18422168, 64.496, $64.37, -0.204%, 4551300, 15529198.55, 483.01, 10057667537.15
13-Mar-2007, 63.72, $650.80, 99.086900, 64.48577443, 63.762, $63.71, -0.082%, 4330600, 15529198.55, 483.01, 10104920852.66
14-Mar-2007, 63.94, $643.25, 99.085600, 63.73685992, 63.865, $63.96, 0.141%, 7408700, 15331027.21, 476.84, 9860092235.18
15-Mar-2007, 63.95, $648.50, 99.084700, 64.2564395, 64.063, $63.95, -0.177%, 7000200, 15331027.21, 476.84, 9940471190.17
16-Mar-2007, 64.62, $653.20, 99.083700, 64.72150803, 64.815, $64.64, -0.271%, 5040100, 15331027.21, 476.84, 10012417291.73
19-Mar-2007, 64.76, $655.00, 99.080500, 64.89776126, 64.764, $64.78, 0.017%, 2989300, 15331027.21, 476.84, 10039683666.50
20-Mar-2007, 65.27, $659.00, 99.079500, 65.29345236, 65.199, $65.28, 0.124%, 4314600, 15331027.21, 476.84, 10100897079.35
21-Mar-2007, 65.82, $658.75, 99.078500, 65.26796, 65.867, $65.82, -0.079%, 5025400, 15331027.21, 476.84, 10100786384.59
22-Mar-2007, 65.78, $663.00, 99.077500, 65.68842385, 65.767, $65.77, -0.003%, 4719700, 15410289.26, 479.31, 10214549907.66
23-Mar-2007, 65.15, $656.25, 99.076200, 65.01877592, 65.103, $65.15, -0.064%, 5591800, 15410289.26, 479.31, 10110419654.85
26-Mar-2007, 65.84, $663.00, 99.073200, 65.68556639, 65.795, $65.83, -0.053%, 3907400, 15410289.26, 479.31, 10214105573.66
27-Mar-2007, 65.70, $664.00, 99.072200, 65.783947, 65.640, $65.67, -0.046%, 3222400, 15410289.26, 479.31, 10229403758.64
28-Mar-2007, 66.05, $666.75, 99.071200, 66.05575233, 66.006, $66.08, -0.112%, 6310000, 15410289.26, 479.31, 10271669486.62
29-Mar-2007, 65.65, $661.00, 99.069900, 65.48520082, 65.574, $65.65, -0.116%, 5386400, 15558894.11, 483.93, 10281176534.06
30-Mar-2007, 65.74, $661.75, 99.068800, 65.55880832, 65.767, $65.80, -0.043%, 4289600, 15558894.11, 483.93, 10292732906.33
02-Apr-2007, 65.84, $658.25, 99.065400, 65.20980246, 65.809, $65.86, -0.077%, 5375500, 15558894.11, 483.93, 10237938986.22
03-Apr-2007, 65.83, $664.25, 99.064600, 65.80368873, 65.833, $65.85, -0.026%, 4136100, 15598519.96, 485.16, 10357500606.07
04-Apr-2007, 66.81, $672.25, 99.063900, 66.59576805, 66.769, $66.79, -0.031%, 7122600, 15702424.81, 488.40, 10555429488.65
05-Apr-2007, 66.86, $673.50, 99.062900, 66.71887462, 66.833, $66.85, -0.025%, 3592000, 15900550.65, 494.56, 10708379381.84
06-Apr-2007, HOLIDAY, HOLIDAY, HOLIDAY, HOLIDAY, HOLIDAY, HOLIDAY, HOLIDAY, HOLIDAY, HOLIDAY, HOLIDAY, HOLIDAY
09-Apr-2007, 66.53, $673.50, 99.058500, 66.71595004, 66.548, $66.53, 0.027%, 3296400, 15900550.65, 494.56, 10707909981.13
10-Apr-2007, 67.16, $677.40, 99.057500, 67.10158319, 67.131, $67.15, -0.021%, 2736700, 15900550.65, 494.56, 10769804102.11
11-Apr-2007, 67.10, $678.20, 99.056400, 67.18010204, 67.076, $67.10, -0.028%, 4355700, 15900550.65, 494.56, 10782406377.98
12-Apr-2007, 66.98, $677.25, 99.055300, 67.08525145, 66.991, $66.99, 0.001%, 6021700, 15900550.65, 494.56, 10767182857.04
13-Apr-2007, 67.85, $681.75, 99.054300, 67.53032, 67.758, $67.81, -0.077%, 5060100, 15900550.65, 494.56, 10838616554.29
16-Apr-2007, 68.40, $686.50, 99.051200, 67.99867295, 68.345, $68.40, -0.073%, 7911500, 15900550.65, 494.56, 10913787007.98
17-Apr-2007, 68.00, $686.50, 99.050100, 68.1465294, 67.997, $68.00, 0.004%, 4154700, 16098651.03, 500.72, 11073811030.87
18-Apr-2007, 68.38, $688.75, 99.049100, 68.22008326, 68.220, $68.36, 0.205%, 4902700, 16098651.03, 500.72, 11085763529.98
19-Apr-2007, 67.53, $681.90, 99.047800, 67.54072302, 67.526, $67.55, -0.036%, 5342000, 16098651.03, 500.72, 10975367491.12
20-Apr-2007, 68.70, $691.40, 99.047000, 68.48112444, 68.575, $68.55, 0.036%, 3432200, 15910461.65, 494.87, 10998068587.29
23-Apr-2007, 68.26, $688.70, 99.043600, 68.21139001, 68.261, $68.23, 0.045%, 2487500, 15910461.65, 494.87, 10954749235.21
24-Apr-2007, 67.73, $688.40, 99.042500, 68.18092215, 67.755, $67.76, -0.007%, 5072400, 15860940.36, 493.33, 10915765637.50
25-Apr-2007, 67.89, $684.00, 99.041300, 67.74427633, 67.779, $67.88, -0.149%, 2613000, 15860940.36, 493.33, 10845858639.89
26-Apr-2007, 66.87, $673.00, 99.039800, 66.65378732, 66.832, $66.85, -0.019%, 4647400, 15860940.36, 493.33, 10671271349.25
27-Apr-2007, 67.56, $677.50, 99.038900, 67.09886229, 67.510, $67.50, 0.022%, 5231100, 15860940.36, 493.33, 10742527853.23
30-Apr-2007, 67.09, $677.00, 99.035600, 67.04712239, 67.102, $67.09, 0.025%, 2605000, 15860940.36, 493.33, 10734244294.83
01-May-2007, 66.69, $673.60, 99.034300, 66.70955686, 66.695, $66.67, 0.045%, 3940900, 15860940.36, 493.33, 10680200053.05
02-May-2007, 66.66, $669.50, 99.033000, 66.30264751, 66.605, $66.65, -0.060%, 4498900, 15623260.96, 485.93, 10455927514.02
03-May-2007, 67.49, $674.20, 99.032200, 66.76754249, 67.461, $67.47, -0.013%, 4498900, 15623260.96, 485.93, 10529241450.33
04-May-2007, 68.19, $688.80, 99.031900, 68.21320971, 68.169, $68.17, 0.006%, 3312600, 15618263.31, 485.78, 10757223171.38
07-May-2007, 68.25, $688.80, 99.028700, 68.21096711, 68.236, $68.25, -0.013%, 1992100, 15618263.31, 485.78, 10756869513.11
08-May-2007, 67.88, $684.25, 99.027500, 67.75960248, 67.854, $67.85, 0.013%, 2475300, 15618263.31, 485.78, 10685689310.33
09-May-2007, 67.45, $683.00, 99.026400, 67.63506399, 67.412, $67.43, -0.027%, 4646300, 15618263.31, 485.78, 10666049591.70
10-May-2007, 66.00, $673.50, 99.025200, 66.69347386, 66.015, $66.00, 0.030%, 5534900, 15440017.95, 480.23, 10397512578.12
11-May-2007, 66.45, $669.00, 99.024000, 66.24707706, 66.470, $66.47, 0.00%, 2937300, 15440017.95, 480.23, 10327919313.43
14-May-2007, 66.28, $670.20, 99.020800, 66.36374324, 66.280, $66.26, 0.030%, 5534900, 15529139.57, 483.01, 10405834940.67
15-May-2007, 66.54, $668.25, 99.019670, 67.63506399, 66.566, $66.55, 0.032%, 2566300, 15618263.31, 485.78, 10666049591.70
16-May-2007, 65.60, $667.75, 99.018500, 66.11965067, 65.585, $65.63, -0.061%, 7266400, 15360808.01, 477.77, 10255157820.47
17-May-2007, 65.06, $656.75, 99.017160, 65.02951901, 65.079, $65.06, 0.037%, 8706900, 15083559.96, 469.15, 9903995743.31
18-May-2007, 65.52, $657.00, 99.016080, 65.05356569, 65.514, $65.51, 0.014%, 3154000, 15083559.96, 469.15, 9907658055.04
21-May-2007, 65.67, $658.00, 99.012860, 65.15046436, 65.675, $65.67, 0.008%, 10953600, 15083559.96, 469.15, 9922415722.04
22-May-2007, 65.22, $662.00, 99.011930, 65.54589995, 65.244, $65.22, 0.037%, 5886000, 15083559.96, 469.15, 9982640561.86
23-May-2007, 65.54, $662.05, 99.010850, 65.5501335, 65.501, $65.56, -0.090%, 5886000, 15083559.96, 469.15, 9983285332.78
24-May-2007, 64.75, $659.00, 99.009640, 65.2473511, 64.762, $64.73, 0.049%, 6222600, 15182569.60, 472.23, 10002418925.97
25-May-2007, 64.94, $655.30, 99.008390, 64.88019842, 64.945, $64.97, -0.031%, 4201600, 15182569.60, 472.23, 9946134418.52
28-May-2007, HOLIDAY, HOLIDAY, HOLIDAY, HOLIDAY, HOLIDAY, HOLIDAY, HOLIDAY, HOLIDAY, HOLIDAY, HOLIDAY, HOLIDAY
29-May-2007, 65.07, $660.15, 99.047840, 67.54072302, 65.144, $65.08, 0.098%, 3343100, 15182569.60, 472.23, 10353992839.32
30-May-2007, 64.72, $652.65, 99.002820, 64.61418957, 64.703, $64.72, -0.026%, 2740200, 14905361.70, 463.60, 9724435527.99
31-May-2007, 65.54, $659.10, 99.002090, 65.25227567, 65.455, $65.53, -0.114%, 7530700, 15053864.84, 468.22, 9918345904.49
01-Jun-2007, 66.44, $666.50, 99.001410, 65.98443809, 66.455, $66.45, 0.008%, 5634500, 15360769.21, 477.77, 10234186352.53
04-Jun-2007, 66.54, $671.10, 98.998420, 66.43783787, 66.428, $66.50, -0.101%, 2626300, 15360769.21, 477.77, 10304508653.78
05-Jun-2007, 66.37, $671.50, 98.997360, 66.47672449, 66.338, $66.35, -0.011%, 3728100, 15360769.21, 477.77, 10310539967.99
06-Jun-2007, 66.41, $669.70, 98.996160, 66.29772981, 66.377, $66.41, -0.050%, 3592400, 15360769.21, 477.77, 10282777896.22
07-Jun-2007, 65.26, $668.75, 98.995020, 66.20291836, 65.272, $65.28, -0.012%, 6394200, 15355634.11, 477.61, 10268072637.41
08-Jun-2007, 64.22, $655.25, 98.993730, 64.8656436, 64.212, $64.21, 0.011%, 7313100, 15108149.79, 469.91, 9898497217.94
11-Jun-2007, 64.70, $650.30, 98.990380, 64.37344213, 64.705, $64.69, 0.023%, 4603500, 15108149.74, 469.91, 9823387237.09
12-Jun-2007, 64.10, $647.25, 98.989220, 64.07077478, 64.091, $64.09, 0.009%, 4072900, 15207139.00, 472.99, 9841271033.59
13-Jun-2007, 64.53, $647.65, 98.988150, 64.1096743, 64.506, $64.50, 0.017%, 2800600, 15207139.00, 472.99, 9847245972.97
14-Jun-2007, 64.60, $653.25, 98.987210, 64.6633926, 64.594, $64.57, 0.037%, 2165100, 15207139.00, 472.99, 9932297103.11
15-Jun-2007, 64.85, $653.10, 98.986120, 64.6478334, 64.861, $64.86, 0.002%, 3031500, 15207139.00, 472.99, 9929907210.16
18-Jun-2007, 64.98, $656.00, 98.982960, 64.93281882, 64.958, $64.96, 0.005%, 1785000, 15256630.48, 474.53, 10006147381.71
19-Jun-2007, 65.48, $656.30, 98.981880, 64.96180833, 65.457, $65.48, -0.027%, 1785000, 15256630.48, 474.53, 10010614664.28
20-Jun-2007, 64.71, $657.70, 98.980840, 65.09970154, 64.719, $64.72, -0.002%, 2584200, 15256630.48, 474.53, 10031864007.51
21-Jun-2007, 64.56, $650.50, 98.979500, 64.3861618, 64.530, $64.55, -0.023%, 2708800, 15256630.48, 474.53, 9921907533.60
22-Jun-2007, 64.78, $652.85, 98.978500, 64.61811479, 64.727, $64.75, -0.036%, 1889800, 15256630.48, 474.53, 9957651489.09
25-Jun-2007, 64.43, $650.75, 98.975160, 64.40808271, 64.408, $64.44, -0.050%, 3423100, 15256630.48, 474.53, 9925285544.92
26-Jun-2007, 63.62, $647.00, 98.973900, 64.03611316, 63.615, $63.58, 0.055%, 8273400, 14900324.44, 463.45, 9637435029.45
27-Jun-2007, 63.67, $642.10, 98.972570, 63.55028986, 63.679, $63.69, -0.017%, 4682700, 14900324.44, 463.45, 9564318624.08
28-Jun-2007, 64.26, $647.25, 98.971750, 64.05946604, 64.272, $64.28, -0.005%, 4231400, 14930015.97, 464.37, 9660167479.12
29-Jun-2007, 64.27, $650.50, 98.970830, 64.38052808, 64.257, $64.27, -0.012%, 2756400, 14930015.97, 464.37, 9708583634.41
02-Jul-2007, 64.27, $654.75, 98.968320, 64.79917987, 64.280, $64.30, 0.023%, 2756400, 14930015.97, 464.37, 9771716324.07
03-Jul-2007, 64.74, $654.25, 98.966710, 64.74896758, 64.645, $64.73, -0.131%, 2702300, 14930015.97, 464.37, 9764144310.58
04-Jul-2007, HOLIDAY, HOLIDAY, HOLIDAY, HOLIDAY, HOLIDAY, HOLIDAY, HOLIDAY, HOLIDAY, HOLIDAY, HOLIDAY, HOLIDAY
05-Jul-2007, 64.42, $651.00, 98.964340, 64.42578448, 64.371, $64.40, -0.045%, 4324000, 14925042.21, 464.22, 9715408299.32
06-Jul-2007, 64.96, $648.75, 98.963230, 64.20239292, 64.910, $64.96, -0.077%, 4324000, 15221931.90, 473.45, 9874328038.52
09-Jul-2007, 65.38, $661.25, 98.960180, 65.43742178, 65.437, $65.41, -0.041%, 8077400, 15469332.35, 481.15, 10227869017.71
10-Jul-2007, 65.61, $661.70, 98.959110, 65.48124155, 65.645, $65.64, 0.015%, 4015800, 15469332.35, 481.15, 10234718054.74
11-Jul-2007, 65.44, $663.00, 98.958050, 65.60918621, 65.401, $65.42, -0.029%, 3646000, 15469332.35, 481.15, 10254715805.10
12-Jul-2007, 66.02, $667.25, 98.957050, 66.02909384, 66.044, $66.06, -0.024%, 5870500, 15588080.81, 484.84, 10399582276.58
13-Jul-2007, 66.03, $666.50, 98.955950, 65.95414207, 65.994, $66.07, -0.115%, 3815400, 15588080.81, 484.84, 10387777376.06
16-Jul-2007, 65.82, $666.00, 98.952690, 65.90248831, 65.828, $65.85, -0.033%, 4579600, 15687033.50, 487.92, 10445544400.35
17-Jul-2007, 65.75, $666.50, 98.951620, 65.95125148, 65.763, $65.78, -0.026%, 1876500, 15687033.50, 487.92, 10453273359.41
18-Jul-2007, 66.62, $666.75, 98.950540, 65.97527141, 66.594, $66.65, -0.084%, 8538200, 15736508.77, 489.46, 10490068154.65
19-Jul-2007, 67.01, $674.50, 98.949700, 66.74157108, 66.999, $67.05, -0.076%, 4607500, 15983883.02, 497.15, 10778763733.04
20-Jul-2007, 67.58, $681.60, 98.948840, 67.44352901, 67.612, $67.61, 0.003%, 5406600, 15983883.02, 497.15, 10892129935.34
23-Jul-2007, 67.47, $682.00, 98.945600, 67.48089984, 67.451, $67.48, -0.043%, 3892000, 15983883.02, 497.15, 10898165324.96
24-Jul-2007, 67.47, $682.00, 98.944600, 67.70779208, 67.480, $67.50, -0.030%, 3762100, 15983883.02, 497.15, 10934808421.06
25-Jul-2007, 66.90, $674.75, 98.943140, 66.76188345, 66.846, $66.86, -0.021%, 3762100, 15983883.02, 497.15, 10782044177.56
26-Jul-2007, 65.65, $670.00, 98.941850, 66.29104276, 65.623, $65.67, -0.072%, 10700700, 15964094.65, 496.53, 10692745197.97
27-Jul-2007, 65.41, $660.50, 98.940340, 65.35009783, 65.429, $65.45, -0.032%, 5341800, 15964094.65, 496.53, 10540970780.05
30-Jul-2007, 65.77, $661.50, 98.937140, 65.44691972, 65.793, $65.81, -0.026%, 3045800, 15964094.65, 496.53, 10556588151.06
31-Jul-2007, 65.79, $665.50, 98.936260, 65.84208395, 65.748, $65.79, -0.056%, 4006500, 15964094.65, 496.53, 10620328141.21
01-Aug-2007, 65.93, $665.75, 98.935190, 65.86610498, 65.921, $65.93, -0.014%, 6362800, 16290580.78, 506.69, 10841560873.04
02-Aug-2007, 65.89, $666.25, 98.934140, 65.91486794, 65.870, $65.89, -0.030%, 5318300, 16285132.92, 506.52, 10849587262.54
03-Aug-2007, 66.69, $670.50, 98.933070, 66.33462588, 66.696, $66.71, -0.021%, 10729700, 16285132.92, 506.52, 10918679419.39
06-Aug-2007, 66.52, $671.50, 98.929830, 66.43138158, 66.476, $66.50, -0.036%, 2972000, 16384062.75, 509.60, 11001036788.33
07-Aug-2007, 66.51, $668.00, 98.928710, 66.08437583, 66.490, $66.48, 0.015%, 4146900, 16384062.75, 509.60, 10943572637.80
08-Aug-2007, 66.77, $675.50, 98.92752, 66.82567532, 66.835, $66.81, -0.037%, 4252100, 16374169.98, 509.29, 11059649264.77
09-Aug-2007, 65.46, $662.60, 98.926440, 65.54866215, 65.410, $65.43, -0.023%, 9402100, 16374169.98, 509.29, 10848303585.19
10-Aug-2007, 66.57, $668.50, 98.925460, 66.13166915, 66.557, $66.60, -0.057%, 8822200, 16374169.98, 509.29, 10944791243.85
13-Aug-2007, 66.26, $668.75, 98.922210, 66.1542291, 66.258, $66.29, -0.048%, 3639900, 16374169.98, 509.29, 10948524916.65
14-Aug-2007, 66.29, $668.35, 98.921120, 66.11392953, 66.233, $66.31, -0.116%, 4746100, 16403846.32, 510.21, 10961689515.77
15-Aug-2007, 66.13, $667.25, 98.920010, 66.00437488, 66.098, $66.10, -0.003%, 5584200, 16403846.32, 510.21, 10943525354.46
16-Aug-2007, 64.68, $662.25, 98.918790, 65.5089692, 64.549, $64.60, -0.079%, 18338200, 16304927.53, 507.14, 10795878124.00
17-Aug-2007, 65.01, $657.50, 98.917570, 65.03830252, 65.014, $65.07, -0.078%, 6369100, 16304927.53, 507.14, 10718312255.99
20-Aug-2007, 65.12, $659.50, 98.914390, 65.23403747, 65.120, $65.15, -0.046%, 4409700, 16532430.62, 514.21, 10900607667.13
21-Aug-2007, 65.07, $657.50, 98.913230, 65.03545009, 65.045, $65.07, -0.038%, 4478300, 16532430.62, 514.21, 10867423709.52
22-Aug-2007, 65.40, $659.50, 98.912220, 65.23260989, 65.396, $65.44, -0.060%, 4227400, 16532430.62, 514.21, 10900369113.35
23-Aug-2007, 65.31, $660.75, 98.911180, 65.35556534, 65.291, $65.24, 0.086%, 3026600, 16532430.62, 514.21, 10920914969.06
24-Aug-2007, 66.11, $660.85, 98.910100, 65.36474275, 66.151, $66.11, 0.070%, 3646800, 16571994.66, 515.44, 10948594408.56
27-Aug-2007, 65.98, $660.85, 98.906850, 65.36259378, 65.956, $66.00, -0.059%, 1863700, 16571994.66, 515.44, 10948234458.69
28-Aug-2007, 65.59, $666.00, 98.906000, 65.8713989, 65.525, $65.55, -0.038%, 3472000, 16571994.66, 515.44, 11033459315.25
29-Aug-2007, 66.07, $664.25, 98.904840, 65.69753867, 65.999, $66.07, -0.100%, 4468700, 16571994.66, 515.44, 11004337727.78
30-Aug-2007, 65.78, $666.00, 98.903840, 65.86995705, 65.756, $65.80, -0.059%, 3027700, 16571994.66, 515.44, 11033217805.14
31-Aug-2007, 66.52, $672.00, 98.903050, 66.46285237, 66.532, $66.56, -0.035%, 4082100, 16571994.66, 515.44, 11132527771.49
03-Sep-2007, HOLIDAY, HOLIDAY, HOLIDAY, HOLIDAY, HOLIDAY, HOLIDAY, HOLIDAY, HOLIDAY, HOLIDAY, HOLIDAY, HOLIDAY
04-Sep-2007, 67.44, $678.75, 98.899090, 67.12775831, 67.464, $67.47, -0.009%, 6581800, 16571994.66, 515.44, 11243899516.38
05-Sep-2007, 67.56, $680.25, 98.898090, 67.27542696, 67.478, $67.54, -0.084%, 6267400, 16987366.64, 528.36, 11551190803.17
06-Sep-2007, 68.86, $688.15, 98.897450, 68.05627805, 68.813, $68.89, -0.105%, 15867300, 17436962.00, 542.35, 11998321832.56
07-Sep-2007, 69.39, $701.00, 98.896500, 69.32644838, 69.257, $69.31, -0.069%, 14353900, 17664423.95, 549.42, 12381703677.20
10-Sep-2007, 69.62, $703.50, 98.893290, 69.57142882, 69.552, $69.58, -0.040%, 7595700, 17961103.82, 558.65, 12634171476.38
11-Sep-2007, 70.52, $704.15, 98.892220, 69.6349538, 70.446, $70.49, -0.062%, 11171500, 18228112.81, 566.95, 12833721992.36
12-Sep-2007, 70.46, $706.00, 98.891160, 69.81716217, 70.391, $70.43, -0.048%, 11171500, 18228112.81, 566.95, 12867302987.98
13-Sep-2007, 70.08, $704.50, 98.890050, 69.66804182, 70.049, $70.07, -0.030%, 4589200, 18228112.81, 566.95, 12839820106.87
14-Sep-2007, 69.99, $716.35, 98.889210, 70.83928468, 70.004, $70.00, 0.013%, 7731300, 18228112.81, 566.95, 13055680166.15
17-Sep-2007, 70.97, $719.00, 98.886020, 71.09904999, 71.010, $71.05, -0.049%, 7438200, 18257778.62, 567.88, 13124884627.08
18-Sep-2007, 71.70, $714.75, 98.884830, 70.67793112, 71.598, $71.66, -0.080%, 14224000, 18504990.69, 575.57, 13223840914.58
19-Sep-2007, 71.48, $725.15, 98.884020, 71.70574981, 71.290, $71.38, -0.119%, 10433600, 18554432.70, 577.10, 13451998663.44
20-Sep-2007, 72.72, $734.50, 98.883200, 72.62970836, 72.699, $72.74, -0.056%, 11929400, 18554432.70, 577.10, 13625333288.83
21-Sep-2007, 72.34, $737.00, 98.882180, 72.87617027, 72.288, $72.30, -0.010%, 9935700, 18554432.70, 577.10, 13671569543.53
24-Sep-2007, 72.28, $730.00, 98.878700, 72.18145238, 72.251, $72.28, -0.040%, 6475000, 18584096.31, 578.03, 13562894901.92
25-Sep-2007, 72.33, $728.50, 98.877570, 72.0323067, 72.329, $72.34, -0.015%, 5482400, 18584096.31, 578.03, 13534870428.48
26-Sep-2007, 72.00, $734.75, 98.876710, 72.64966168, 72.051, $72.07, -0.026%, 9416200, 18584096.31, 578.03, 13650871430.20
27-Sep-2007, 72.70, $731.75, 98.875510, 72.35215622, 72.673, $72.68, -0.003%, 5726800, 18584096.31, 578.03, 13594970153.65
28-Sep-2007, 73.51, $743.00, 98.874860, 73.4640232, 73.454, $73.50, -0.056%, 8821200, 18584096.31, 578.03, 13803889959.99
01-Oct-2007, 73.93, $742.50, 98.871590, 73.41215642, 73.867, $73.92, -0.072%, 4817600, 18584096.31, 578.03, 13794144192.12
02-Oct-2007, 72.35, $731.00, 98.869990, 72.27396625, 72.368, $72.38, -0.017%, 10711400, 18584096.31, 578.03, 13580278257.94
03-Oct-2007, 71.90, $730.25, 98.868880, 72.19899688, 71.990, $71.93, -0.090%, 8182500, 18578347.19, 577.85, 13566191513.48
04-Oct-2007, 72.87, $725.50, 98.867760, 71.72856126, 72.870, $72.90, -0.034%, 9173500, 18578347.19, 577.85, 13477796660.81
05-Oct-2007, 73.40, $725.50, 98.866770, 72.91424525, 73.428, $73.43, 0.004%, 10595800, 18578347.19, 577.85, 13700586682.08
08-Oct-2007, 72.53, $733.75, 98.863480, 72.5410762, 72.502, $72.53, -0.039%, 3447300, 18578347.19, 577.85, 13630468218.28
09-Oct-2007, 73.09, $736.00, 98.862420, 72.76274437, 72.980, $73.03, -0.062%, 7415500, 18825503.24, 585.53, 13854026519.16
10-Oct-2007, 73.36, $741.25, 98.861420, 73.2810268, 73.256, $73.39, -0.183%, 4596400, 18825503.24, 585.53, 13952707503.14
11-Oct-2007, 73.91, $741.25, 98.860460, 74.0464845, 73.873, $73.91, -0.043%, 10290200, 19023224.16, 591.68, 14246543617.09
12-Oct-2007, 74.59, $749.50, 98.859390, 74.09510914, 74.159, $74.26, -0.129%, 3598200, 19072653.86, 593.22, 14292946554.83
15-Oct-2007, 75.14, $758.85, 98.856330, 75.01712812, 75.081, $75.14, -0.072%, 6702000, 19072653.86, 593.22, 14470804014.16
16-Oct-2007, 75.05, $756.75, 98.855200, 74.80867442, 75.081, $75.13, -0.059%, 6702000, 19112195.94, 594.45, 14460516764.88
17-Oct-2007, 74.50, $762.50, 98.854260, 75.37636946, 74.650, $74.62, 0.040%, 8929300, 19112195.94, 594.45, 14570252215.78
18-Oct-2007, 76.00, $764.15, 98.853210, 75.53868246, 76.003, $75.99, 0.017%, 5638500, 19112195.94, 594.45, 14601627319.49
19-Oct-2007, 75.70, $763.00, 98.852100, 75.42415167, 75.721, $75.65, 0.094%, 9502600, 19112195.94, 594.45, 14579488517.19
22-Oct-2007, 74.60, $751.25, 98.848480, 74.25992424, 74.561, $74.57, -0.012%, 8627100, 19112195.94, 594.45, 14354443355.49
23-Oct-2007, 75.23, $758.25, 98.847630, 74.95121548, 75.114, $75.13, -0.015%, 3064700, 19112195.94, 594.45, 14488069951.96
24-Oct-2007, 75.52, $757.50, 98.846520, 74.87623998, 75.504, $75.53, -0.028%, 5657700, 19112195.94, 594.45, 14473577188.72
25-Oct-2007, 76.03, $767.50, 98.845790, 75.86414092, 76.037, $76.05, -0.017%, 5930100, 19211041.73, 597.53, 14740402582.91
26-Oct-2007, 77.69, $779.15, 98.845110, 77.01516844, 77.633, $77.66, -0.035%, 8542500, 19211041.73, 597.53, 14964047227.68
29-Oct-2007, 78.12, $788.50, 98.842220, 77.93708974, 78.194, $78.13, 0.082%, 6879900, 19211041.73, 597.53, 15143176536.08
30-Oct-2007, 77.35, $783.25, 98.840930, 77.41715759, 77.244, $77.38, -0.169%, 6879900, 19211041.73, 597.53, 15042153719.66
31-Oct-2007, 78.62, $789.50, 98.840930, 78.03425923, 78.632, $78.64, -0.010%, 8813700, 19211041.73, 597.53, 15162056569.12
01-Nov-2007, 77.93, $790.25, 98.839050, 78.10755807, 77.860, $77.97, -0.141%, 7544100, 19211041.73, 597.53, 15176298532.98
02-Nov-2007, 79.83, $796.50, 98.838230, 78.72465215, 79.767, $79.81, -0.054%, 9903600, 19211041.73, 597.53, 15296199912.36
05-Nov-2007, 79.75, $804.75, 98.835360, 79.53775804, 79.701, $79.74, -0.049%, 5024300, 19211041.73, 597.53, 15454186386.47
06-Nov-2007, 81.43, $822.50, 98.835090, 81.29186454, 81.475, $81.40, 0.092%, 7677325, 19205266.36, 597.35, 15795009279.27
07-Nov-2007, 82.24, $834.50, 98.834130, 82.47708106, 82.274, $82.29, -0.019%, 16463500, 19205266.36, 597.35, 16025296850.90
08-Nov-2007, 82.23, $841.10, 98.833120, 83.1285363, 82.229, $82.21, 0.023%, 17344800, 19274449.54, 599.50, 16210064579.20
09-Nov-2007, 82.18, $831.50, 98.831920, 82.17873973, 82.213, $82.24, -0.033%, 6938700, 19274449.54, 599.50, 16024854246.80
12-Nov-2007, HOLIDAY, HOLIDAY, HOLIDAY, HOLIDAY, HOLIDAY, HOLIDAY, HOLIDAY, HOLIDAY, HOLIDAY, HOLIDAY, HOLIDAY
13-Nov-2007, 79.12, $804.25, 98.827130, 79.48171651, 79.106, $79.14, 0.043%, 11436900, 18928554.59, 588.74, 15220748701.58
14-Nov-2007, 80.28, $813.50, 98.826230, 80.39513896, 80.257, $80.28, 0.022%, 5698200, 18928554.59, 588.74, 15395669110.01
15-Nov-2007, 77.95, $794.00, 98.824720, 78.46682831, 77.944, $77.92, -0.031%, 10895300, 18928554.59, 588.74, 15026397620.87
16-Nov-2007, 77.75, $789.75, 98.823540, 78.04588759, 77.784, $77.79, 0.008%, 8064300, 18928554.59, 588.74, 14945787472.61
19-Nov-2007, 77.24, $778.85, 98.819980, 76.96593799, 77.205, $77.23, 0.026%, 6064300, 18928554.59, 588.74, 14738977125.68
20-Nov-2007, 79.47, $795.50, 98.819390, 78.61082289, 79.366, $79.47, 0.125%, 12053000, 18928554.59, 588.74, 15053972582.71
21-Nov-2007, 79.36, $798.00, 98.818380, 78.85706776, 79.247, $79.39, 0.180%, 7261000, 18928554.59, 588.74, 15101128475.54
22-Nov-2007, HOLIDAY, HOLIDAY, HOLIDAY, HOLIDAY, HOLIDAY, HOLIDAY, HOLIDAY, HOLIDAY, HOLIDAY, HOLIDAY, HOLIDAY
23-Nov-2007, 81.25, $815.25, 98.816760, 80.56036759, 81.396, $81.18, -0.272%, 5199100, 18928554.59, 588.74, 15427310393.05
26-Nov-2007, 81.30, $830.00, 98.814030, 82.01564658, 81.230, $81.32, 0.105%, 7432800, 19007605.81, 591.20, 15771608835.75
27-Nov-2007, 80.10, $810.75, 98.812250, 80.11203117, 80.171, $80.24, 0.080%, 7228300, 19590598.09, 609.33, 15878204581.09
28-Nov-2007, 79.57, $801.75, 98.810830, 79.22157983, 79.646, $79.62, -0.033%, 9703000, 19590598.09, 609.33, 15701717122.80
29-Nov-2007, 78.28, $794.50, 98.809450, 78.50411085, 78.385, $78.37, -0.026%, 9292100, 19590598.09, 609.33, 15559514769.57
30-Nov-2007, 77.32, $783.50, 98.807910, 77.41599413, 77.376, $77.38, -0.001%, 9446800, 19343578.31, 601.65, 15150310043.28
03-Dec-2007, 78.28, $784.25, 98.804690, 77.48758038, 78.216, $78.26, 0.050%, 6225900, 19343578.31, 601.65, 15164319481.09
04-Dec-2007, 79.24, $797.50, 98.804250, 78.79638682, 79.305, $79.40, 0.113%, 7704900, 19337313.49, 601.45, 15420452900.60
05-Dec-2007, 78.63, $793.00, 98.803130, 78.35087865, 78.643, $78.67, 0.034%, 7684600, 19337313.49, 601.45, 15333266952.27
06-Dec-2007, 79.37, $801.50, 98.802130, 79.18990434, 79.199, $79.33, -0.165%, 6811400, 19366954.13, 602.37, 15521221251.97
07-Dec-2007, 78.60, $792.50, 98.800940, 78.29974734, 78.650, $78.57, -0.108%, 8328400, 19366954.13, 602.37, 15346750479.42
10-Dec-2007, 80.00, $809.50, 98.797950, 79.97694156, 79.937, $79.96, 0.029%, 4846700, 19762145.93, 614.67, 15995388308.37
11-Dec-2007, 78.84, $808.75, 98.796860, 79.90195785, 78.721, $78.80, 0.100%, 9563400, 19762145.93, 614.67, 15980391569.42
12-Dec-2007, 80.49, $814.00, 98.795860, 80.41983285, 80.405, $80.47, 0.081%, 9697000, 19801664.27, 615.90, 16116134502.96
13-Dec-2007, 78.83, $800.70, 98.794530, 79.10478363, 78.714, $78.86, 0.179%, 9552000, 19801664.27, 615.90, 15852598639.16
14-Dec-2007, 78.50, $789.50, 98.793220, 77.99724902, 78.515, $78.53, 0.006%, 6809700, 19801664.27, 615.90, 15630648702.68
17-Dec-2007, 78.50, $790.75, 98.790010, 78.11819677, 78.182, $78.06, -0.182%, 6493430, 19851059.27, 617.43, 15693945733.25
18-Dec-2007, 78.02, $804.25, 98.789270, 79.45126983, 79.263, $79.18, -0.010%, 6755705, 19851059.27, 617.43, 15961760108.12
19-Dec-2007, 79.28, $799.75, 98.788070, 79.00575608, 79.248, $79.26, 0.034%, 5638300, 19851059.27, 617.43, 15872256396.95
20-Dec-2007, 78.70, $795.25, 98.786860, 78.56024722, 78.703, $78.63, -0.099%, 6327730, 19851059.27, 617.43, 15782753666.64
21-Dec-2007, 80.09, $810.50, 98.786220, 80.06623216, 80.105, $80.06, -0.050%, 4582100, 19851059.27, 617.43, 16085306041.31
24-Dec-2007, 80.17, $810.25, 98.782970, 80.03889748, 79.184, $80.17, 1.230%, 2863500, 19851059.27, 617.43, 16079814504.67
25-Dec-2007, HOLIDAY, HOLIDAY, HOLIDAY, HOLIDAY, HOLIDAY, HOLIDAY, HOLIDAY, HOLIDAY, HOLIDAY, HOLIDAY, HOLIDAY
26-Dec-2007, 81.52, $810.50, 98.780800, 80.03714322, 81.499, $81.62, 0.142%, 5849100, 20186913.99, 627.88, 16351588359.18
27-Dec-2007, 81.50, $829.00, 98.780380, 81.88893614, 81.469, $81.52, 0.063%, 5043196, 20186913.99, 627.88, 16729909653.09
28-Dec-2007, 82.94, $833.75, 98.779470, 82.3573818, 82.885, $82.97, 0.096%, 5141898, 20186913.99, 627.88, 16825613102.25
31-Dec-2007, 82.33, $833.75, 98.776330, 82.62639913, 82.347, $82.34, -0.002%, 3815254, 20186913.99, 627.88, 16880573342.56
01-Jan-2008, HOLIDAY, HOLIDAY, HOLIDAY, HOLIDAY, HOLIDAY, HOLIDAY, HOLIDAY, HOLIDAY, HOLIDAY, HOLIDAY, HOLIDAY
02-Jan-2008, 84.81, $846.75, 98.774590, 83.63738111, 84.750, $84.83, 0.088%, 12287722, 20186913.99, 627.88, 17087116960.28
03-Jan-2008, 85.51, $858.85, 98.774010, 84.83205427, 85.286, $85.62, 0.285%, 9537009, 20186913.99, 627.88, 17331188686.69
04-Jan-2008, 85.08, $855.00, 98.772760, 84.45070969, 85.286, $85.11, -0.213%, 8372915, 20246177.65, 629.72, 17303950414.58
07-Jan-2008, 84.75, $859.25, 98.769710, 84.86787133, 84.727, $84.73, 0.039%, 6943505, 20555672.94, 639.35, 17661004030.81
08-Jan-2008, 86.78, $873.50, 98.768760, 86.2745104, 86.684, $86.78, 0.105%, 9560800, 20555672.94, 639.35, 17953725614.88
09-Jan-2008, 86.52, $877.00, 98.767710, 86.61928365, 86.634, $86.55, -0.114%, 10077400, 20555672.94, 639.35, 18025472928.58
10-Jan-2008, 88.20, $884.25, 98.766710, 87.33446605, 88.178, $88.23, 0.053%, 12891755, 20634686.31, 641.81, 18244169955.43
11-Jan-2008, 88.56, $891.00, 98.765710, 88.00025192, 88.469, $88.55, 0.086%, 6975348, 20634686.31, 641.81, 18383252625.49
14-Jan-2008, 89.54, $902.00, 98.762640, 89.08390289, 89.459, $89.54, 0.085%, 10067336, 20980355.55, 652.56, 18921420967.59
15-Jan-2008, 88.03, $913.00, 98.761740, 90.16946794, 87.868, $88.06, 0.218%, 23833800, 20980355.55, 652.56, 19151994991.43
16-Jan-2008, 86.68, $889.75, 98.760240, 87.87192649, 86.736, $86.65, -0.099%, 26915009, 20289033.87, 631.05, 18048893720.95
17-Jan-2008, 86.54, $889.75, 98.759130, 87.72279799, 86.647, $86.53, -0.135%, 13569100, 20249530.22, 629.83, 17983173588.67
18-Jan-2008, 87.42, $882.00, 98.757910, 87.10447969, 87.283, $87.42, 0.157%, 9092084, 20022387.02, 622.76, 17656078039.68
21-Jan-2008, HOLIDAY, HOLIDAY, HOLIDAY, HOLIDAY, HOLIDAY, HOLIDAY, HOLIDAY, HOLIDAY, HOLIDAY, HOLIDAY, HOLIDAY
22-Jan-2008, 88.10, $875.00, 98.753410, 86.40923174, 88.136, $88.22, 0.095%, 20676782, 20022387.02, 622.76, 17515151272.89
23-Jan-2008, 87.77, $888.25, 98.752700, 87.71708459, 87.949, $87.88, -0.079%, 20676782, 20269268.77, 630.44, 17999545761.15
24-Jan-2008, 90.08, $909.25, 98.752200, 89.79044096, 90.076, $90.10, 0.027%, 14277753, 20279143.99, 630.75, 18433977529.16
25-Jan-2008, 90.30, $918.25, 98.751380, 90.67845012, 90.219, $90.29, 0.079%, 9699221, 20279143.99, 630.75, 18616285808.76
28-Jan-2008, 91.80, $921.75, 98.748240, 91.0211885, 91.742, $91.79, 0.052%, 8530248, 20279143.99, 630.75, 18686649999.33
29-Jan-2008, 91.12, $924.50, 98.747240, 91.29182781, 91.228, $91.13, -0.108%, 9088590, 20279143.99, 630.75, 18742212248.95
30-Jan-2008, 92.00, $919.00, 98.745980, 90.74755375, 91.800, $92.11, 0.337%, 14331405, 20279143.99, 630.75, 18630472785.19
31-Jan-2008, 91.42, $923.25, 98.745040, 91.16636158, 91.413, $91.44, 0.030%, 7756069, 20318642.01, 631.98, 18752920576.36
01-Feb-2008, 89.90, $914.75, 98.743650, 90.32575839, 89.318, $89.92, 0.669%, 19631186, 20298893.28, 631.36, 18561943349.76
04-Feb-2008, 88.47, $893.75, 98.739550, 88.24847208, 89.165, $88.48, -0.774%, 10279374, 20292099.86, 631.15, 18135061021.47
05-Feb-2008, 88.32, $887.50, 98.738430, 87.63035546, 87.679, $88.34, 0.748%, 11167683, 20292099.86, 631.15, 18008038046.83
06-Feb-2008, 89.47, $903.00, 98.737460, 89.15992603, 88.888, $89.49, 0.673%, 8781561, 20292099.86, 631.15, 18322364799.41
07-Feb-2008, 89.65, $899.75, 98.736350, 88.83803117, 89.835, $89.67, -0.184%, 8781561, 20292099.86, 631.15, 18256215404.56
08-Feb-2008, 90.43, $916.25, 98.735420, 90.46633243, 90.890, $90.44, -0.498%, 9110642, 20292099.86, 631.15, 18590831314.86
11-Feb-2008, 91.12, $918.00, 98.732200, 90.63616011, 91.263, $91.13, -0.146%, 6831824, 20292099.86, 631.15, 18625730901.71
12-Feb-2008, 89.30, $917.00, 98.731100, 90.5364229, 89.371, $89.30, -0.085%, 10224787, 20292099.86, 631.15, 18605234906.62
13-Feb-2008, 89.41, $899.00, 98.729740, 88.75804, 89.389, $89.40, 0.012%, 10086399, 20292099.86, 631.15, 18239777218.99
14-Feb-2008, 89.69, $906.00, 98.728780, 89.44827481, 89.635, $89.70, 0.072%, 6880469, 20292099.86, 631.15, 18381620473.37
15-Feb-2008, 89.15, $912.50, 98.727810, 90.0891301, 89.156, $89.11, -0.052%, 5584453, 20292099.86, 631.15, 18513316234.58
18-Feb-2008, HOLIDAY, HOLIDAY, HOLIDAY, HOLIDAY, HOLIDAY, HOLIDAY, HOLIDAY, HOLIDAY, HOLIDAY, HOLIDAY, HOLIDAY
19-Feb-2008, 91.58, $924.00, 98.723750, 91.22074624, 91.477, $91.56, 0.091%, 8333611, 20292099.86, 631.15, 18745863353.29
20-Feb-2008, 93.23, $920.00, 98.722580, 90.82477085, 93.327, $93.21, -0.126%, 10628381, 20292099.86, 631.15, 18664490409.25
21-Feb-2008, 93.24, $945.00, 98.722090, 93.29237374, 93.208, $93.25, 0.045%, 12949710, 20292099.86, 631.15, 19171582803.88
22-Feb-2008, 93.29, $943.00, 98.720960, 93.0938635, 93.340, $93.39, 0.054%, 7562715, 20292099.86, 631.15, 19130788949.38
25-Feb-2008, 92.11, $937.75, 98.717570, 92.57239728, 92.773, $92.41, -0.393%, 11950923, 20558637.30, 639.44, 19273573125.46
26-Feb-2008, 92.15, $937.00, 98.716460, 92.49732516, 93.668, $93.22, -0.481%, 8472752, 20558637.30, 639.44, 19257943099.23
27-Feb-2008, 93.95, $959.50, 98.716040, 94.7180419, 94.599, $94.57, -0.031%, 9907356, 20558637.30, 639.44, 19720296323.22
28-Feb-2008, 95.98, $959.75, 98.714970, 94.74168979, 95.255, $95.39, 0.142%, 11154896, 20558637.30, 639.44, 19725219813.39
29-Feb-2008, 96.16, $971.50, 98.714240, 95.90088851, 95.989, $96.06, 0.074%, 9345704, 20558637.30, 639.44, 19966564987.57
03-Mar-2008, 97.22, $988.50, 98.711560, 97.57637639, 97.105, $97.31, 0.211%, 11467095, 20825158.51, 647.73, 20578857781.77
04-Mar-2008, 95.17, $984.75, 98.710350, 97.20502025, 95.141, $95.29, 0.156%, 21338114, 20825158.51, 647.73, 20500538771.44
05-Mar-2008, 97.70, $974.50, 98.708920, 96.19183771, 97.568, $97.36, -0.214%, 15337709, 20825158.51, 647.73, 20286858572.55
06-Mar-2008, 96.47, $976.50, 98.707910, 96.38826985, 96.644, $96.13, -0.535%, 18540759, 20819829.29, 647.56, 20328286111.38
07-Mar-2008, 96.09, $972.50, 98.706780, 95.992342, 96.066, $95.89, -0.184%, 10066495, 20819829.29, 647.56, 20244784931.12
10-Mar-2008, 95.87, $969.25, 98.703490, 95.66835302, 96.073, $95.37, -0.737%, 10851906, 21056717.67, 654.93, 20406059711.18
11-Mar-2008, 95.98, $970.00, 98.702420, 95.74134294, 96.062, $96.24, 0.185%, 14335106, 20977755.73, 652.48, 20345035370.38
12-Mar-2008, 96.95, $975.50, 98.701430, 96.28324143, 97.062, $96.65, -0.426%, 8162995, 20977755.73, 652.48, 20460188803.20
13-Mar-2008, 98.29, $995.00, 98.700690, 98.20718276, 98.261, $98.22, -0.042%, 14668257, 20977755.73, 652.48, 20869026335.76
14-Mar-2008, 98.70, $1003.50, 98.699760, 99.04520755, 98.956, $98.64, -0.320%, 17524411, 21007365.66, 653.40, 21076820166.46
17-Mar-2008, 99.22, $1011.25, 98.696680, 99.8070138, 99.010, $99.19, 0.181%, 26498872, 21342934.37, 663.83, 21578276397.15
18-Mar-2008, 96.44, $1006.75, 98.695500, 99.36169182, 96.933, $96.47, -0.480%, 20916744, 21342934.37, 663.83, 21481997770.75
19-Mar-2008, 93.15, $958.50, 98.693260, 94.59748868, 93.200, $93.14, -0.064%, 37274017, 20859337.40, 648.79, 19988449354.11
20-Mar-2008, 89.82, $925.75, 98.691260, 91.36343827, 89.823, $89.88, 0.063%, 28805658, 20484310.61, 637.13, 18957913440.40
21-Mar-2008, HOLIDAY, HOLIDAY, HOLIDAY, HOLIDAY, HOLIDAY, HOLIDAY, HOLIDAY, HOLIDAY, HOLIDAY, HOLIDAY, HOLIDAY
24-Mar-2008, 90.11, $925.75, 98.686940, 91.35943336, 90.293, $90.11, -0.203%, 14316957, 20385623.67, 634.06, 18865722987.51
25-Mar-2008, 92.74, $926.75, 98.685890, 91.4571508, 92.661, $92.72, 0.064%, 15833177, 20385623.67, 634.06, 18885901640.13
26-Mar-2008, 93.79, $946.75, 98.685530, 93.43052144, 94.210, $93.79, -0.448%, 12326954, 20385623.67, 634.06, 19293402676.62
27-Mar-2008, 93.42, $946.75, 98.684440, 93.42949754, 93.538, $93.44, -0.105%, 7553537, 20642203.21, 642.04, 19536107925.35
28-Mar-2008, 91.76, $934.25, 98.682900, 92.19449602, 91.829, $91.78, -0.053%, 8784234, 20642203.21, 642.04, 19277869118.57
31-Mar-2008, 90.39, $934.25, 98.679620, 92.11742635, 90.378, $90.39, 0.013%, 11152944, 20642203.21, 642.04, 19261753849.78
01-Apr-2008, 86.83, $887.75, 98.676500, 87.60005889, 86.919, $86.84, -0.091%, 23658452, 20642203.21, 642.04, 18317172314.50
02-Apr-2008, 89.32, $890.00, 98.675520, 87.82121486, 89.256, $89.27, 0.016%, 13526377, 20642203.21, 642.04, 18363416026.60
03-Apr-2008, 89.35, $896.50, 98.674760, 88.46192078, 89.187, $89.39, 0.227%, 9319513, 20642203.21, 642.04, 18497387634.16
04-Apr-2008, 90.23, $905.50, 98.674120, 89.34941519, 90.153, $90.21, 0.063%, 7225527, 20642203.21, 642.04, 18682962716.02
07-Apr-2008, 91.15, $926.50, 98.671950, 91.41956004, 91.002, $91.13, 0.140%, 8184582, 20642203.21, 642.04, 19115830005.27
08-Apr-2008, 90.33, $915.00, 98.670270, 90.28329881, 90.386, $90.34, -0.051%, 8184582, 20642203.21, 642.04, 18878237781.27
09-Apr-2008, 92.29, $917.00, 98.669220, 90.47967776, 92.182, $92.28, 0.106%, 10563995, 20635087.48, 641.82, 18919300619.15
10-Apr-2008, 91.77, $928.00, 98.668330, 91.56421214, 91.717, $91.75, 0.036%, 7755368, 20635087.48, 641.82, 19146076759.13
11-Apr-2008, 91.32, $927.75, 98.667250, 91.53853766, 91.342, $91.30, -0.046%, 6544612, 20635087.48, 641.82, 19140708223.77
14-Apr-2008, 91.10, $926.50, 98.663980, 91.41217298, 91.140, $91.10, -0.044%, 4674990, 20635087.48, 641.82, 19114285370.39
15-Apr-2008, 91.64, $929.75, 98.662970, 91.73189478, 91.594, $91.65, 0.061%, 6630252, 20635087.48, 641.82, 19181139198.13
16-Apr-2008, 93.26, $945.00, 98.662250, 93.23582319, 93.211, $93.24, 0.031%, 8465634, 20635087.48, 641.82, 19495610629.35
17-Apr-2008, 92.58, $946.00, 98.661190, 93.33348561, 92.558, $92.55, -0.009%, 6869559, 20635087.48, 641.82, 19516031840.16
18-Apr-2008, 90.56, $908.75, 98.659120, 89.65647719, 90.585, $90.59, 0.006%, 11366844, 20635087.48, 641.82, 18747169380.77
21-Apr-2008, 90.28, $918.50, 98.656180, 90.61570034, 90.344, $90.31, -0.038%, 11900374, 20635087.48, 641.82, 18947742940.33
22-Apr-2008, 90.25, $918.00, 98.655080, 90.5653652, 90.343, $90.23, -0.125%, 14043018, 20043157.00, 623.41, 18393825682.51
23-Apr-2008, 89.17, $898.50, 98.653330, 88.64001392, 89.315, $89.19, -0.140%, 18133799, 19668274.35, 611.75, 17665954763.37
24-Apr-2008, 87.23, $895.50, 98.652130, 88.34298539, 87.430, $87.26, -0.195%, 22797715, 19007305.08, 591.19, 17014859005.26
25-Apr-2008, 87.24, $891.50, 98.650890, 87.94726975, 87.301, $87.24, -0.070%, 11178208, 19007305.08, 591.19, 16938644153.95
28-Apr-2008, 87.88, $890.50, 98.647600, 87.84569147, 87.959, $87.93, -0.033%, 8007796, 19007305.08, 591.19, 16919080176.34
29-Apr-2008, 85.82, $880.00, 98.646040, 86.80851633, 85.935, $85.78, -0.181%, 14669630, 18662043.94, 580.45, 16415490442.39
30-Apr-2008, 86.79, $871.00, 98.644520, 85.91937595, 86.595, $86.62, 0.029%, 17662043, 18662043.94, 580.45, 16247353991.81
01-May-2008, 83.97, $853.00, 98.642500, 84.14205621, 84.117, $83.94, -0.211%, 17661682, 18662043.94, 580.45, 15911262829.02
02-May-2008, 84.63, $853.50, 98.641450, 84.19047794, 84.501, $84.58, 0.093%, 8741890, 18662043.94, 580.45, 15920419378.72
05-May-2008, 86.24, $853.50, 98.638210, 84.18771007, 86.264, $86.23, -0.039%, 7379471, 18662043.94, 580.45, 15919895973.39
06-May-2008, 86.57, $880.00, 98.638650, 86.80201086, 86.560, $86.61, 0.058%, 10755616, 18790274.18, 584.44, 16527102869.03
07-May-2008, 85.82, $868.25, 98.636890, 85.64148345, 85.759, $85.81, 0.059%, 7212602, 18987547.96, 590.57, 16477421407.50
08-May-2008, 87.16, $877.00, 98.636320, 86.50405435, 87.051, $87.21, 0.182%, 8607367, 18981086.77, 590.37, 16643380056.97
09-May-2008, 87.42, $876.00, 98.635220, 86.40445314, 87.367, $87.34, -0.031%, 9923915, 18981086.77, 590.37, 16624216785.00
12-May-2008, 86.99, $883.50, 98.632160, 87.1415116, 87.008, $86.99, -0.021%, 5009801, 18981086.77, 590.37, 16766026832.05
13-May-2008, 85.41, $865.00, 98.630600, 85.31547213, 85.410, $85.38, -0.035%, 7355168, 18981086.77, 590.37, 16414696837.80
14-May-2008, 85.20, $866.50, 98.629560, 85.46251699, 85.270, $85.23, -0.047%, 8645497, 18773964.69, 583.93, 16263516989.97
15-May-2008, 87.00, $881.25, 98.628900, 86.91671941, 86.995, $87.00, 0.006%, 9433431, 18773964.69, 583.93, 16540251704.13
16-May-2008, 89.17, $897.00, 98.628270, 88.46955935, 89.076, $89.14, 0.072%, 12067594, 18773964.69, 583.93, 16835757144.55
19-May-2008, 89.39, $906.50, 98.625330, 89.40385894, 89.359, $89.40, 0.046%, 5930941, 18773964.69, 583.93, 17013554356.26
20-May-2008, 90.90, $914.50, 98.624500, 90.19210708, 90.778, $90.94, 0.178%, 10674613, 18773964.69, 583.93, 17163557977.93
21-May-2008, 91.96, $923.00, 98.623700, 91.02967333, 91.971, $91.93, -0.045%, 11333299, 18773964.69, 583.93, 17322946835.21
22-May-2008, 90.92, $922.75, 98.622610, 91.00401237, 90.885, $90.94, 0.060%, 8863292, 19020521.22, 591.60, 17545573588.39
23-May-2008, 91.23, $927.50, 98.621690, 91.47161719, 91.279, $91.25, -0.032%, 6062290, 19020521.22, 591.60, 17635727793.80
26-May-2008, HOLIDAY, HOLIDAY, HOLIDAY, HOLIDAY, HOLIDAY, HOLIDAY, HOLIDAY, HOLIDAY, HOLIDAY, HOLIDAY, HOLIDAY
27-May-2008, 89.36, $906.75, 98.616550, 89.42055624, 89.312, $89.34, 0.031%, 7599457, 19020521.22, 591.60, 17240283243.47
28-May-2008, 89.14, $902.50, 98.615290, 89.00030072, 89.034, $89.11, 0.085%, 8103715, 19020521.22, 591.60, 17159257979.58
29-May-2008, 86.51, $883.00, 98.613350, 87.07559042, 86.538, $86.53, -0.009%, 12692798, 19217747.92, 597.73, 16962325009.97
30-May-2008, 87.38, $885.75, 98.612400, 87.34593095, 87.523, $87.45, -0.083%, 4943254, 19217747.92, 597.73, 17014987349.07
02-Jun-2008, 87.93, $888.25, 98.609280, 87.58969097, 87.954, $87.94, -0.016%, 5276290, 19217747.92, 597.73, 17062471801.62
03-Jun-2008, 86.88, $879.25, 98.607740, 86.70085719, 86.820, $86.84, 0.023%, 8394689, 19217747.92, 597.73, 16889326979.83
04-Jun-2008, 86.64, $883.50, 98.606880, 87.11918083, 86.631, $86.63, -0.001%, 7154943, 19217747.92, 597.73, 16970816424.88
05-Jun-2008, 86.43, $878.75, 98.605550, 86.64962598, 86.432, $86.46, 0.032%, 14121415, 19217747.92, 597.73, 16879347141.11
06-Jun-2008, 89.01, $890.50, 98.605100, 87.8078451, 88.907, $89.00, 0.104%, 17422366, 19211763.90, 597.55, 17104968225.36
09-Jun-2008, 87.93, $896.25, 98.601990, 88.37203444, 88.026, $87.98, -0.052%, 9171428, 19211763.90, 597.55, 17214872308.19
10-Jun-2008, 85.54, $878.00, 98.600470, 86.57121562, 85.501, $85.54, 0.046%, 13902950, 19211763.90, 597.55, 16864072803.30
11-Jun-2008, 87.02, $876.25, 98.599350, 86.39767851, 86.939, $87.00, 0.070%, 10150255, 19211763.90, 597.55, 16830267773.17
12-Jun-2008, 85.55, $862.25, 98.597880, 85.01602456, 85.676, $85.61, -0.077%, 9820658, 19458258.60, 605.21, 16773661639.97
13-Jun-2008, 85.83, $866.00, 98.596910, 85.38492392, 85.734, $85.78, 0.054%, 8420641, 19458258.60, 605.21, 16846445489.10
16-Jun-2008, 87.00, $888.25, 98.594370, 87.57644779, 87.034, $87.03, -0.005%, 6990402, 19458258.60, 605.21, 17278833148.56
17-Jun-2008, 87.25, $881.50, 98.593070, 86.90979212, 87.220, $87.28, 0.069%, 5280832, 19852630.88, 617.48, 17494941150.15
18-Jun-2008, 88.28, $887.50, 98.592190, 87.50056585, 88.176, $88.25, 0.084%, 7787373, 19655446.50, 611.35, 17438862767.39
19-Jun-2008, 88.42, $903.00, 98.591630, 89.02823752, 88.481, $88.47, -0.012%, 10519586, 19754038.13, 614.41, 17832355980.40
20-Jun-2008, 88.95, $907.50, 98.590700, 89.47105719, 88.963, $88.93, -0.037%, 10053595, 19803333.48, 615.95, 17965788284.84
23-Jun-2008, 87.09, $881.00, 98.586440, 86.85465662, 87.076, $87.08, 0.005%, 12771195, 20197679.24, 628.21, 17787833663.79
24-Jun-2008, 87.47, $889.50, 98.585700, 87.69197813, 87.657, $87.47, -0.214%, 7394058, 20197679.24, 628.21, 17959317120.70
25-Jun-2008, 87.42, $882.75, 98.584340, 87.02532942, 87.330, $87.39, 0.069%, 10833908, 20197679.24, 628.21, 17822787465.49
26-Jun-2008, 90.61, $909.50, 98.584360, 89.66247142, 90.416, $90.59, 0.192%, 18393322, 20197679.24, 628.21, 18362874145.87
27-Jun-2008, 91.40, $919.50, 98.583680, 90.64769281, 91.480, $91.41, -0.077%, 14481600, 20710314.37, 644.16, 19036015495.36
30-Jun-2008, 91.40, $930.25, 98.580890, 91.70487191, 91.359, $91.36, 0.001%, 7256012, 20710314.37, 644.16, 19258023100.26
01-Jul-2008, 92.70, $937.50, 98.580120, 92.41885803, 92.542, $92.72, 0.192%, 15453792, 20710314.37, 644.16, 19407960187.14
02-Jul-2008, 93.18, $935.25, 98.578940, 92.19595143, 93.181, $93.16, -0.023%, 11454515, 21173635.39, 658.57, 19794470782.58
03-Jul-2008, 91.94, $934.00, 98.577800, 92.07166792, 92.007, $91.94, -0.073%, 9603917, 21167477.36, 658.38, 19767787102.67
04-Jul-2008, HOLIDAY, HOLIDAY, HOLIDAY, HOLIDAY, HOLIDAY, HOLIDAY, HOLIDAY, HOLIDAY, HOLIDAY, HOLIDAY, HOLIDAY
07-Jul-2008, 91.23, $916.75, 98.573180, 90.3669656, 91.263, $91.22, -0.047%, 12297989, 21187191.99, 658.99, 19419860907.20
08-Jul-2008, 90.86, $921.00, 98.572180, 90.78498216, 90.750, $90.84, 0.099%, 11212363, 21187191.99, 658.99, 19509692665.96
09-Jul-2008, 91.45, $927.25, 98.571230, 91.40017385, 91.479, $91.45, -0.032%, 11356937, 21187191.99, 658.99, 19641897359.87
10-Jul-2008, 93.54, $939.50, 98.570410, 92.60689792, 93.410, $93.50, 0.096%, 16798989, 21216763.11, 659.91, 19929004433.83
11-Jul-2008, 95.16, $962.75, 98.569820, 94.89809652, 95.193, $95.14, -0.056%, 25868281, 22695310.41, 705.90, 21845541783.34
14-Jul-2008, 95.91, $968.00, 98.566700, 95.41256584, 95.920, $95.94, 0.021%, 21228829, 22567173.70, 701.91, 21839936320.24
15-Jul-2008, 96.18, $986.00, 98.566040, 97.18611469, 96.225, $96.18, -0.047%, 30310688, 22567173.70, 701.91, 22245901653.53
16-Jul-2008, 94.44, $977.50, 98.564750, 96.3470467, 94.538, $94.47, -0.072%, 19879022, 22567173.70, 701.91, 22053838988.49
17-Jul-2008, 94.22, $965.50, 98.563360, 95.16292785, 94.241, $94.24, -0.001%, 25111203, 22586886.38, 702.53, 21801826770.68
18-Jul-2008, 94.17, $959.75, 98.562130, 94.59500076, 94.141, $94.18, 0.041%, 8582021, 22586886.38, 702.53, 21671714673.17
21-Jul-2008, 95.12, $960.50, 98.558910, 94.66583224, 95.124, $95.11, -0.015%, 7266333, 22685445.29, 705.59, 21782607998.42
22-Jul-2008, 93.06, $961.50, 98.557860, 94.76338323, 93.102, $93.05, -0.056%, 17538823, 22192655.99, 690.26, 21331237569.63
23-Jul-2008, 90.57, $926.50, 98.555560, 91.31172526, 90.656, $90.58, -0.084%, 25788410, 21650600.41, 673.40, 20052054860.51
24-Jul-2008, 91.33, $928.00, 98.554540, 91.45860955, 91.502, $91.37, -0.144%, 13064797, 21650600.41, 673.40, 20084310656.67
25-Jul-2008, 91.69, $920.50, 98.553160, 90.71818229, 91.610, $91.68, 0.076%, 7595913, 21650600.41, 673.40, 19921712831.09
28-Jul-2008, 91.73, $923.50, 98.550050, 91.0109698, 91.745, $91.72, -0.027%, 8585471, 21650600.41, 673.40, 19986008967.24
29-Jul-2008, 90.59, $916.75, 98.548670, 90.34448994, 90.571, $90.62, 0.054%, 12984758, 21650600.41, 673.40, 19839649991.30
30-Jul-2008, 89.52, $897.50, 98.546680, 88.44564244, 89.475, $89.55, 0.084%, 17346834, 21650600.41, 673.40, 19422663080.05
31-Jul-2008, 90.05, $918.00, 98.546590, 90.46576809, 90.007, $90.06, 0.059%, 10946180, 21650600.41, 673.40, 19866282673.30
01-Aug-2008, 89.57, $912.50, 98.545240, 89.92253171, 89.741, $89.59, -0.169%, 10892597, 21670309.45, 674.02, 19764972469.64
04-Aug-2008, 88.14, $905.75, 98.541640, 89.25409319, 88.189, $88.12, -0.078%, 14767839, 21690017.78, 674.63, 19635900501.71
05-Aug-2008, 86.08, $882.00, 98.539230, 86.91160471, 86.226, $86.10, -0.146%, 20183037, 21197321.63, 659.31, 18685995032.47
06-Aug-2008, 86.64, $879.50, 98.538000, 86.66417456, 86.669, $86.66, -0.010%, 20183037, 21197321.63, 659.31, 18632797531.11
07-Aug-2008, 86.09, $871.50, 98.536430, 85.87449591, 86.076, $86.11, 0.039%, 9946027, 21197321.63, 659.31, 18463016621.40
08-Aug-2008, 84.43, $852.50, 98.534100, 84.00032367, 84.517, $84.46, -0.067%, 13352431, 21188547.02, 659.03, 18060069589.66
11-Aug-2008, 81.18, $852.50, 98.530860, 83.99756204, 81.105, $81.12, 0.018%, 23494759, 21188547.02, 659.03, 18059475840.44
12-Aug-2008, 80.52, $817.75, 98.528910, 80.57201855, 80.374, $80.50, 0.157%, 20076232, 21188547.02, 659.03, 17322983988.41
13-Aug-2008, 81.58, $818.50, 98.527850, 80.6450483, 81.546, $81.57, 0.029%, 20076232, 21188547.02, 659.03, 17338685383.61
14-Aug-2008, 79.36, $818.00, 98.526760, 80.59488936, 79.417, $79.36, -0.072%, 15274896, 21188547.02, 659.03, 17327901213.20
15-Aug-2008, 77.63, $786.50, 98.524690, 77.48967164, 77.563, $77.61, 0.061%, 29734037, 21188547.02, 659.03, 16660279401.58
18-Aug-2008, 78.80, $796.25, 98.521810, 78.4479895, 78.832, $78.79, -0.053%, 14046472, 21188547.02, 659.03, 16866317741.87
19-Aug-2008, 80.46, $788.75, 98.520450, 77.70800253, 80.190, $80.43, 0.298%, 16751400, 20942245.90, 651.37, 16512950532.03
20-Aug-2008, 80.06, $815.75, 98.520400, 80.36801887, 80.033, $80.03, -0.004%, 14702444, 20942245.90, 651.37, 17078204010.80
21-Aug-2008, 82.33, $833.50, 98.519990, 82.11641244, 82.347, $82.34, -0.009%, 16991565, 20942245.90, 651.37, 17449737643.37
22-Aug-2008, 81.08, $824.00, 98.518550, 81.17928121, 81.026, $81.04, 0.017%, 7853434, 20942245.90, 651.37, 17250597257.64
25-Aug-2008, 80.93, $824.00, 98.515310, 81.17661233, 80.954, $80.90, -0.067%, 6510071, 20942245.90, 651.37, 17250030120.91
26-Aug-2008, 81.23, $827.00, 98.514360, 81.47137472, 81.249, $81.24, -0.011%, 8575303, 20942245.90, 651.37, 17312667128.66
27-Aug-2008, 81.41, $827.00, 98.513280, 81.47048189, 81.495, $81.39, -0.129%, 7080887, 20942245.90, 651.37, 17312477400.80
28-Aug-2008, 82.18, $838.25, 98.512720, 82.57828404, 82.125, $82.15, 0.030%, 9338740, 20942245.90, 651.37, 17547885359.43
29-Aug-2008, 81.71, $833.00, 98.511390, 82.05998808, 81.828, $81.75, -0.095%, 5110391, 20942245.90, 651.37, 17437747467.76
01-Sep-2008, HOLIDAY, HOLIDAY, HOLIDAY, HOLIDAY, HOLIDAY, HOLIDAY, HOLIDAY, HOLIDAY, HOLIDAY, HOLIDAY, HOLIDAY
02-Sep-2008, 79.20, $798.50, 98.505200, 78.65640465, 79.242, $79.20, -0.053%, 12583139, 20942245.90, 651.37, 16714485987.41
03-Sep-2008, 78.89, $803.50, 98.504410, 79.14829599, 78.956, $78.91, -0.058%, 10702547, 20646732.67, 642.18, 16581568016.62
04-Sep-2008, 78.42, $805.75, 98.503470, 79.36916917, 78.512, $78.37, -0.181%, 10866555, 20646732.67, 642.18, 16627840940.22
05-Sep-2008, 78.98, $808.50, 98.502550, 79.63931556, 79.033, $78.97, -0.080%, 10721886, 20646732.67, 642.18, 16684436609.90
08-Sep-2008, 78.86, $808.00, 98.499280, 79.58742164, 79.129, $78.88, -0.316%, 10009974, 20638581.97, 641.93, 16673564833.37
09-Sep-2008, 76.47, $781.75, 98.497730, 77.00059795, 76.616, $76.48, -0.178%, 20180940, 20293839.92, 631.20, 15862123168.13
10-Sep-2008, 74.18, $775.75, 98.496520, 76.40867782, 74.222, $74.19, -0.043%, 29326809, 19752109.06, 614.35, 15319939916.88
11-Sep-2008, 73.13, $740.75, 98.494610, 72.95987923, 73.156, $73.09, -0.090%, 23667947, 19752109.06, 614.35, 14628455786.28
12-Sep-2008, 75.55, $750.25, 98.493780, 73.89495488, 75.392, $75.54, 0.196%, 17584894, 19752109.06, 614.35, 14815938454.08
15-Sep-2008, 77.56, $775.00, 98.491260, 76.33072669, 77.566, $77.55, -0.021%, 16957330, 19752109.06, 614.35, 15304310701.81
16-Sep-2008, 76.79, $779.50, 98.490310, 76.7731995, 76.669, $76.70, 0.040%, 17050993, 19752109.06, 614.35, 15393026500.00
17-Sep-2008, 85.50, $813.00, 98.490220, 80.07254968, 85.405, $85.52, 0.134%, 63993132, 20924142.68, 650.81, 17007409542.69
18-Sep-2008, 82.85, $863.00, 98.490460, 84.99726379, 83.968, $82.89, -1.301%, 59686787, 21062029.32, 655.10, 18172415002.35
19-Sep-2008, 85.92, $869.00, 98.489530, 85.58740245, 86.025, $85.97, -0.064%, 25444953, 21849945.56, 679.60, 18983285856.16
22-Sep-2008, 89.18, $889.00, 98.486850, 87.55480558, 88.948, $89.23, 0.316%, 35167342, 22815116.69, 709.62, 20277693011.68
23-Sep-2008, 88.32, $899.00, 98.486030, 88.53894411, 88.189, $88.30, 0.126%, 22180041, 23307546.84, 724.94, 20948314161.84
24-Sep-2008, 86.71, $896.00, 98.484870, 88.24244597, 86.720, $86.74, 0.023%, 17234705, 23307546.84, 724.94, 20878162717.03
25-Sep-2008, 86.45, $888.50, 98.483580, 87.50265947, 86.434, $86.41, -0.028%, 20654399, 23268153.41, 723.71, 20668128165.31
26-Sep-2008, 86.64, $902.00, 98.482900, 88.83157618, 86.561, $86.67, 0.126%, 21940579, 23297698.28, 724.63, 21008667766.59
29-Sep-2008, 89.60, $905.00, 98.479760, 89.12418354, 89.444, $89.59, 0.163%, 40076486, 24184016.12, 752.20, 21879987052.30
30-Sep-2008, 85.14, $884.50, 98.478000, 87.10378971, 85.661, $85.12, -0.636%, 20422605, 24282494.12, 755.26, 21471084165.33
01-Oct-2008, 85.98, $880.00, 98.476760, 86.65954905, 86.536, $85.94, -0.694%, 16756333, 24282494.12, 755.26, 21361578839.73
02-Oct-2008, 82.39, $852.00, 98.474620, 83.90037467, 82.477, $82.41, -0.081%, 22635427, 24282494.12, 755.26, 20681442356.02
03-Oct-2008, 82.51, $828.00, 98.472540, 81.53526263, 82.396, $82.56, 0.199%, 24018664, 23790131.42, 739.95, 19690765922.29
06-Oct-2008, 84.35, $875.50, 98.471440, 86.21174915, 84.562, $84.32, -0.287%, 21659132, 23937838.58, 744.54, 20949455038.70
07-Oct-2008, 87.27, $876.75, 98.470420, 86.33394002, 87.535, $87.31, -0.258%, 20182595, 23959644.90, 745.22, 21005047605.24
08-Oct-2008, 89.50, $903.50, 98.469560, 88.96724575, 89.198, $89.46, 0.293%, 31191147, 24560309.22, 763.90, 22188431099.80
09-Oct-2008, 89.90, $883.50, 98.468300, 86.99674073, 90.969, $89.93, -1.155%, 19925067, 24619390.20, 765.74, 21749185183.44
10-Oct-2008, 83.14, $900.50, 98.467390, 88.66988753, 83.209, $83.16, -0.059%, 44700398, 24776938.02, 770.64, 22309343698.46
13-Oct-2008, 81.95, $831.50, 98.463140, 81.8720996, 82.034, $81.99, -0.054%, 16993160, 24776938.02, 770.64, 20599020260.45
14-Oct-2008, 82.20, $832.50, 98.462080, 81.96967879, 82.457, $82.26, -0.239%, 12361731, 24678475.94, 767.58, 20541601502.65
15-Oct-2008, 83.36, $847.00, 98.461260, 83.39668942, 83.372, $83.38, 0.010%, 16853259, 24678475.94, 767.58, 20899210368.86
16-Oct-2008, 79.34, $802.50, 98.459280, 79.01357219, 79.304, $79.34, 0.045%, 30612790, 24333868.46, 756.86, 19524253689.24
17-Oct-2008, 77.21, $784.50, 98.457780, 77.24012502, 77.402, $77.24, -0.210%, 15267076, 24333868.46, 756.86, 19086034892.58
20-Oct-2008, 78.51, $795.00, 98.454830, 78.27159139, 78.463, $78.52, 0.073%, 9297545, 24314177.50, 756.25, 19325255914.22
21-Oct-2008, 76.00, $772.00, 98.453070, 76.00576823, 76.059, $76.02, -0.051%, 10846414, 24294486.88, 755.64, 18750623022.66
22-Oct-2008, 71.79, $744.00, 98.451060, 73.24758556, 71.795, $71.72, -0.105%, 23270326, 24294486.88, 755.64, 18070179358.39
23-Oct-2008, 70.65, $720.00, 98.449080, 70.88334023, 70.917, $70.68, -0.335%, 16643525, 24018829.46, 747.06, 17288446688.33
24-Oct-2008, 72.21, $712.50, 98.447700, 70.14398515, 72.127, $72.22, 0.129%, 22465431, 24018829.46, 747.06, 17108117979.10
27-Oct-2008, 72.17, $730.50, 98.445270, 71.91426699, 71.968, $72.16, 0.266%, 12120676, 24087741.15, 749.21, 17590229707.69
28-Oct-2008, 73.78, $730.50, 98.444190, 71.9134789, 73.434, $73.77, 0.455%, 8457205, 24087741.15, 749.21, 17590036938.04
29-Oct-2008, 74.00, $764.00, 98.444600, 75.21167071, 74.497, $73.97, -0.712%, 16113857, 24087741.15, 749.21, 18396774655.79
30-Oct-2008, 72.71, $755.25, 98.443130, 74.34917262, 72.646, $72.59, -0.077%, 10880541, 24087741.15, 749.21, 18185807622.03
31-Oct-2008, 71.34, $730.75, 98.440880, 71.93567103, 71.325, $71.34, 0.021%, 9510402, 24087741.15, 749.21, 17595465134.76
03-Nov-2008, 71.13, $729.50, 98.437570, 71.81020979, 71.224, $71.11, -0.160%, 6792400, 24087741.15, 749.21, 17564777313.57
04-Nov-2008, 75.45, $741.25, 98.437140, 72.96652772, 75.397, $75.47, 0.097%, 11409111, 24087741.15, 749.21, 17847612679.64
05-Nov-2008, 72.80, $753.75, 98.436740, 74.19669074, 72.907, $72.88, -0.037%, 10312445, 24087741.15, 749.21, 18148510554.02
06-Nov-2008, 72.22, $754.50, 98.435700, 74.26973538, 72.325, $72.21, -0.159%, 10683466, 24087741.15, 749.21, 18166377274.10
07-Nov-2008, 72.50, $735.25, 98.433510, 72.37323898, 72.579, $72.55, -0.040%, 6050955, 24087741.15, 749.21, 17702494254.94
10-Nov-2008, 73.56, $753.00, 98.431380, 74.11882658, 73.483, $73.55, 0.091%, 6084449, 24087741.15, 749.21, 18129464981.31
11-Nov-2008, 72.00, $733.75, 98.429070, 72.22233183, 72.173, $72.03, -0.199%, 8353961, 24087741.15, 749.21, 17665582366.67
12-Nov-2008, 70.00, $724.75, 98.427380, 71.33524725, 70.055, $70.03, -0.036%, 10024473, 24079044.08, 748.94, 17448601476.68
13-Nov-2008, 72.16, $713.50, 98.426070, 70.22699911, 72.731, $72.18, -0.763%, 16792716, 24079044.08, 748.94, 17177523981.89
14-Nov-2008, 73.30, $747.50, 98.425740, 73.57323901, 73.056, $73.36, 0.414%, 12800488, 24079044.08, 748.94, 17996014261.78
17-Nov-2008, 72.65, $734.00, 98.422150, 72.24186053, 72.482, $72.65, 0.231%, 7699388, 24079044.08, 748.94, 17670359085.81
18-Nov-2008, 72.55, $738.00, 98.421190, 72.63483466, 72.649, $72.55, -0.136%, 8134771, 24079044.08, 748.94, 17766480558.82
19-Nov-2008, 72.26, $762.00, 98.420780, 74.99663362, 72.226, $72.36, 0.185%, 13944519, 24177464.86, 752.00, 18419173216.77
20-Nov-2008, 73.45, $738.00, 98.419000, 72.63321891, 73.317, $73.47, 0.208%, 13199675, 24177464.86, 752.00, 17838718565.21
21-Nov-2008, 78.83, $774.50, 98.419020, 76.22553285, 78.681, $78.84, 0.202%, 30153952, 24275883.88, 755.06, 18797216399.73
24-Nov-2008, 80.79, $822.50, 98.417270, 80.94820792, 80.835, $80.80, -0.043%, 19808377, 24275883.88, 755.06, 19961828072.18
25-Nov-2008, 80.87, $820.50, 98.416130, 80.75043827, 80.843, $80.87, 0.033%, 17519288, 24275883.88, 755.06, 19913058076.72
26-Nov-2008, 80.38, $812.50, 98.414800, 79.96202315, 80.006, $80.41, 0.502%, 9134617, 24374298.68, 758.12, 19798596933.69
27-Nov-2008, HOLIDAY, HOLIDAY, HOLIDAY, HOLIDAY, HOLIDAY, HOLIDAY, HOLIDAY, HOLIDAY, HOLIDAY, HOLIDAY, HOLIDAY
28-Nov-2008, 80.70, $814.50, 98.412710, 80.15715128, 80.496, $80.48, -0.020%, 3655557, 24374298.68, 758.12, 19846910656.67
01-Dec-2008, 75.65, $778.00, 98.407990, 76.56141361, 75.867, $75.72, -0.194%, 13106356, 24374298.68, 758.12, 18956606010.60
02-Dec-2008, 76.95, $780.00, 98.407000, 76.75745691, 77.067, $76.95, -0.152%, 6935498, 24374298.68, 758.12, 19005146330.10
03-Dec-2008, 76.18, $766.25, 98.405290, 75.40304976, 76.259, $76.16, -0.130%, 10681957, 24374298.68, 758.12, 18669795120.54
04-Dec-2008, 75.47, $773.25, 98.404540, 76.09131155, 75.422, $75.48, 0.077%, 11823697, 24366840.07, 757.89, 18840208740.98
05-Dec-2008, 74.52, $749.00, 98.403220, 73.70401, 74.486, $74.53, 0.059%, 13388709, 24366840.07, 757.89, 18249112876.90
08-Dec-2008, 76.23, $767.25, 98.400250, 75.49758833, 76.068, $76.20, 0.173%, 7235341, 24366840.07, 757.89, 18693202870.46
09-Dec-2008, 76.39, $767.75, 98.399170, 75.54596648, 76.431, $76.36, -0.093%, 7235341, 24366840.07, 757.89, 18705181299.96
10-Dec-2008, 79.78, $802.25, 98.398650, 78.94031939, 79.530, $79.75, 0.276%, 7235341, 24366840.07, 757.89, 19545623081.28
11-Dec-2008, 80.63, $827.76, 98.397990, 81.44893576, 80.740, $80.64, -0.124%, 13966689, 24504597.25, 762.17, 20280785005.70
12-Dec-2008, 80.79, $826.50, 98.396890, 81.32502948, 80.829, $80.78, -0.061%, 12533687, 24504597.25, 762.17, 20249932339.63
15-Dec-2008, 82.53, $826.00, 98.393640, 81.27315033, 82.576, $82.58, 0.005%, 14988571, 24602990.89, 765.23, 20318287577.99
16-Dec-2008, 84.51, $838.25, 98.392830, 82.47779299, 84.514, $84.55, 0.043%, 18628928, 24730901.57, 769.21, 20726669374.05
17-Dec-2008, 85.47, $870.00, 98.392450, 85.60143157, 85.350, $85.45, 0.117%, 21915042, 24927686.47, 775.33, 21682842615.34
18-Dec-2008, 83.89, $855.25, 98.391040, 84.14893663, 84.040, $83.90, -0.167%, 17153667, 24927686.47, 775.33, 21314925649.09
19-Dec-2008, 82.58, $835.75, 98.389480, 82.22900711, 82.563, $82.58, 0.021%, 9121136, 24927686.47, 775.33, 20828607501.69
22-Dec-2008, 83.47, $849.00, 98.386630, 83.5302446, 83.358, $83.42, 0.074%, 6688923, 24927686.47, 775.33, 21158210956.63
23-Dec-2008, 82.62, $843.50, 98.385380, 82.98807072, 82.589, $82.63, 0.050%, 6322080, 24927686.47, 775.33, 21020878312.72
24-Dec-2008, 83.39, $843.50, 98.384090, 82.32288949, 83.395, $83.40, 0.006%, 2065648, 24927686.47, 775.33, 20852387907.22
25-Dec-2008, HOLIDAY, HOLIDAY, HOLIDAY, HOLIDAY, HOLIDAY, HOLIDAY, HOLIDAY, HOLIDAY, HOLIDAY, HOLIDAY, HOLIDAY
26-Dec-2008, 85.60, $843.50, 98.381940, 82.32108516, 85.607, $85.58, -0.032%, 5071111, 24927686.47, 775.33, 20851930871.07
29-Dec-2008, 86.38, $880.25, 98.380280, 86.59924127, 86.274, $86.40, 0.146%, 9059941, 25085094.92, 780.23, 22074146600.14
30-Dec-2008, 85.93, $869.75, 98.378830, 85.56498267, 85.978, $85.92, -0.068%, 7122360, 25085094.92, 780.23, 21810514081.54
31-Dec-2008, 86.55, $869.75, 98.377570, 85.0965954, 86.498, $86.53, 0.037%, 7814384, 25085094.92, 780.23, 21691122167.14
01-Jan-2009, HOLIDAY, HOLIDAY, HOLIDAY, HOLIDAY, HOLIDAY, HOLIDAY, HOLIDAY, HOLIDAY, HOLIDAY, HOLIDAY, HOLIDAY
02-Jan-2009, 86.23, $874.50, 98.375790, 86.02962942, 86.270, $86.25, -0.023%, 6407918, 25085094.92, 780.23, 21928952538.02
05-Jan-2009, 84.46, $853.50, 98.371630, 83.96018193, 84.496, $84.44, -0.066%, 9517006, 25085094.92, 780.23, 21401450373.75
06-Jan-2009, 85.12, $848.25, 98.370300, 83.44260703, 85.006, $85.10, 0.110%, 12862225, 25331020.67, 787.88, 21478127049.66
07-Jan-2009, 82.75, $848.50, 98.369230, 83.4662951, 82.792, $82.74, -0.063%, 13364106, 25331020.67, 787.88, 21484224358.70
08-Jan-2009, 84.45, $855.75, 98.368510, 84.17885316, 84.355, $84.43, 0.089%, 10673297, 25322280.92, 787.60, 21667636802.38
09-Jan-2009, 83.94, $847.25, 98.367350, 83.34173395, 83.892, $83.91, 0.021%, 8858409, 25322280.92, 787.60, 21452162319.79
12-Jan-2009, 80.75, $827.00, 98.363820, 81.34687833, 80.781, $80.78, -0.001%, 14743619, 25322280.92, 787.60, 20938686481.79
13-Jan-2009, 80.88, $826.50, 98.362730, 81.29679882, 80.849, $80.88, 0.038%, 10014777, 25322280.92, 787.60, 20925796015.02
14-Jan-2009, 79.79, $821.50, 98.361570, 80.80402748, 79.835, $79.75, -0.107%, 15595449, 25420642.49, 790.66, 20879760703.90
15-Jan-2009, 80.34, $810.00, 98.360270, 79.67181772, 80.296, $80.39, 0.117%, 16713582, 25568182.89, 795.25, 20706705427.72
16-Jan-2009, 82.71, $833.75, 98.359670, 82.00737281, 82.853, $82.72, -0.161%, 16454745, 25568182.89, 795.25, 21313716193.92
19-Jan-2009, HOLIDAY, HOLIDAY, HOLIDAY, HOLIDAY, HOLIDAY, HOLIDAY, HOLIDAY, HOLIDAY, HOLIDAY, HOLIDAY, HOLIDAY
20-Jan-2009, 84.51, $853.25, 98.355830, 83.92210936, 84.345, $84.48, 0.160%, 16706195, 25814072.47, 802.90, 22021161501.95
21-Jan-2009, 84.13, $849.25, 98.354650, 83.5276868, 84.117, $84.14, 0.027%, 12260015, 25912427.12, 805.96, 22001192702.36
22-Jan-2009, 84.59, $860.00, 98.353850, 84.58430954, 84.382, $84.56, 0.211%, 18541838, 26335348.67, 819.11, 22643219669.53
23-Jan-2009, 88.52, $875.75, 98.353180, 86.13279313, 88.434, $88.52, 0.097%, 33989287, 26768102.67, 832.57, 23436733029.20
26-Jan-2009, 88.95, $910.25, 98.350890, 89.52389539, 88.923, $88.94, 0.019%, 19078236, 26777937.76, 832.88, 24368404326.08
27-Jan-2009, 88.37, $897.50, 98.349450, 88.2686345, 88.303, $88.37, 0.076%, 11689437, 26777937.76, 832.88, 24026722310.27
28-Jan-2009, 87.41, $895.25, 98.348310, 88.04632367, 87.230, $87.38, 0.172%, 18378683, 26777937.76, 832.88, 23966209304.04
29-Jan-2009, 89.50, $892.25, 98.347140, 87.75023412, 89.245, $89.52, 0.307%, 21097727, 27122152.75, 843.59, 24192739552.59
30-Jan-2009, 91.30, $919.50, 98.346900, 90.4299782, 91.231, $91.31, 0.087%, 21222353, 27122152.75, 843.59, 24931544989.47
02-Feb-2009, 88.81, $918.25, 98.343630, 90.30403704, 88.789, $88.78, -0.010%, 16972384, 27436852.36, 853.37, 25185795934.21
03-Feb-2009, 88.51, $904.50, 98.342070, 88.9504028, 88.738, $88.50, -0.269%, 17510579, 27436852.36, 853.37, 24808267339.83
04-Feb-2009, 89.23, $905.00, 98.341010, 88.99861507, 89.160, $89.21, 0.056%, 14250582, 27633534.38, 859.49, 24999710972.35
05-Feb-2009, 90.16, $920.00, 98.340490, 90.4732484, 90.074, $90.17, 0.106%, 17038598, 27881022.07, 867.19, 25649165928.21
06-Feb-2009, 89.62, $913.00, 98.339370, 89.78384418, 89.651, $89.61, -0.046%, 12330190, 27881022.07, 867.19, 25453719825.83
09-Feb-2009, 88.31, $895.00, 98.335960, 88.01068819, 88.123, $88.31, 0.212%, 21207803, 28353034.67, 881.87, 25373481387.18
10-Feb-2009, 90.23, $909.75, 98.335040, 89.46030524, 90.256, $90.24, -0.018%, 21207803, 28766041.84, 894.72, 26167139271.04
11-Feb-2009, 92.30, $938.00, 98.334280, 92.23755311, 92.360, $92.30, -0.065%, 55337818, 30064054.34, 935.09, 28197020005.48
12-Feb-2009, 93.18, $943.25, 98.333260, 92.75284774, 93.175, $93.19, 0.016%, 38701518, 31204720.15, 970.57, 29430478583.54
13-Feb-2009, 92.58, $935.50, 98.332090, 91.98966948, 92.604, $92.62, 0.017%, 14650168, 31696380.60, 985.86, 29648270477.80
16-Feb-2009, HOLIDAY, HOLIDAY, HOLIDAY, HOLIDAY, HOLIDAY, HOLIDAY, HOLIDAY, HOLIDAY, HOLIDAY, HOLIDAY, HOLIDAY
17-Feb-2009, 95.49, $968.00, 98.328290, 95.1817856, 95.422, $95.47, 0.050%, 26915394, 32433842.78, 1008.80, 31390952883.33
18-Feb-2009, 96.89, $964.00, 98.327150, 94.7873709, 96.847, $96.89, 0.044%, 29209395, 32925478.53, 1024.09, 31734811786.52
19-Feb-2009, 95.73, $980.50, 98.326350, 96.40898581, 95.863, $95.74, -0.128%, 21152593, 33082800.69, 1028.98, 32431982827.70
20-Feb-2009, 97.80, $989.00, 98.325420, 97.24384106, 97.622, $97.77, 0.151%, 43793054, 33082800.69, 1028.98, 32712828132.87
23-Feb-2009, 97.74, $985.75, 98.322120, 96.92103071, 97.638, $97.68, 0.043%, 24256458, 33082800.69, 1028.98, 32604234730.45
24-Feb-2009, 94.75, $984.25, 98.321010, 96.77245472, 94.796, $94.75, -0.049%, 37433948, 33082800.69, 1028.98, 32554253766.55
25-Feb-2009, 93.18, $978.50, 98.319800, 96.20592446, 93.477, $93.19, -0.308%, 26093686, 33082800.69, 1028.98, 32363672988.32
26-Feb-2009, 93.06, $936.50, 98.317650, 92.07448251, 93.033, $93.03, -0.003%, 28727365, 33092632.45, 1029.29, 30983063364.10
27-Feb-2009, 92.60, $952.00, 98.317000, 93.59778308, 92.894, $92.59, -0.328%, 30548766, 33092632.45, 1029.29, 31495654005.49
02-Mar-2009, 90.96, $937.25, 98.313310, 92.14415324, 91.033, $91.00, -0.036%, 24156441, 33092632.45, 1029.29, 31006507563.80
03-Mar-2009, 90.00, $913.75, 98.311460, 89.83209339, 89.969, $90.01, 0.046%, 27971113, 33092632.45, 1029.29, 30228499426.30
04-Mar-2009, 89.01, $908.50, 98.310190, 89.31481052, 89.241, $89.05, -0.214%, 19203529, 33092632.45, 1029.29, 30054433738.65
05-Mar-2009, 92.03, $913.00, 98.309280, 89.75637322, 91.727, $92.02, 0.318%, 19203529, 33092632.45, 1029.29, 30203019589.07
06-Mar-2009, 92.33, $936.00, 98.309050, 92.01726836, 92.267, $92.36, 0.101%, 22389744, 33083178.88, 1028.99, 30963810802.33
09-Mar-2009, 90.58, $923.75, 98.305700, 90.80989101, 90.642, $90.59, -0.057%, 18277619, 33083178.88, 1028.99, 30557528325.16
10-Mar-2009, 88.18, $901.50, 98.304380, 88.62139906, 88.242, $88.19, -0.059%, 25633059, 33083178.88, 1028.99, 29821100784.84
11-Mar-2009, 89.15, $899.50, 98.303280, 88.42379895, 89.293, $89.17, -0.138%, 16657389, 33378088.72, 1038.17, 30019879746.68
12-Mar-2009, 91.08, $925.25, 98.302540, 90.95442453, 91.160, $91.03, -0.143%, 20042936, 33486221.52, 1041.53, 30979076994.93
13-Mar-2009, 91.27, $928.00, 98.301500, 91.22379213, 91.287, $91.29, 0.003%, 11637244, 33977729.02, 1056.82, 31526942558.20
16-Mar-2009, 90.82, $919.50, 98.298120, 90.38512308, 90.753, $90.84, 0.096%, 11773565, 34370921.50, 1069.05, 31598639021.10
17-Mar-2009, 90.05, $915.50, 98.296970, 89.99087687, 89.966, $90.06, 0.104%, 10047100, 34370921.50, 1069.05, 31460810555.33
18-Mar-2009, 93.15, $893.25, 98.295440, 87.80240606, 92.589, $93.16, 0.613%, 59094452, 34862398.70, 1084.33, 31134733165.77
19-Mar-2009, 94.29, $956.50, 98.295640, 94.01978149, 94.270, $94.33, 0.064%, 34985877, 35471831.67, 1103.29, 33922337149.78
20-Mar-2009, 93.61, $954.00, 98.294520, 93.77296782, 93.640, $93.61, -0.032%, 18060342, 35835521.39, 1114.60, 34180246787.51
23-Mar-2009, 92.01, $949.25, 98.291170, 93.30289768, 92.270, $92.03, -0.261%, 17632898, 35825692.27, 1114.29, 33999575915.17
24-Mar-2009, 91.00, $923.75, 98.289460, 90.79489071, 91.079, $91.03, -0.054%, 16969879, 36169705.38, 1124.99, 33403440286.06
25-Mar-2009, 91.92, $929.00, 98.288520, 91.31003831, 91.806, $91.94, 0.146%, 24776702, 36169705.38, 1124.99, 33592963093.22
26-Mar-2009, 91.92, $938.25, 98.287700, 92.2184318, 91.825, $91.88, 0.060%, 12362184, 36169705.38, 1124.99, 33927161059.42
27-Mar-2009, 90.71, $924.00, 98.286210, 90.81646263, 90.713, $90.74, 0.030%, 11592315, 36248334.35, 1127.44, 33484029768.06
30-Mar-2009, 89.97, $928.00, 98.283110, 91.20672819, 90.110, $90.02, -0.100%, 16417742, 36248334.35, 1127.44, 33627920683.73
31-Mar-2009, 90.29, $916.50, 98.281650, 90.07513122, 90.306, $90.32, 0.016%, 14386586, 36248334.35, 1127.44, 33210700881.83
01-Apr-2009, 90.98, $924.50, 98.280850, 90.86064667, 90.973, $91.00, 0.030%, 12033440, 36248334.35, 1127.44, 33500320425.80
02-Apr-2009, 88.83, $897.75, 98.278790, 88.22978297, 88.770, $88.83, 0.068%, 24776270, 36248334.35, 1127.44, 32530320981.35
03-Apr-2009, 87.61, $905.00, 98.277990, 88.94158402, 87.727, $87.64, -0.099%, 16336518, 36246127.18, 1127.37, 32801656186.82
06-Apr-2009, 85.29, $870.25, 98.274550, 85.52342373, 85.454, $85.30, -0.181%, 22847208, 36246127.18, 1127.37, 31541038672.20
07-Apr-2009, 86.76, $879.75, 98.273540, 86.45614819, 86.721, $86.75, 0.033%, 10993207, 36246127.18, 1127.37, 31885027451.61
08-Apr-2009, 86.57, $880.00, 98.272470, 86.47977077, 86.533, $86.57, 0.043%, 12210871, 36246127.18, 1127.37, 31893739459.13
09-Apr-2009, 86.29, $880.50, 98.271390, 86.52796313, 86.257, $86.28, 0.027%, 9591897, 36255954.32, 1127.68, 31920165599.57
10-Apr-2009, HOLIDAY, HOLIDAY, HOLIDAY, HOLIDAY, HOLIDAY, HOLIDAY, HOLIDAY, HOLIDAY, HOLIDAY, HOLIDAY, HOLIDAY
13-Apr-2009, 87.86, $880.50, 98.267090, 86.52417019, 87.826, $87.87, 0.050%, 7208637, 36255954.32, 1127.68, 31918766382.43
14-Apr-2009, 87.38, $887.50, 98.266120, 87.21118321, 87.422, $87.40, -0.025%, 7111933, 36255954.32, 1127.68, 32172205486.67
15-Apr-2009, 87.60, $891.00, 98.265100, 87.55420809, 87.637, $87.60, -0.042%, 6802489, 36255954.32, 1127.68, 32298747364.03
16-Apr-2009, 85.88, $880.50, 98.263840, 86.52130674, 85.916, $85.85, -0.077%, 20997219, 35990641.95, 1119.43, 31684102516.71
17-Apr-2009, 85.20, $870.50, 98.262560, 85.53755548, 85.306, $85.19, -0.136%, 22303113, 35558286.69, 1105.98, 30947487561.03
20-Apr-2009, 86.95, $877.00, 98.259480, 86.17356675, 87.043, $86.97, -0.084%, 12518946, 35558286.69, 1105.98, 31177596451.07
21-Apr-2009, 86.85, $888.75, 98.258700, 87.32741865, 86.777, $86.84, 0.073%, 10609803, 35558286.69, 1105.98, 31595060068.59
22-Apr-2009, 87.36, $886.00, 98.257550, 87.05619017, 87.562, $87.37, -0.220%, 10035428, 35558286.69, 1105.98, 31496929604.59
23-Apr-2009, 88.78, $897.50, 98.256780, 88.18546227, 88.809, $88.75, -0.066%, 15938518, 35509158.30, 1104.45, 31861407518.30
24-Apr-2009, 89.70, $907.50, 98.255980, 89.16730153, 89.653, $89.69, 0.041%, 11420872, 35509158.30, 1104.45, 32216146043.74
27-Apr-2009, 89.02, $907.50, 98.252750, 89.16437004, 89.021, $88.99, -0.035%, 7145784, 35509158.30, 1104.45, 32215086894.36
28-Apr-2009, 87.82, $891.00, 98.251140, 87.54176352, 87.772, $87.84, 0.077%, 8550135, 35509158.30, 1104.45, 31628839161.26
29-Apr-2009, 88.37, $898.25, 98.250310, 88.25333828, 88.351, $88.38, 0.033%, 8066580, 35509158.30, 1104.45, 31885931120.21
30-Apr-2009, 87.29, $883.25, 98.248700, 86.7781626, 87.298, $87.31, 0.014%, 9695880, 35509158.30, 1104.45, 31352950148.02
01-May-2009, 86.98, $884.50, 98.247670, 86.90006232, 86.973, $86.97, -0.003%, 6116339, 35509158.30, 1104.45, 31396992515.49
04-May-2009, 88.66, $884.50, 98.244440, 86.89720536, 88.641, $88.65, 0.010%, 10802148, 35509158.30, 1104.45, 31395960296.89
05-May-2009, 88.28, $910.00, 98.244400, 89.40240754, 88.218, $88.30, 0.093%, 9943047, 35509158.30, 1104.45, 32301089845.01
06-May-2009, 89.57, $910.00, 98.243330, 89.40142779, 89.455, $89.55, 0.106%, 11316045, 35497611.03, 1104.09, 32300735860.45
07-May-2009, 89.39, $912.25, 98.242270, 89.62150742, 89.464, $89.39, -0.083%, 14792582, 35497611.03, 1104.09, 32380250629.31
08-May-2009, 89.95, $907.00, 98.241150, 89.10472007, 89.925, $89.94, 0.017%, 10886265, 35497611.03, 1104.09, 32193535361.69
11-May-2009, 89.72, $913.00, 98.237990, 89.69128228, 89.745, $89.73, -0.017%, 12115519, 35497611.03, 1104.09, 32405460287.76
12-May-2009, 90.71, $917.00, 98.236960, 90.08329379, 90.697, $90.73, 0.036%, 15705000, 35497611.03, 1104.09, 32547094047.46
13-May-2009, 91.07, $924.00, 98.235980, 90.77004683, 91.010, $91.05, 0.044%, 17161412, 35546729.02, 1105.62, 32840602943.80
14-May-2009, 91.00, $925.25, 98.234920, 90.89186283, 90.990, $91.01, 0.022%, 8012973, 35546729.02, 1105.62, 32884675971.10
15-May-2009, 91.54, $929.50, 98.233910, 91.30842326, 91.529, $91.52, -0.010%, 11640366, 35546729.02, 1105.62, 33035387533.80
18-May-2009, 90.34, $921.00, 98.230520, 90.47030836, 90.239, $90.33, 0.101%, 17331687, 35546729.02, 1105.62, 32732157565.33
19-May-2009, 90.96, $924.75, 98.229520, 90.83774911, 90.837, $90.94, 0.113%, 9635527, 35546729.02, 1105.62, 32865097629.73
20-May-2009, 92.25, $939.50, 98.228760, 92.28592032, 92.114, $92.25, 0.147%, 18034146, 35546729.02, 1105.62, 33389045971.35
21-May-2009, 93.81, $937.50, 98.227640, 92.08841179, 93.792, $93.81, 0.019%, 21792014, 35546729.02, 1105.62, 33317587385.06
22-May-2009, 94.11, $959.75, 98.227070, 94.2734337, 94.047, $94.12, 0.078%, 15384864, 35969105.42, 1118.76, 34513504064.72
25-May-2009, HOLIDAY, HOLIDAY, HOLIDAY, HOLIDAY, HOLIDAY, HOLIDAY, HOLIDAY, HOLIDAY, HOLIDAY, HOLIDAY, HOLIDAY
26-May-2009, 93.74, $945.00, 98.222370, 92.82013843, 93.650, $93.73, 0.085%, 12347920, 35969105.42, 1118.76, 33981452678.12
27-May-2009, 93.44, $951.00, 98.221460, 93.40861116, 93.364, $93.43, 0.071%, 13682474, 35969105.42, 1118.76, 34196892546.04
28-May-2009, 94.24, $957.75, 98.220580, 94.07076369, 94.168, $94.20, 0.034%, 14950527, 35969105.42, 1118.76, 34439306586.40
29-May-2009, 96.16, $975.50, 98.220030, 95.81364052, 96.172, $96.18, 0.008%, 18116993, 35969105.42, 1118.76, 35077373793.76
01-Jun-2009, 95.72, $981.75, 98.217000, 96.42454254, 95.727, $95.71, -0.018%, 17688896, 36460190.42, 1134.03, 35783147721.62
02-Jun-2009, 96.39, $980.00, 98.215870, 96.25155199, 96.428, $96.39, -0.039%, 14471904, 36460190.42, 1134.03, 35718950943.54
03-Jun-2009, 94.43, $976.75, 98.214680, 95.93119155, 94.590, $94.46, -0.138%, 18197441, 36411083.08, 1132.50, 35552099588.36
04-Jun-2009, 96.30, $970.75, 98.213390, 95.34065265, 96.308, $96.25, -0.060%, 13580234, 36411083.08, 1132.50, 35333245872.00
05-Jun-2009, 93.67, $962.00, 98.211990, 94.4799384, 93.792, $93.69, -0.109%, 18524199, 36399884.31, 1132.15, 35014265172.88
08-Jun-2009, 93.59, $943.75, 98.208590, 92.68435894, 93.582, $93.59, 0.009%, 11541848, 36399884.31, 1132.15, 34348823422.94
09-Jun-2009, 93.82, $956.00, 98.207650, 93.88651024, 93.778, $93.83, 0.055%, 9475674, 36399884.31, 1132.15, 34794340693.68
10-Jun-2009, 93.85, $953.75, 98.206540, 93.66449148, 93.708, $93.84, 0.141%, 14436889, 36399884.31, 1132.15, 34712060543.68
11-Jun-2009, 93.70, $947.50, 98.205390, 93.0496043, 93.707, $93.69, -0.018%, 14661215, 36399884.31, 1132.15, 34484183353.76
12-Jun-2009, 92.21, $937.25, 98.204160, 92.04185299, 92.203, $92.21, 0.008%, 13805387, 36399884.31, 1132.15, 34110710719.52
15-Jun-2009, 91.12, $932.25, 98.200850, 91.54773842, 91.199, $91.15, -0.054%, 13017574, 36399884.31, 1132.15, 33927591856.76
16-Jun-2009, 91.89, $934.00, 98.199800, 91.71861615, 91.836, $91.90, 0.070%, 9829075, 36399884.31, 1132.15, 33990919146.98
17-Jun-2009, 92.31, $930.50, 98.198660, 91.37384901, 92.238, $92.30, 0.067%, 11961229, 36399884.31, 1132.15, 33863148444.84
18-Jun-2009, 91.55, $940.50, 98.197790, 92.35502481, 91.549, $91.56, 0.012%, 16225843, 36399884.31, 1132.15, 34226772195.87
19-Jun-2009, 91.89, $935.25, 98.196600, 91.8383697, 91.813, $91.88, 0.073%, 11755032, 36399884.31, 1132.15, 34035299809.59
22-Jun-2009, 90.56, $919.25, 98.192950, 90.26386694, 90.543, $90.55, 0.008%, 12942690, 36370426.42, 1131.24, 33424709925.83
23-Jun-2009, 90.92, $920.75, 98.191910, 90.41020435, 90.925, $90.92, -0.005%, 12056234, 36370426.42, 1131.24, 33478898669.40
24-Jun-2009, 91.43, $933.50, 98.191200, 91.66148969, 91.563, $91.44, -0.135%, 12104914, 36370426.42, 1131.24, 33942249632.33
25-Jun-2009, 92.30, $937.25, 98.190240, 92.02880169, 92.249, $92.29, 0.044%, 11443701, 36193683.99, 1125.74, 33912613422.48
26-Jun-2009, 92.31, $942.00, 98.189310, 92.49432807, 92.327, $92.31, -0.018%, 10411344, 36193683.99, 1125.74, 34084159892.30
29-Jun-2009, 92.08, $935.50, 98.185860, 91.852871, 92.088, $92.08, -0.009%, 6517975, 36193683.99, 1125.74, 33847782961.69
30-Jun-2009, 91.14, $934.50, 98.184750, 91.75364651, 91.085, $91.14, 0.060%, 23617132, 36026769.92, 1120.55, 33655237536.65
01-Jul-2009, 92.36, $938.25, 98.183810, 92.12095861, 92.312, $92.37, 0.063%, 10740916, 36026769.92, 1120.55, 33789967618.75
02-Jul-2009, 91.26, $929.50, 98.182400, 91.26054126, 91.348, $91.26, -0.096%, 7351452, 36026769.92, 1120.55, 33474366535.60
03-Jul-2009, HOLIDAY, HOLIDAY, HOLIDAY, HOLIDAY, HOLIDAY, HOLIDAY, HOLIDAY, HOLIDAY, HOLIDAY, HOLIDAY, HOLIDAY
06-Jul-2009, 90.81, $924.50, 98.178140, 90.76569103, 90.814, $90.81, -0.004%, 6280190, 36015305.45, 1120.19, 33292855468.17
07-Jul-2009, 90.74, $924.00, 98.177060, 90.71560294, 90.676, $90.74, 0.0702%, 7630664, 36015305.45, 1120.19, 33274483160.00
08-Jul-2009, 89.25, $918.00, 98.175910, 90.12548812, 89.232, $89.24, 0.009%, 12937383, 35681507.35, 1109.81, 32751602392.86
09-Jul-2009, 89.54, $911.75, 98.174750, 89.5108324, 89.556, $89.56, 0.004%, 13677051, 35681507.35, 1109.81, 32528236494.17
10-Jul-2009, 89.58, $913.00, 98.173700, 89.63258507, 89.583, $89.59, 0.008%, 5038182, 35681507.35, 1109.81, 32572481415.74
13-Jul-2009, 90.22, $908.50, 98.170390, 89.18779727, 90.346, $90.23, -0.129%, 8807459, 35681507.35, 1109.81, 32410845527.92
14-Jul-2009, 90.82, $924.75, 98.169620, 90.78235685, 90.806, $90.82, 0.015%, 5716862, 35190659.25, 1094.54, 32536396700.31
15-Jul-2009, 92.22, $938.00, 98.168810, 92.08234169, 92.209, $92.22, 0.012%, 9787892, 35190659.25, 1094.54, 33002311262.26
16-Jul-2009, 91.93, $935.00, 98.167670, 91.78677113, 91.992, $91.96, -0.035%, 4601537, 35200476.02, 1094.85, 32905557449.43
17-Jul-2009, 91.90, $937.50, 98.166650, 92.0312331, 91.972, $91.90, -0.078%, 8590184, 35190659.35, 1094.54, 32983993942.78
20-Jul-2009, 93.32, $952.75, 98.163800, 93.52556145, 93.314, $93.33, 0.017%, 13093983, 35190659.35, 1094.54, 33519561223.31
21-Jul-2009, 93.13, $947.75, 98.162600, 93.03360077, 93.077, $93.15, 0.078%, 9357291, 35121945.53, 1092.41, 33278118994.24
22-Jul-2009, 93.43, $948.25, 98.161530, 93.08167482, 93.331, $93.42, 0.095%, 10234879, 34935438.63, 1086.61, 33118459908.27
23-Jul-2009, 93.31, $950.00, 98.160510, 93.25248261, 93.223, $93.28, 0.061%, 10145312, 34935438.63, 1086.61, 33179233313.85
24-Jul-2009, 93.44, $951.50, 98.159480, 93.39874168, 93.447, $93.43, -0.018%, 4730681, 34935438.63, 1086.61, 33231272289.46
27-Jul-2009, 93.71, $955.00, 98.156360, 93.73932676, 93.660, $93.70, 0.043%, 5119126, 34935438.63, 1086.61, 33352452461.64
28-Jul-2009, 92.10, $944.25, 98.154920, 92.68278557, 91.971, $92.09, 0.129%, 10805928, 34827468.21, 1083.25, 32874584044.23
29-Jul-2009, 91.21, $931.00, 98.153370, 91.38078624, 91.243, $91.19, -0.058%, 9664563, 34493746.76, 1072.87, 32102070200.72
30-Jul-2009, 91.59, $932.50, 98.152350, 91.52706647, 91.654, $91.59, -0.070%, 6243646, 34493746.76, 1072.87, 32153458450.31
31-Jul-2009, 93.36, $939.00, 98.151530, 92.16428403, 93.518, $93.38, -0.148%, 14379784, 34493746.76, 1072.87, 32377312980.45
03-Aug-2009, 93.78, $959.75, 98.149150, 94.19865054, 93.918, $93.80, -0.126%, 9961002, 34493746.76, 1072.87, 33091985933.90
04-Aug-2009, 94.70, $960.50, 98.148110, 94.27125906, 94.781, $94.72, -0.064%, 11483947, 34493746.76, 1072.87, 33117493308.55
05-Aug-2009, 94.75, $960.50, 98.147030, 94.27022595, 94.711, $94.74, 0.031%, 8975108, 34493746.76, 1072.87, 33117130377.12
06-Aug-2009, 94.57, $964.00, 98.146110, 94.6128501, 94.563, $94.55, -0.014%, 13582433, 34493746.76, 1072.87, 33237494240.26
07-Aug-2009, 93.71, $956.00, 98.144680, 93.82631097, 93.718, $93.72, 0.002%, 8036048, 34366158.67, 1068.90, 32839208835.51
10-Aug-2009, 92.93, $945.00, 98.140910, 92.74315886, 92.860, $92.92, 0.065%, 6418735, 34354829.98, 1068.55, 32460105599.50
11-Aug-2009, 92.79, $942.75, 98.139800, 92.52129243, 92.830, $92.78, -0.054%, 5017201, 34256690.18, 1065.49, 32289931055.51
12-Aug-2009, 92.91, $947.25, 98.138800, 92.96197882, 92.898, $92.91, 0.013%, 7897810, 34256690.18, 1065.49, 32443730609.70
13-Aug-2009, 93.70, $953.50, 98.137840, 93.57443275, 93.672, $93.69, 0.019%, 6754218, 34256690.18, 1065.49, 32657477029.26
14-Aug-2009, 92.98, $953.50, 98.136770, 93.57340728, 93.092, $92.99, -0.110%, 6188355, 34256690.18, 1065.49, 32657119139.10
17-Aug-2009, 91.65, $932.75, 98.133050, 91.53360161, 91.636, $91.65, 0.015%, 6832000, 34256690.18, 1065.49, 31945226960.73
18-Aug-2009, 92.04, $935.00, 98.132030, 91.75344867, 92.047, $92.04, -0.008%, 4347336, 34256690.18, 1065.49, 32021953584.28
19-Aug-2009, 92.55, $943.00, 98.131160, 92.53768819, 92.498, $92.54, 0.045%, 7091681, 34256690.18, 1065.49, 32295653176.89
20-Aug-2009, 92.27, $940.50, 98.130020, 92.291285, 92.320, $92.28, -0.043%, 3971281, 34256690.18, 1065.49, 32209658465.00
21-Aug-2009, 93.62, $952.50, 98.129280, 93.46814115, 93.634, $93.62, -0.015%, 7279755, 34286128.97, 1066.41, 32648421701.40
24-Aug-2009, 92.31, $951.50, 98.126020, 93.36691265, 92.346, $92.31, -0.039%, 8515968, 34286128.97, 1066.41, 32613062587.15
25-Aug-2009, 92.77, $950.50, 98.124920, 93.26773384, 92.747, $92.77, 0.025%, 8214863, 34138941.59, 1061.83, 32438517825.79
26-Aug-2009, 92.81, $940.50, 98.123500, 92.28515429, 92.795, $92.81, 0.016%, 5223088, 34138941.59, 1061.83, 32096776660.57
27-Aug-2009, 93.14, $943.00, 98.122520, 92.5295323, 93.167, $93.15, -0.018%, 6776647, 34138941.59, 1061.83, 32181771333.72
28-Aug-2009, 93.84, $955.50, 98.121890, 93.75546507, 93.765, $93.84, 0.080%, 6752728, 34138941.59, 1061.83, 32608150750.02
31-Aug-2009, 93.37, $955.50, 98.118660, 93.75238273, 93.310, $93.38, 0.075%, 4949860, 34138941.59, 1061.83, 32607078712.98
01-Sep-2009, 93.90, $955.00, 98.117570, 93.70227743, 93.888, $93.92, 0.034%, 7929752, 34138941.59, 1061.83, 32589652091.39
02-Sep-2009, 96.19, $964.75, 98.116890, 94.65826905, 96.085, $96.19, 0.109%, 27520538, 34188000.03, 1063.36, 32969475112.08
03-Sep-2009, 97.43, $983.00, 98.116550, 96.44857297, 97.370, $97.41, 0.041%, 26004593, 34658959.47, 1078.01, 34055991095.23
04-Sep-2009, 97.52, $989.00, 98.115720, 97.03644678, 97.536, $97.53, -0.006%, 14906975, 34646882.42, 1077.63, 34263569356.76
07-Sep-2009, HOLIDAY, HOLIDAY, HOLIDAY, HOLIDAY, HOLIDAY, HOLIDAY, HOLIDAY, HOLIDAY, HOLIDAY, HOLIDAY, HOLIDAY
08-Sep-2009, 97.47, $1000.75, 98.111530, 98.1851099, 97.523, $97.47, -0.0542%, 22798147, 34646882.42, 1077.63, 34669162305.00
09-Sep-2009, 97.12, $999.50, 98.110440, 98.06138273, 97.110, $97.12, 0.0106%, 20358892, 34646882.42, 1077.63, 34625474240.57
10-Sep-2009, 97.65, $990.75, 98.109260, 97.20174989, 97.668, $97.67, 0.0023%, 11718052, 34646882.42, 1077.63, 34321937884.48
11-Sep-2009, 98.76, $1008.25, 98.108410, 98.91780105, 98.717, $98.77, 0.0540%, 19459582, 34646882.42, 1077.63, 34927875551.30
14-Sep-2009, 97.95, $999.25, 98.105040, 98.03146057, 98.007, $97.96, -0.0479%, 977979, 34686124.43, 1078.85, 34654121310.14
15-Sep-2009, 98.90, $996.00, 98.103910, 97.71149327, 98.840, $98.89, 0.0509%, 16236205, 34686124.43, 1078.85, 34541012869.93
16-Sep-2009, 99.91, $1015.75, 98.103190, 99.64831058, 99.898, $99.90, 0.0015%, 16392701, 34931382.41, 1086.48, 35474798576.48
17-Sep-2009, 99.35, $1018.50, 98.102160, 99.91705073, 99.397, $99.36, -0.0373%, 12341853, 34931382.41, 1086.48, 35570470060.45
18-Sep-2009, 98.67, $1012.00, 98.100960, 99.27817065, 99.023, $98.71, -0.3162%, 13844644, 34931382.41, 1086.48, 35343028749.69
21-Sep-2009, 98.36, $997.00, 98.097390, 97.80309496, 98.352, $98.39, 0.0382%, 11106935, 35421869.36, 1101.73, 35306917295.02
22-Sep-2009, 99.67, $1014.00, 98.096720, 99.47007078, 99.598, $99.66, 0.0627%, 10828391, 35421869.36, 1101.73, 35908695549.80
23-Sep-2009, 98.83, $1010.25, 98.095550, 99.10102902, 98.792, $98.84, 0.0486%, 14677563, 35421869.36, 1101.73, 35775471475.46
24-Sep-2009, 97.55, $1009.75, 98.094460, 99.05088276, 97.555, $97.53, -0.0256%, 23223894, 35176633.21, 1094.11, 35509741472.45
25-Sep-2009, 97.00, $991.50, 98.092890, 97.25909569, 97.073, $97.03, -0.0440%, 10707516, 35176633.21, 1094.11, 34867385803.91
28-Sep-2009, 97.05, $991.75, 98.089670, 97.28042832, 97.050, $97.05, 0.0001%, 7786420, 35176633.21, 1094.11, 34875033553.37
29-Sep-2009, 97.43, $989.50, 98.088520, 97.05859081, 97.343, $97.41, 0.0688%, 9135101, 35176633.21, 1094.11, 34795504803.87
30-Sep-2009, 98.85, $995.75, 98.087650, 97.67078112, 98.813, $98.84, 0.0268%, 18657577, 35215868.27, 1095.33, 35054043342.43
01-Oct-2009, 97.92, $1004.75, 98.086880, 98.55279613, 97.969, $97.92, -0.0502%, 10991888, 35215868.27, 1095.33, 35370598529.57
02-Oct-2009, 98.34, $1003.50, 98.085770, 98.42906535, 98.321, $98.34, 0.0191%, 10412891, 35255102.57, 1096.55, 35365563181.73
05-Oct-2009, 99.82, $1005.50, 98.082620, 98.62207049, 99.750, $99.80, 0.0501%, 11652677, 35304143.88, 1098.07, 35484220960.63
06-Oct-2009, 102.28, $1038.75, 98.082790, 101.88349643, 102.163, $102.27, 0.1047%, 33414877, 35382610.12, 1100.51, 36739188810.84
07-Oct-2009, 102.38, $1040.25, 98.081770, 102.02956053, 102.368, $102.37, 0.0020%, 16149070, 35665560.48, 1109.31, 37097948206.90
08-Oct-2009, 103.64, $1045.00, 98.080730, 102.49436526, 103.632, $103.63, -0.0020%, 24062613, 35665560.48, 1109.31, 37266951209.74
09-Oct-2009, 102.84, $1051.50, 98.079720, 103.1308207, 102.827, $102.82, -0.0066%, 15162169, 35665560.48, 1109.31, 37498366407.32
12-Oct-2009, 103.56, $1058.75, 98.076580, 103.83857557, 103.559, $103.54, -0.0184%, 9041610, 35665560.48, 1109.31, 37755706078.14
13-Oct-2009, 104.23, $1057.50, 98.075490, 103.71482633, 104.235, $104.24, 0.0052%, 17294837, 35665560.48, 1109.31, 37710710854.96
14-Oct-2009, 104.18, $1059.50, 98.074440, 103.90986778, 104.135, $104.15, 0.0140%, 17789473, 35665560.48, 1109.31, 37781627926.13
15-Oct-2009, 102.86, $1053.50, 98.073270, 103.32019489, 102.859, $102.88, 0.0202%, 15755140, 35665560.48, 1109.31, 37567222863.18
16-Oct-2009, 103.18, $1047.50, 98.072100, 102.73052846, 103.191, $103.21, 0.0180%, 14087417, 35665560.48, 1109.31, 37352820149.86
19-Oct-2009, 104.23, $1050.50, 98.068940, 103.02141814, 104.218, $104.22, 0.0021%, 13813535, 35665560.48, 1109.31, 37458587634.26
20-Oct-2009, 103.42, $1061.75, 98.068090, 104.12379067, 103.462, $103.44, -0.0211%, 18244540, 35665560.48, 1109.31, 37859410287.40
21-Oct-2009, 103.72, $1053.75, 98.066840, 103.33793739, 103.774, $103.75, -0.0234%, 15864920, 35626333.74, 1108.09, 37532338859.75
22-Oct-2009, 103.92, $1053.00, 98.065750, 103.26323813, 103.861, $103.89, 0.0275%, 11567807, 35626333.74, 1108.09, 37505208088.96
23-Oct-2009, 103.49, $1061.75, 98.064880, 104.12038567, 103.488, $103.48, -0.0076%, 11409161, 35626333.74, 1108.09, 37816524076.98
26-Oct-2009, 101.83, $1054.00, 98.061450, 103.35677244, 101.837, $101.85, 0.0129%, 21468238, 35587109.16, 1106.87, 37497837039.61
27-Oct-2009, 101.83, $1036.50, 98.059890, 101.63908082, 101.982, $101.86, -0.1199%, 18390103, 35547885.20, 1105.65, 36834002888.65
28-Oct-2009, 100.73, $1031.75, 98.058680, 101.17204367, 100.824, $100.74, -0.0832%, 19341982, 35508661.73, 1104.43, 36624279806.81
29-Oct-2009, 102.70, $1040.50, 98.057870, 102.029215, 102.696, $102.69, -0.0058%, 15257081, 35508661.73, 1104.43, 36934575830.07
30-Oct-2009, 102.50, $1040.00, 98.056780, 101.9790523, 102.518, $102.52, 0.0016%, 15217373, 35479244.70, 1103.52, 36885823215.92
02-Nov-2009, 103.95, $1062.00, 98.054300, 104.13366153, 103.889, $103.92, 0.0303%, 15288320, 35479244.70, 1103.52, 37665145374.08
03-Nov-2009, 106.47, $1061.00, 98.053190, 104.03443117, 106.417, $106.44, 0.0215%, 33444756, 35636129.80, 1108.40, 37795708844.81
04-Nov-2009, 107.11, $1090.00, 98.053090, 106.87787251, 107.025, $107.10, 0.0701%, 26942720, 35636129.80, 1108.40, 38828731084.07
05-Nov-2009, 106.98, $1089.00, 98.051990, 106.77861223, 106.926, $106.97, 0.0414%, 10131972, 35634373.02, 1108.34, 38803347686.17
06-Nov-2009, 107.43, $1096.75, 98.050960, 107.53738527, 107.474, $107.45, -0.0220%, 14748701, 35634373.02, 1108.34, 39079085808.43
09-Nov-2009, 108.21, $1106.75, 98.047820, 108.51442174, 108.196, $108.21, 0.0132%, 18435459, 35830468.66, 1114.44, 39651169705.30
10-Nov-2009, 108.39, $1101.50, 98.046690, 107.9984326, 108.371, $108.40, 0.0268%, 15962478, 35830468.66, 1114.44, 39462627272.94
11-Nov-2009, 109.60, $1115.25, 98.045760, 109.34553462, 109.586, $109.62, 0.0313%, 17646493, 35830468.66, 1114.44, 39954858350.77
12-Nov-2009, 108.19, $1114.75, 98.044680, 109.29530775, 108.261, $108.20, -0.0563%, 17792869, 35830468.66, 1114.44, 39936505451.31
13-Nov-2009, 109.74, $1104.00, 98.043470, 108.23999583, 109.740, $109.76, 0.0182%, 17236710, 35810859.97, 1113.83, 39529246475.82
16-Nov-2009, 111.63, $1130.00, 98.040640, 110.78592293, 111.639, $111.61, -0.0259%, 24797733, 35810859.97, 1113.83, 40459019053.90
17-Nov-2009, 111.97, $1134.75, 98.039640, 111.25048025, 111.922, $111.97, 0.0428%, 19483945, 35810859.97, 1113.83, 40628675388.10
18-Nov-2009, 112.29, $1149.00, 98.038790, 112.6465753, 112.274, $112.29, 0.0142%, 21954562, 35928506.52, 1117.49, 41273705188.14
19-Nov-2009, 112.30, $1135.50, 98.037490, 111.32157028, 112.224, $112.31, 0.0771%, 21179505, 35928506.52, 1117.49, 40788223351.07
20-Nov-2009, 112.94, $1140.00, 98.036500, 111.76160716, 112.781, $112.88, 0.0876%, 17276569, 35928506.52, 1117.49, 40949452864.34
23-Nov-2009, 114.29, $1169.50, 98.033870, 114.65061658, 114.239, $114.27, 0.0273%, 24407016, 36055950.55, 1121.46, 42157031716.92
24-Nov-2009, 114.75, $1163.25, 98.032670, 114.03650394, 114.688, $114.73, 0.0363%, 22569535, 36085360.35, 1122.37, 41965433451.74
25-Nov-2009, 116.61, $1179.75, 98.031950, 115.65319423, 116.697, $116.62, -0.0662%, 24436293, 36261817.86, 1127.86, 42768551224.69
26-Nov-2009, HOLIDAY, HOLIDAY, HOLIDAY, HOLIDAY, HOLIDAY, HOLIDAY, HOLIDAY, HOLIDAY, HOLIDAY, HOLIDAY, HOLIDAY
27-Nov-2009, 114.99, $1166.50, 98.029490, 114.35140298, 115.449, $114.80, -0.5624%, 21134503, 36261817.86, 1127.86, 42287148823.58
30-Nov-2009, 115.64, $1175.75, 98.026510, 115.25466932, 115.642, $115.64, -0.0016%, 16330347, 36330436.41, 1129.99, 42701854984.10
01-Dec-2009, 117.38, $1192.50, 98.025880, 116.89585738, 117.347, $117.41, 0.0539%, 27585932, 36350041.59, 1130.60, 43333294332.02
02-Dec-2009, 119.18, $1212.50, 98.025330, 118.85571166, 119.062, $119.18, 0.0995%, 30943973, 36369646.66, 1131.21, 44083583453.79
03-Dec-2009, 118.70, $1208.75, 98.024150, 118.48669632, 118.648, $118.71, 0.0519%, 28700381, 36378539.33, 1131.49, 43970413003.97
04-Dec-2009, 113.78, $1190.25, 98.023010, 116.67188233, 113.609, $113.77, 0.1420%, 79062794, 36329527.82, 1129.97, 43238599590.44
07-Dec-2009, 113.11, $1142.50, 98.019440, 111.98721565, 113.252, $113.12, -0.1163%, 42379060, 36329527.82, 1129.97, 41502462120.36
08-Dec-2009, 110.95, $1146.75, 98.018410, 112.40260679, 110.869, $110.90, 0.0283%, 37530793, 35888444.98, 1116.25, 41150594347.54
09-Dec-2009, 110.84, $1141.00, 98.017280, 111.83771397, 110.828, $110.84, 0.0107%, 37042474, 35888444.98, 1116.25, 40943787084.97
10-Dec-2009, 110.82, $1128.50, 98.016070, 110.61113832, 110.886, $110.85, -0.0321%, 20471984, 35888444.98, 1116.25, 40494737739.96
11-Dec-2009, 109.32, $1124.00, 98.014950, 110.16880014, 109.198, $109.31, 0.1021%, 28918563, 35888444.98, 1116.25, 40332797729.46
14-Dec-2009, 110.24, $1123.75, 98.011720, 110.14067119, 110.224, $110.22, -0.0036%, 16178801, 35898246.15, 1116.55, 40333513788.32
15-Dec-2009, 110.21, $1122.00, 98.010620, 109.96791517, 110.086, $110.20, 0.1040%, 19981128, 35898246.15, 1116.55, 40270250534.91
16-Dec-2009, 111.59, $1137.50, 98.009800, 111.48614402, 111.545, $111.58, 0.0314%, 22784177, 36025658.89, 1120.51, 40971157926.36
17-Dec-2009, 107.34, $1117.00, 98.008370, 109.4753497, 107.339, $107.40, 0.0570%, 34851983, 36025658.89, 1120.51, 40232191013.60
18-Dec-2009, 108.95, $1104.50, 98.007060, 108.24880083, 109.023, $108.97, -0.0487%, 25321616, 36221673.01, 1126.61, 39997931907.33
21-Dec-2009, 106.95, $1105.50, 98.003860, 108.3432698, 106.991, $106.95, -0.0381%, 23292689, 36417680.73, 1132.71, 40249524731.75
22-Dec-2009, 106.17, $1084.00, 98.002290, 106.23448745, 106.087, $106.18, 0.0872%, 28628220, 36417680.73, 1132.71, 39466112086.04
23-Dec-2009, 106.55, $1085.25, 98.001250, 106.35585783, 106.782, $106.58, -0.1893%, 16220846, 36417680.73, 1132.71, 39511201182.73
24-Dec-2009, 108.36, $1085.25, 98.000660, 108.24172505, 108.340, $108.39, 0.0464%, 7989663, 36417680.73, 1132.71, 40211800854.65
25-Dec-2009, HOLIDAY, HOLIDAY, HOLIDAY, HOLIDAY, HOLIDAY, HOLIDAY, HOLIDAY, HOLIDAY, HOLIDAY, HOLIDAY, HOLIDAY
28-Dec-2009, 108.57, $1085.25, 97.996360, 108.23698028, 108.600, $108.57, -0.0272%, 9603376, 36417680.73, 1132.71, 40210038174.55
29-Dec-2009, 107.49, $1106.00, 97.995330, 108.38283564, 107.520, $107.47, -0.0469%, 11007662, 36447079.33, 1133.62, 40296738289.53
30-Dec-2009, 106.93, $1087.50, 97.993690, 106.56813637, 107.019, $106.95, -0.0644%, 9367472, 36447079.33, 1133.62, 39622033103.15
31-Dec-2009, 107.31, $1087.50, 97.993140, 108.18442471, 107.351, $107.30, -0.0480%, 9112910, 36447079.33, 1133.62, 40222969107.56
01-Jan-2010, HOLIDAY, HOLIDAY, HOLIDAY, HOLIDAY, HOLIDAY, HOLIDAY, HOLIDAY, HOLIDAY, HOLIDAY, HOLIDAY, HOLIDAY
04-Jan-2010, 109.78, $1121.50, 97.989450, 109.89516631, 109.807, $109.80, -0.0064%, 16157888, 36290296.21, 1128.75, 40683190567.20
05-Jan-2010, 109.67, $1123.25, 97.988440, 110.06551066, 109.718, $109.68, -0.0343%, 14188994, 36290296.21, 1128.75, 40746252046.40
06-Jan-2010, 111.52, $1130.00, 97.987600, 110.72599226, 111.500, $111.53, 0.0268%, 24954868, 36133516.05, 1123.87, 40813600746.24
07-Jan-2010, 110.83, $1130.25, 97.986540, 110.74928582, 110.842, $110.81, -0.0292%, 13529207, 36121730.98, 1123.50, 40822186753.92
08-Jan-2010, 111.38, $1126.75, 97.985430, 110.40508605, 111.351, $111.35, -0.0006%, 15776236, 35994349.93, 1119.54, 40551788106.31
11-Jan-2010, 112.85, $1153.00, 97.982530, 112.9738531, 112.925, $112.84, -0.0752%, 17148789, 35994349.93, 1119.54, 41495296242.44
12-Jan-2010, 110.50, $1151.25, 97.981430, 112.80112191, 110.376, $110.50, 0.1123%, 29148424, 35876772.21, 1115.88, 41296490731.86
13-Jan-2010, 111.54, $1127.25, 97.980020, 110.44797889, 111.511, $111.55, 0.0349%, 19803132, 35876772.21, 1115.88, 40435005070.64
14-Jan-2010, 112.03, $1138.25, 97.979110, 111.52472581, 112.029, $112.05, 0.0185%, 18304829, 35808186.83, 1113.75, 40751134811.35
15-Jan-2010, 110.85, $1128.00, 97.977880, 110.51904305, 110.891, $110.86, -0.0283%, 17992871, 35778793.47, 1112.84, 40350502616.23
18-Jan-2010, HOLIDAY, HOLIDAY, HOLIDAY, HOLIDAY, HOLIDAY, HOLIDAY, HOLIDAY, HOLIDAY, HOLIDAY, HOLIDAY, HOLIDAY
19-Jan-2010, 111.53, $1133.00, 97.973670, 111.00417232, 111.612, $111.53, -0.0731%, 10465251, 35749401.37, 1111.92, 40494322063.98
20-Jan-2010, 108.94, $1120.25, 97.972330, 109.75350444, 108.945, $108.92, -0.0232%, 17325897, 35749401.37, 1111.92, 40038078418.28
21-Jan-2010, 107.36, $1108.25, 97.970990, 108.5763474, 107.327, $107.34, 0.0119%, 25731168, 35749401.37, 1111.92, 39608651529.72
22-Jan-2010, 107.17, $1084.00, 97.969330, 106.19874994, 107.149, $107.18, 0.0289%, 24063128, 35749401.37, 1111.92, 38741303979.68
25-Jan-2010, 107.48, $1095.25, 97.966410, 107.29771564, 107.557, $107.51, -0.0440%, 21898632, 35749401.37, 1111.92, 39142206664.86
26-Jan-2010, 107.56, $1093.25, 97.965280, 107.1005474, 107.527, $107.55, 0.0217%, 12165974, 35749401.37, 1111.92, 39070279689.96
27-Jan-2010, 106.51, $1094.75, 97.964250, 107.24636797, 106.566, $106.50, -0.0615%, 18722769, 35749401.37, 1111.92, 39123475036.90
28-Jan-2010, 106.48, $1088.00, 97.962980, 106.5837184, 106.466, $106.47, 0.0036%, 16559709, 35749401.37, 1111.92, 38881740471.76
29-Jan-2010, 105.96, $1078.50, 97.961600, 105.65158657, 106.043, $105.97, -0.0692%, 20269934, 35749401.37, 1111.92, 38541698779.36
01-Feb-2010, 108.34, $1086.50, 97.958660, 106.43208264, 108.352, $108.37, 0.0165%, 14609484, 35749401.37, 1111.92, 38826423745.65
02-Feb-2010, 109.15, $1111.00, 97.958440, 108.83182288, 109.155, $109.15, -0.0047%, 13992438, 35749401.37, 1111.92, 39701848985.61
03-Feb-2010, 108.70, $1115.25, 97.957510, 109.247114, 108.694, $108.67, -0.0218%, 13373375, 35698496.20, 1110.34, 39809648342.42
04-Feb-2010, 104.35, $1083.25, 97.956210, 106.11106673, 104.402, $104.38, -0.0208%, 39580763, 35512379.40, 1104.55, 38465261690.19
05-Feb-2010, 104.63, $1058.00, 97.954920, 103.63631006, 104.626, $104.60, -0.0245%, 32633727, 35571152.36, 1106.38, 37630344183.06
08-Feb-2010, 104.05, $1064.00, 97.951770, 104.22068744, 104.103, $104.06, -0.0414%, 17081809, 35571152.36, 1106.38, 37842531609.83
09-Feb-2010, 105.44, $1071.25, 97.950790, 104.92978498, 105.464, $105.44, -0.0224%, 25799073, 35571152.36, 1106.38, 38100004925.54
10-Feb-2010, 105.12, $1069.50, 97.949690, 104.7571979, 105.080, $105.09, 0.0091%, 15431197, 35571152.36, 1106.38, 38037338556.79
11-Feb-2010, 107.13, $1076.25, 97.948720, 105.41730751, 107.156, $107.16, 0.0038%, 19225638, 35571152.36, 1106.38, 38277024356.38
12-Feb-2010, 107.04, $1082.00, 97.947730, 105.97944579, 107.018, $107.02, 0.0022%, 13944261, 35571152.36, 1106.38, 38481136766.70
15-Feb-2010, HOLIDAY, HOLIDAY, HOLIDAY, HOLIDAY, HOLIDAY, HOLIDAY, HOLIDAY, HOLIDAY, HOLIDAY, HOLIDAY, HOLIDAY
16-Feb-2010, 109.57, $1115.25, 97.944040, 109.23208888, 109.560, $109.59, 0.0272%, 20891001, 35669096.40, 1109.42, 39771403560.46
17-Feb-2010, 109.25, $1119.00, 97.943040, 109.59825695, 109.246, $109.24, -0.0052%, 18268546, 35669096.40, 1109.42, 39904725355.10
18-Feb-2010, 109.98, $1118.00, 97.941940, 109.49909184, 109.969, $109.96, -0.0084%, 18266479, 35669096.40, 1109.42, 39868619337.54
19-Feb-2010, 109.47, $1112.75, 97.940760, 108.98358066, 109.380, $109.46, 0.0729%, 21858644, 35610331.94, 1107.60, 39615531568.87
22-Feb-2010, 109.07, $1115.25, 97.937600, 109.22490787, 109.034, $109.06, 0.0239%, 10725639, 35620125.70, 1107.90, 39714176499.78
23-Feb-2010, 107.89, $1107.00, 97.936320, 108.41550731, 107.877, $107.87, -0.0064%, 13531379, 35590744.80, 1106.99, 39387353807.48
24-Feb-2010, 107.36, $1103.00, 97.935140, 108.02246283, 107.396, $107.35, -0.0425%, 17164539, 35590744.80, 1106.99, 39244560746.15
25-Feb-2010, 108.31, $1094.50, 97.933840, 107.18858424, 108.266, $108.30, 0.0315%, 23245713, 35590744.80, 1106.99, 38941612653.26
26-Feb-2010, 109.43, $1108.25, 97.933150, 108.53441584, 109.362, $109.40, 0.0348%, 13123981, 35590744.80, 1106.99, 39430553273.92
01-Mar-2010, 109.43, $1114.00, 97.930110, 109.09414115, 109.408, $109.42, 0.0114%, 12781126, 35590744.80, 1106.99, 39633901481.10
02-Mar-2010, 111.01, $1126.50, 97.929420, 110.31749674, 111.023, $111.01, -0.0113%, 20096542, 35737638.93, 1111.56, 40243822809.01
03-Mar-2010, 111.65, $1136.50, 97.928660, 111.29592721, 111.600, $111.62, 0.0184%, 16193023, 35864803.61, 1115.51, 40756568544.64
04-Mar-2010, 110.83, $1134.50, 97.927580, 111.09883418, 110.913, $110.86, -0.0476%, 12794646, 35864803.61, 1115.51, 40684393076.17
05-Mar-2010, 110.81, $1135.00, 97.926510, 111.146585, 110.863, $110.83, -0.0294%, 11070365, 35884388.91, 1116.12, 40724108742.87
08-Mar-2010, 109.88, $1125.75, 97.923180, 110.23701671, 109.860, $109.88, 0.0182%, 11940600, 35884388.91, 1116.12, 40390842922.90
09-Mar-2010, 109.69, $1115.75, 97.921970, 109.25644194, 109.673, $109.71, 0.0341%, 12550857, 35884388.91, 1116.12, 40031560326.96
10-Mar-2010, 108.47, $1120.50, 97.920970, 109.72044379, 108.438, $108.45, 0.0114%, 21660027, 35864804.72, 1115.51, 40179626514.93
11-Mar-2010, 108.60, $1104.00, 97.919640, 108.10328618, 108.603, $108.58, -0.0209%, 9397339, 35864804.72, 1115.51, 39587423397.57
12-Mar-2010, 107.95, $1106.25, 97.918610, 108.32245901, 107.994, $107.96, -0.0319%, 117217898, 35864804.72, 1115.51, 39667684489.08
15-Mar-2010, 108.37, $1104.25, 97.915350, 108.1230244, 108.539, $108.38, -0.1466%, 7466730, 35864804.72, 1115.51, 39594651536.96
16-Mar-2010, 110.41, $1124.75, 97.914680, 110.1295414, 110.409, $110.40, -0.0078%, 17553101, 35864804.72, 1115.51, 40329438062.36
17-Mar-2010, 109.57, $1121.75, 97.913550, 109.83452447, 109.712, $109.58, -0.1204%, 13654638, 35864804.72, 1115.51, 40221402860.88
18-Mar-2010, 110.34, $1122.75, 97.912500, 109.93125748, 110.387, $110.34, -0.0422%, 13840271, 35864804.72, 1115.51, 40256826490.05
19-Mar-2010, 108.28, $1105.50, 97.911030, 108.24064505, 108.388, $108.30, -0.0807%, 24306105, 35864804.72, 1115.51, 39637724217.92
22-Mar-2010, 107.75, $1097.25, 97.907600, 107.4291089, 107.914, $107.77, -0.1332%, 11560756, 35864804.72, 1115.51, 39340539677.82
23-Mar-2010, 108.32, $1101.50, 97.906640, 107.84416248, 108.206, $108.31, 0.0957%, 11263675, 36011664.68, 1120.08, 39654298544.18
24-Mar-2010, 106.30, $1090.75, 97.905260, 106.7901627, 106.394, $106.34, -0.0504%, 14131676, 36011664.68, 1120.08, 39266742823.74
25-Mar-2010, 106.79, $1093.00, 97.904250, 107.00934962, 106.755, $106.77, 0.0142%, 16465603, 36158521.05, 1124.65, 39507851878.69
26-Mar-2010, 108.59, $1096.50, 97.903290, 107.35095437, 108.379, $108.59, 0.1947%, 17398169, 36158521.05, 1124.65, 39633972352.71
29-Mar-2010, 108.76, $1107.50, 97.900430, 108.42472564, 108.660, $108.76, 0.0923%, 11365568, 36324951.78, 1129.82, 40214730739.59
30-Mar-2010, 107.97, $1107.00, 97.899340, 108.3745693, 107.993, $107.99, -0.0026%, 9804774, 36324951.78, 1129.82, 40196127753.37
31-Mar-2010, 108.95, $1115.50, 97.898560, 109.20583973, 108.971, $108.93, -0.0375%, 13983345, 36324951.78, 1129.82, 40504445954.31
01-Apr-2010, 110.26, $1123.50, 97.897760, 109.98813292, 110.252, $110.24, -0.0113%, 11361629, 36324951.78, 1129.82, 40794598499.58
02-Apr-2010, HOLIDAY, HOLIDAY, HOLIDAY, HOLIDAY, HOLIDAY, HOLIDAY, HOLIDAY, HOLIDAY, HOLIDAY, HOLIDAY, HOLIDAY
05-Apr-2010, 110.89, $1116.00, 97.893470, 109.9833116, 110.796, $110.85, 0.0489%, 8249708, 36324951.78, 1129.82, 40792810272.60
06-Apr-2010, 111.02, $1132.75, 97.892750, 110.88801658, 111.040, $111.04, 0.0002%, 10315328, 36324951.78, 1129.82, 41128365349.83
07-Apr-2010, 112.44, $1142.00, 97.892040, 111.79271165, 112.498, $112.47, -0.0245%, 18979532, 36354319.39, 1130.74, 41497454562.65
08-Apr-2010, 112.65, $1148.00, 97.891210, 112.37910382, 112.634, $112.66, 0.0234%, 12432514, 36666045.44, 1140.43, 42085974381.94
09-Apr-2010, 113.64, $1152.50, 97.890190, 112.81844743, 113.621, $113.64, 0.0166%, 16393495, 36685623.48, 1141.04, 42273072250.84
12-Apr-2010, 113.03, $1158.75, 97.887080, 113.42664825, 113.079, $113.00, -0.0700%, 10892206, 36685623.48, 1141.04, 42500965100.44
13-Apr-2010, 112.69, $1148.25, 97.885820, 112.39739661, 112.676, $112.67, -0.0057%, 10952645, 36685623.48, 1141.04, 42115304511.32
14-Apr-2010, 113.03, $1153.75, 97.884850, 112.93464556, 113.067, $113.05, -0.0148%, 10535955, 36685623.48, 1141.04, 42316611691.65
15-Apr-2010, 113.64, $1154.50, 97.883790, 113.00683711, 113.653, $113.65, -0.0025%, 10959270, 36685623.48, 1141.04, 42343661864.05
16-Apr-2010, 111.24, $1151.50, 97.882660, 112.71188193, 111.263, $111.24, -0.0209%, 24081719, 36685623.48, 1141.04, 42233142159.60
19-Apr-2010, 111.15, $1136.25, 97.879090, 111.21511626, 111.161, $111.14, -0.0191%, 7754724, 36685623.48, 1141.04, 41672304060.98
20-Apr-2010, 111.46, $1144.75, 97.878220, 112.0460949, 111.415, $111.45, 0.0316%, 6960513, 36685623.48, 1141.04, 41983671760.44
21-Apr-2010, 112.31, $1143.00, 97.877110, 111.87353223, 112.304, $112.30, -0.0037%, 6852085, 36685623.48, 1141.04, 41919012527.89
22-Apr-2010, 111.84, $1133.75, 97.875790, 110.96667959, 111.804, $111.83, 0.0237%, 9503998, 36656260.74, 1140.13, 41545924840.04
23-Apr-2010, 113.19, $1139.50, 97.874880, 111.52842076, 113.153, $113.18, 0.0237%, 12226860, 36656260.74, 1140.13, 41756240731.63
26-Apr-2010, 112.75, $1154.50, 97.872100, 112.99333821, 112.817, $112.76, -0.0507%, 8268377, 36852004.94, 1146.22, 42530692503.05
27-Apr-2010, 114.64, $1149.50, 97.870880, 112.50257282, 114.548, $114.62, 0.0628%, 24955103, 36871579.11, 1146.83, 42368468923.17
28-Apr-2010, 114.31, $1161.00, 97.870160, 113.62725208, 114.273, $114.29, 0.0147%, 26033823, 37067319.43, 1152.91, 43019277635.68
29-Apr-2010, 114.28, $1166.75, 97.869260, 114.1889618, 114.204, $114.27, 0.0581%, 10306914, 37263057.95, 1159.00, 43460318860.76
30-Apr-2010, 115.38, $1179.25, 97.868580, 115.41152313, 115.358, $115.36, 0.0020%, 13467475, 37263057.95, 1159.00, 43925625703.19
03-May-2010, 115.73, $1179.25, 97.865360, 115.40772882, 115.706, $115.72, 0.0119%, 13223806, 37263057.95, 1159.00, 43924181588.85
04-May-2010, 114.87, $1185.00, 97.864490, 115.96941793, 114.854, $114.86, 0.0054%, 21168648, 37263057.95, 1159.00, 44137960463.10
05-May-2010, 115.09, $1165.00, 97.862700, 114.01004668, 114.969, $115.10, 0.1139%, 21582883, 37488142.16, 1166.00, 43654446872.25
06-May-2010, 118.44, $1185.25, 97.862370, 115.99136867, 118.188, $118.47, 0.2383%, 50290590, 38124247.57, 1185.79, 45167038958.17
07-May-2010, 118.27, $1202.25, 97.861900, 117.65446607, 118.217, $118.26, 0.0364%, 34266066, 38211394.86, 1188.50, 45932303552.26
10-May-2010, 117.57, $1196.50, 97.858590, 117.08780827, 117.616, $117.58, -0.0308%, 28265815, 38328825.17, 1192.15, 45851585716.60
11-May-2010, 120.68, $1222.50, 97.857920, 119.63131197, 120.688, $120.65, -0.0316%, 36555120, 38328825.17, 1192.15, 46847621766.73
12-May-2010, 121.41, $1237.50, 97.857090, 121.09814723, 121.402, $121.39, -0.0095%, 32544853, 38886610.58, 1209.50, 48112293893.59
13-May-2010, 120.54, $1237.50, 97.856020, 121.09682012, 120.725, $120.57, -0.1284%, 22158209, 38886610.58, 1209.50, 48111766635.58
14-May-2010, 120.40, $1236.50, 97.854930, 120.99761693, 120.499, $120.39, -0.0901%, 34615690, 39033392.98, 1214.06, 48253849630.33
17-May-2010, 119.36, $1236.00, 97.851700, 120.94470095, 119.340, $119.38, 0.0336%, 27719822, 39131244.68, 1217.11, 48353691438.37
18-May-2010, 119.42, $1216.75, 97.850230, 119.05926296, 119.465, $119.44, -0.0212%, 26334549, 39131244.68, 1217.11, 47599893330.01
19-May-2010, 116.66, $1195.00, 97.848670, 116.9291557, 116.714, $116.65, -0.0547%, 34231101, 39229093.35, 1220.15, 46865205603.48
20-May-2010, 115.84, $1192.00, 97.847520, 116.63424656, 115.705, $115.85, 0.1256%, 34231101, 39229093.35, 1220.15, 46747006021.87
21-May-2010, 115.22, $1179.75, 97.846140, 115.43398852, 115.204, $115.22, 0.0138%, 19962755, 39229093.35, 1220.15, 46265942598.80
24-May-2010, 116.84, $1187.00, 97.843130, 116.13979382, 116.795, $116.82, 0.0211%, 14213899, 39767230.56, 1236.89, 47187598227.52
25-May-2010, 117.36, $1198.25, 97.842370, 117.23961985, 117.313, $117.35, 0.0315%, 21170717, 40745654.26, 1267.32, 48806853742.68
26-May-2010, 118.44, $1212.00, 97.841680, 118.58411117, 118.467, $118.48, 0.0112%, 13096895, 40755438.43, 1267.63, 49378423890.97
27-May-2010, 118.69, $1211.00, 97.840580, 118.484937, 118.622, $118.66, 0.0321%, 10444330, 40765222.49, 1267.93, 49348976260.01
28-May-2010, 118.85, $1207.50, 97.839400, 118.14107739, 118.777, $118.85, 0.0614%, 11514739, 40765222.49, 1267.93, 49205758734.20
31-May-2010, HOLIDAY, HOLIDAY, HOLIDAY, HOLIDAY, HOLIDAY, HOLIDAY, HOLIDAY, HOLIDAY, HOLIDAY, HOLIDAY, HOLIDAY
01-Jun-2010, 119.91, $1227.75, 97.835760, 120.11785958, 119.888, $119.90, 0.0101%, 12145987, 40775006.06, 1268.23, 50041100299.15
02-Jun-2010, 119.78, $1215.00, 97.834270, 118.86864204, 119.642, $119.76, 0.0990%, 10335069, 40784789.49, 1268.54, 49532563137.38
03-Jun-2010, 117.90, $1215.00, 97.833200, 118.86733935, 118.075, $117.93, -0.1227%, 13831251, 41469621.89, 1289.84, 50364091680.77
04-Jun-2010, 119.22, $1203.50, 97.831730, 117.74048695, 119.091, $119.20, 0.0919%, 16507599, 41357740.75, 1286.36, 49768903833.04
07-Jun-2010, 121.46, $1215.00, 97.828630, 118.86178476, 121.435, $121.46, 0.0209%, 19488145, 41357740.75, 1286.36, 50242876419.45
08-Jun-2010, 121.00, $1246.00, 97.827890, 121.89354565, 120.994, $121.02, 0.0219%, 23375420, 41749052.31, 1298.53, 52011975929.26
09-Jun-2010, 121.00, $1233.50, 97.826670, 120.66920202, 120.611, $120.57, -0.0336%, 12740673, 41749052.31, 1298.53, 51489548500.18
10-Jun-2010, 118.95, $1217.50, 97.825400, 119.10242958, 118.965, $118.96, -0.0046%, 13648018, 41993615.81, 1306.14, 51118762775.85
11-Jun-2010, 120.01, $1220.00, 97.824370, 119.34572567, 120.021, $120.02, -0.0006%, 7717246, 41993615.81, 1306.14, 51223185459.25
14-Jun-2010, 119.60, $1223.75, 97.821210, 119.70870401, 119.674, $119.62, -0.0455%, 11006324, 41993615.81, 1306.14, 51378975761.28
15-Jun-2010, 121.02, $1225.00, 97.820160, 119.8296928, 120.964, $121.02, 0.0460%, 14264569, 41993615.81, 1306.14, 51430904148.52
16-Jun-2010, 120.33, $1234.50, 97.819250, 120.75786463, 120.367, $120.35, -0.0138%, 10308000, 41993615.81, 1306.14, 51829275500.41
17-Jun-2010, 121.91, $1245.00, 97.818370, 121.78386683, 121.813, $121.88, 0.0548%, 19628304, 42052306.83, 1307.96, 52342705964.60
18-Jun-2010, 122.83, $1256.00, 97.817500, 122.85877769, 122.849, $122.82, -0.0236%, 19249330, 42052306.83, 1307.96, 52804702651.73
21-Jun-2010, 120.39, $1254.50, 97.814250, 122.7079778, 120.439, $120.41, -0.0238%, 20045231, 42052306.83, 1307.96, 52739888856.76
22-Jun-2010, 121.45, $1236.00, 97.812770, 120.89658384, 121.435, $121.44, 0.0045%, 12896992, 42218588.54, 1313.13, 52166875926.99
23-Jun-2010, 120.97, $1226.50, 97.811480, 119.96577529, 120.934, $120.97, 0.0297%, 14129896, 42218588.54, 1313.13, 51765232039.43
24-Jun-2010, 121.30, $1236.25, 97.810640, 120.9183983, 121.217, $121.27, 0.0439%, 13115967, 42316394.92, 1316.18, 52297209895.49
25-Jun-2010, 122.76, $1254.00, 97.810000, 122.65374463, 122.664, $122.77, 0.0868%, 9910847, 42316394.92, 1316.18, 53047744551.82
28-Jun-2010, 121.09, $1261.00, 97.806970, 123.33459434, 121.153, $121.12, -0.0276%, 19342797, 42316394.92, 1316.18, 53342212053.75
29-Jun-2010, 121.27, $1234.50, 97.805160, 120.74047468, 121.249, $121.26, 0.0090%, 17277767, 42453322.14, 1320.44, 52389291963.35
30-Jun-2010, 121.68, $1244.00, 97.804370, 121.66863327, 121.620, $121.66, 0.0331%, 11964519, 42453322.14, 1320.44, 52792019974.70
01-Jul-2010, 117.04, $1234.00, 97.803000, 120.68889804, 117.197, $117.06, -0.1172%, 33198811, 42414200.94, 1319.22, 52318637302.19
02-Jul-2010, 118.47, $1201.50, 97.800890, 117.50776822, 118.456, $118.48, 0.0199%, 14698801, 42404420.86, 1318.91, 50927866746.08
05-Jul-2010, HOLIDAY, HOLIDAY, HOLIDAY, HOLIDAY, HOLIDAY, HOLIDAY, HOLIDAY, HOLIDAY, HOLIDAY, HOLIDAY, HOLIDAY
06-Jul-2010, 116.51, $1195.00, 97.796360, 116.8666488, 116.534, $116.54, 0.0050%, 16802854, 42326183.77, 1316.48, 50556512272.66
07-Jul-2010, 117.73, $1193.25, 97.795220, 116.69414752, 117.657, $117.72, 0.0532%, 10859669, 42326183.77, 1316.48, 50481888218.82
08-Jul-2010, 117.20, $1193.50, 97.794160, 116.71732876, 117.099, $117.22, 0.1036%, 11299133, 42311864.02, 1316.04, 50491916422.65
09-Jul-2010, 118.35, $1208.75, 97.793270, 118.20760966, 118.281, $118.34, 0.0499%, 9585367, 42262967.38, 1314.51, 51077508133.97
12-Jul-2010, 117.34, $1205.50, 97.790000, 117.88584993, 117.201, $117.36, 0.1354%, 7455425, 42272746.38, 1314.82, 50950264337.60
13-Jul-2010, 118.36, $1216.00, 97.789090, 118.9115339, 118.648, $118.37, -0.2339%, 8150946, 42272746.38, 1314.82, 51393564951.28
14-Jul-2010, 118.30, $1207.00, 97.787880, 118.02996572, 118.284, $118.31, 0.0218%, 9351497, 42272746.38, 1314.82, 51012551186.06
15-Jul-2010, 118.23, $1208.00, 97.786820, 118.12647947, 118.156, $118.24, 0.0712%, 8564698, 42253189.02, 1314.21, 51030639131.82
16-Jul-2010, 116.65, $1189.25, 97.785410, 116.29129926, 116.443, $116.67, 0.1951%, 16975270, 42253189.02, 1314.21, 50237841280.01
19-Jul-2010, 115.73, $1181.00, 97.782020, 115.48056633, 115.666, $115.77, 0.0896%, 15689062, 42253189.02, 1314.21, 49887604653.82
20-Jul-2010, 116.63, $1183.00, 97.780990, 115.67491528, 116.584, $116.61, 0.0221%, 9232968, 42057627.04, 1308.13, 49740213569.92
21-Jul-2010, 115.85, $1191.50, 97.780120, 116.50501019, 115.830, $115.84, 0.0083%, 9105216, 42057627.04, 1308.13, 50097154383.83
22-Jul-2010, 116.90, $1199.50, 97.779230, 117.28619236, 116.895, $116.86, -0.0300%, 8130168, 41862068.58, 1302.05, 50198490330.20
23-Jul-2010, 116.08, $1190.50, 97.777940, 116.40463954, 116.180, $116.06, -0.1031%, 8217577, 41862068.58, 1302.05, 49821185721.42
26-Jul-2010, 115.50, $1183.50, 97.774530, 115.71616008, 115.501, $115.54, 0.0337%, 11180347, 41852291.13, 1301.74, 49514944898.25
27-Jul-2010, 113.51, $1168.00, 97.773010, 114.19887559, 113.368, $113.52, 0.1342%, 29342248, 41822959.22, 1300.83, 48831439202.74
28-Jul-2010, 113.78, $1157.00, 97.771600, 113.12174124, 113.542, $113.75, 0.1831%, 16009570, 41226552.46, 1282.28, 47680813932.58
29-Jul-2010, 114.31, $1162.50, 97.770710, 113.65844592, 114.265, $114.28, 0.0135%, 17775000, 41226552.46, 1282.28, 47907034956.78
30-Jul-2010, 115.49, $1169.00, 97.769850, 114.29295279, 115.427, $115.49, 0.0545%, 17502900, 41226552.46, 1282.28, 48174479602.48
02-Aug-2010, 115.54, $1188.50, 97.767310, 116.19645258, 115.551, $115.55, -0.0010%, 17498500, 41226552.46, 1282.28, 48976804764.29
03-Aug-2010, 116.05, $1187.50, 97.766210, 116.09737113, 116.048, $116.05, 0.0013%, 5503297, 41226552.46, 1282.28, 48935041931.52
04-Aug-2010, 116.72, $1199.50, 97.765570, 117.26979565, 116.889, $116.71, -0.1527%, 10314975, 41212238.29, 1281.83, 49429218865.05
05-Aug-2010, 116.98, $1192.50, 97.764440, 116.58409174, 116.887, $116.98, 0.0794%, 6998805, 41241567.62, 1282.75, 49175169896.84
06-Aug-2010, 117.84, $1207.75, 97.763500, 118.07386914, 117.893, $117.86, -0.0280%, 9795536, 41241567.62, 1282.75, 49803558004.70
09-Aug-2010, 117.40, $1203.00, 97.760230, 117.60556033, 117.410, $117.41, -0.0001%, 6737735, 41241567.62, 1282.75, 49606025346.00
10-Aug-2010, 117.73, $1192.50, 97.759030, 116.57764344, 117.878, $117.75, -0.1084%, 10385334, 41241567.62, 1282.75, 49172450003.89
11-Aug-2010, 117.34, $1205.50, 97.758130, 117.84742918, 117.144, $117.32, 0.1506%, 12372395, 41339325.75, 1285.79, 49825893057.04
12-Aug-2010, 118.76, $1213.00, 97.757170, 118.57944316, 118.687, $118.75, 0.0531%, 12267640, 41368652.91, 1286.70, 50170962399.42
13-Aug-2010, 118.74, $1214.25, 97.756110, 118.70036122, 118.735, $118.78, 0.0383%, 10130373, 41368652.91, 1286.70, 50222122830.10
16-Aug-2010, 119.73, $1223.50, 97.753060, 119.60086872, 119.747, $119.71, -0.0313%, 10130373, 41368652.91, 1286.70, 50603127555.74
17-Aug-2010, 119.79, $1226.00, 97.752030, 119.84399307, 119.815, $119.74, -0.0623%, 9105628, 41622808.60, 1294.60, 51017587850.38
18-Aug-2010, 120.22, $1218.00, 97.750810, 119.06048845, 120.175, $120.25, 0.0625%, 12088143, 41652133.84, 1295.52, 50719768079.86
19-Aug-2010, 120.35, $1233.50, 97.750040, 120.57467897, 120.408, $120.39, -0.0154%, 10005312, 41779208.89, 1299.47, 51521560322.76
20-Aug-2010, 119.98, $1223.50, 97.748770, 119.59561945, 120.065, $119.99, -0.0623%, 10540574, 41779208.89, 1299.47, 51103208192.57
23-Aug-2010, 119.78, $1226.00, 97.745610, 119.83612169, 119.944, $119.79, -0.1281%, 4889828, 41779204.46, 1299.47, 51205974797.14
24-Aug-2010, 120.37, $1222.00, 97.744450, 119.44371319, 120.294, $120.37, 0.0631%, 14503239, 41730332.24, 1297.95, 50978576790.40
25-Aug-2010, 121.36, $1237.50, 97.743760, 120.95789874, 121.280, $121.35, 0.0573%, 14001223, 41730332.24, 1297.95, 51624831182.25
26-Aug-2010, 120.96, $1237.00, 97.742670, 120.90768625, 120.888, $120.97, 0.0677%, 8615470, 41730332.24, 1297.95, 51603400493.23
27-Aug-2010, 121.01, $1235.00, 97.741550, 120.71081356, 120.799, $121.03, 0.1914%, 11147373, 41749880.55, 1298.56, 51543517389.54
30-Aug-2010, 120.91, $1235.00, 97.738340, 120.70684503, 120.912, $120.94, 0.0231%, 4359668, 41749880.55, 1298.56, 51541822826.71
31-Aug-2010, 122.07, $1246.00, 97.737590, 121.78103429, 121.928, $122.11, 0.1496%, 12243340, 41876939.41, 1302.51, 52158816986.23
01-Sep-2010, 121.69, $1246.50, 97.736530, 121.82858656, 121.702, $121.69, -0.0095%, 11868731, 41925807.68, 1304.03, 52240097915.31
02-Sep-2010, 122.28, $1248.50, 97.735520, 122.0227988, 122.326, $122.29, -0.0292%, 6991668, 41632601.12, 1294.91, 51957307727.36
03-Sep-2010, 121.87, $1240.50, 97.734200, 121.23927002, 121.982, $121.85, -0.1083%, 9070955, 41617619.74, 1294.44, 51623681173.25
06-Sep-2010, HOLIDAY, HOLIDAY, HOLIDAY, HOLIDAY, HOLIDAY, HOLIDAY, HOLIDAY, HOLIDAY, HOLIDAY, HOLIDAY, HOLIDAY
07-Sep-2010, 122.70, $1256.75, 97.730020, 122.82220124, 122.896, $122.67, -0.1835%, 8842305, 41617619.74, 1294.44, 52297693287.26
08-Sep-2010, 122.73, $1255.00, 97.728930, 122.64981241, 122.699, $122.72, 0.0174%, 9772041, 41617619.74, 1294.44, 52224290125.47
09-Sep-2010, 121.56, $1255.00, 97.727860, 122.64846831, 121.886, $121.55, -0.2758%, 13741571, 41588301.38, 1293.53, 52186923265.19
10-Sep-2010, 121.73, $1246.50, 97.726710, 121.81634469, 121.631, $121.74, 0.0899%, 12254, 41588301.38, 1293.53, 51832854665.95
13-Sep-2010, 121.65, $1243.75, 97.723460, 121.54355821, 121.656, $121.65, -0.0049%, 9674082, 41558984.34, 1292.62, 51680320949.32
14-Sep-2010, 123.98, $1265.50, 97.722670, 123.66804464, 124.352, $124.02, -0.2671%, 24503851, 41754429.68, 1298.70, 52830988670.99
15-Sep-2010, 123.91, $1267.00, 97.721620, 123.81329744, 123.911, $123.94, 0.0234%, 11427133, 41627391.58, 1294.75, 52732083379.10
16-Sep-2010, 124.63, $1272.50, 97.720630, 124.34950373, 124.496, $124.63, 0.1076%, 12146558, 41627391.58, 1294.75, 52960453637.86
17-Sep-2010, 124.58, $1274.00, 97.719580, 124.49474911, 124.729, $124.58, -0.1197%, 11790880, 41822830.74, 1300.83, 53271303142.26
20-Sep-2010, 124.88, $1279.25, 97.716460, 125.00378413, 124.921, $124.85, -0.0566%, 8474370, 41940090.49, 1304.47, 53639123768.99
21-Sep-2010, 126.01, $1275.00, 97.715310, 124.58702524, 125.271, $126.02, 0.5979%, 20247672, 41930319.19, 1304.17, 53447833829.94
22-Sep-2010, 126.20, $1293.50, 97.714590, 126.39382402, 126.130, $126.23, 0.0793%, 11113773, 41930319.19, 1304.17, 54222950504.26
23-Sep-2010, 126.30, $1290.75, 97.713470, 126.12365772, 126.324, $126.29, -0.0269%, 9400737, 41842377.06, 1301.43, 53993537870.78
24-Sep-2010, 126.69, $1297.00, 97.712520, 126.73314215, 126.762, $126.66, -0.0808%, 14874033, 41813063.31, 1300.52, 54216438209.96
27-Sep-2010, 126.72, $1297.00, 97.709310, 126.72897562, 126.709, $126.71, 0.0004%, 11906000, 41813063.31, 1300.52, 54214655771.25
28-Sep-2010, 127.88, $1294.00, 97.708170, 126.43437079, 127.724, $127.88, 0.1220%, 11835100, 41979167.20, 1305.69, 54303562255.15
29-Sep-2010, 127.95, $1307.50, 97.707420, 127.75245563, 127.967, $127.97, 0.0020%, 11958400, 41979167.20, 1305.69, 54869679694.15
30-Sep-2010, 127.91, $1307.00, 97.706340, 127.70218633, 127.937, $127.90, -0.0287%, 19193126, 41949855.29, 1304.78, 54809778373.11
01-Oct-2010, 128.91, $1316.25, 97.705500, 128.60486866, 128.620, $128.92, 0.2336%, 17118340, 41871690.89, 1302.34, 55094325735.52
04-Oct-2010, 128.46, $1313.50, 97.702210, 128.33185935, 128.508, $128.47, -0.0293%, 8345772, 41857791.69, 1301.91, 54977368547.01
05-Oct-2010, 130.99, $1330.50, 97.701210, 129.99145825, 130.939, $131.00, 0.0465%, 17430808, 41857791.69, 1301.91, 55688340715.93
06-Oct-2010, 131.81, $1346.50, 97.700210, 131.55333277, 131.631, $131.77, 0.1052%, 16096060, 41857791.69, 1301.91, 56357447760.40
07-Oct-2010, 130.37, $1345.00, 97.699130, 131.40533182, 130.497, $130.38, -0.0894%, 11682700, 41427915.52, 1288.54, 55715860693.72
08-Oct-2010, 131.65, $1341.50, 97.698040, 131.0619198, 131.365, $131.62, 0.1943%, 12013400, 41418145.72, 1288.24, 55557147801.58
11-Oct-2010, 132.28, $1351.50, 97.694910, 132.03467375, 132.171, $132.31, 0.1048%, 12131300, 41388837.25, 1287.33, 55929887802.16
12-Oct-2010, 131.96, $1348.50, 97.693810, 131.74010793, 131.838, $131.97, 0.1003%, 12159600, 41388837.25, 1287.33, 55805109720.87
13-Oct-2010, 134.09, $1365.50, 97.692910, 133.39967111, 133.830, $134.07, 0.1797%, 12176800, 41320452.21, 1285.20, 56414720912.38
14-Oct-2010, 134.76, $1373.25, 97.691920, 134.15543306, 134.561, $134.76, 0.1480%, 19856324, 41935911.30, 1304.34, 57579511867.65
15-Oct-2010, 133.68, $1367.50, 97.690790, 133.59215287, 133.367, $133.69, 0.2418%, 26162220, 41857758.67, 1301.91, 57230878287.57
18-Oct-2010, 134.31, $1367.25, 97.687570, 133.56333432, 133.998, $134.32, 0.2403%, 12233143, 41828452.40, 1301.00, 57178463421.06
19-Oct-2010, 130.11, $1339.00, 97.686090, 130.80167245, 130.147, $130.13, -0.0132%, 25275358, 41799146.57, 1300.09, 55956955474.72
20-Oct-2010, 131.32, $1339.00, 97.685020, 130.80023901, 131.416, $131.32, -0.0728%, 12527706, 41769841.07, 1299.18, 55917102175.26
21-Oct-2010, 129.47, $1343.50, 97.684020, 131.2384833, 129.324, $129.46, 0.1053%, 21787683, 41740535.86, 1298.27, 56065080065.77
22-Oct-2010, 129.72, $1322.50, 97.682580, 129.18521537, 129.566, $129.72, 0.1187%, 11887889, 41740535.86, 1298.27, 55187924006.89
25-Oct-2010, 130.87, $1337.50, 97.679670, 130.64656087, 131.008, $130.86, -0.1129%, 12138530, 41740535.86, 1298.27, 55812210805.74
26-Oct-2010, 130.88, $1329.50, 97.678440, 129.86347972, 130.791, $130.88, 0.0677%, 10585538, 41740535.86, 1298.27, 55477678537.61
27-Oct-2010, 129.52, $1324.50, 97.677260, 129.37352568, 129.491, $129.49, -0.0006%, 16102924, 41740535.86, 1298.27, 55268370170.89
28-Oct-2010, 131.24, $1333.50, 97.676390, 130.25146346, 131.150, $131.22, 0.0533%, 15888172, 41574486.00, 1293.10, 55421997703.70
29-Oct-2010, 132.64, $1346.75, 97.675620, 131.54464452, 132.497, $132.62, 0.0928%, 13950443, 41574486.00, 1293.10, 55972246241.98
01-Nov-2010, 131.92, $1354.50, 97.672610, 132.29754363, 131.946, $131.92, -0.0197%, 12422362, 41574486.00, 1293.10, 56292604814.22
02-Nov-2010, 132.47, $1351.00, 97.671440, 131.95412175, 132.491, $132.47, -0.0161%, 9375524, 41545184.57, 1292.19, 56106892567.98
03-Nov-2010, 131.57, $1345.50, 97.670230, 131.41529089, 131.464, $131.64, 0.1338%, 31568243, 41545184.57, 1292.19, 55877781686.90
04-Nov-2010, 136.03, $1381.00, 97.670110, 134.88242525, 136.094, $135.98, -0.0834%, 23290560, 41545184.57, 1292.19, 57352007216.98
05-Nov-2010, 136.38, $1395.50, 97.669430, 136.2976888, 136.327, $136.32, -0.0051%, 20296967, 41531577.31, 1291.77, 57953777276.36
08-Nov-2010, 137.78, $1388.50, 97.666180, 135.60948757, 137.660, $137.75, 0.0650%, 17276993, 41609710.25, 1294.20, 57769641705.14
09-Nov-2010, 135.59, $1421.00, 97.665320, 138.78241637, 136.927, $135.63, -0.9471%, 39249351, 41570644.12, 1292.98, 59065796408.55
10-Nov-2010, 137.18, $1390.50, 97.664030, 135.80182885, 137.150, $137.18, 0.0222%, 28435148, 41531578.51, 1291.77, 57742937627.77
11-Nov-2010, 137.64, $1398.50, 97.663020, 136.58173522, 137.451, $137.63, 0.1303%, 15342730, 41502279.61, 1290.86, 58033579295.37
12-Nov-2010, 133.69, $1388.50, 97.661860, 135.60349509, 133.553, $133.66, 0.0804%, 35862740, 41502279.61, 1290.86, 57617925063.09
15-Nov-2010, 132.50, $1368.50, 97.658420, 133.64555025, 133.265, $132.51, -0.5663%, 15006817, 41502279.61, 1290.86, 56785994300.20
16-Nov-2010, 130.99, $1349.00, 97.657110, 131.73943611, 130.831, $130.99, 0.1214%, 31507037, 41502279.61, 1290.86, 55976086404.62
17-Nov-2010, 130.38, $1337.50, 97.655880, 130.61473755, 130.390, $130.42, 0.0229%, 15777205, 41502279.61, 1290.86, 55498201983.02
18-Nov-2010, 132.10, $1350.25, 97.654990, 131.85865393, 132.313, $132.10, -0.1608%, 15955725, 41355797.12, 1286.30, 55828954074.18
19-Nov-2010, 132.20, $1342.50, 97.653800, 131.10023224, 132.155, $132.18, 0.0190%, 14141683, 41453450.92, 1289.34, 55638938561.25
22-Nov-2010, 133.48, $1356.50, 97.650840, 132.46336312, 133.040, $133.44, 0.3010%, 12984578, 41316739.74, 1285.08, 56032002598.59
23-Nov-2010, 134.38, $1377.50, 97.650140, 134.51307465, 134.454, $134.38, -0.0554%, 18190368, 41316739.74, 1285.08, 56899030575.35
24-Nov-2010, 134.18, $1372.50, 97.648980, 134.02322834, 134.121, $134.16, 0.0292%, 8840651, 41316739.74, 1285.08, 56691825589.54
25-Nov-2010, HOLIDAY, HOLIDAY, HOLIDAY, HOLIDAY, HOLIDAY, HOLIDAY, HOLIDAY, HOLIDAY, HOLIDAY, HOLIDAY, HOLIDAY
26-Nov-2010, 133.15, $1355.00, 97.646490, 132.31098741, 133.121, $133.08, -0.0311%, 7814623, 41316739.74, 1285.08, 55967547674.45
29-Nov-2010, 133.49, $1357.00, 97.643320, 132.50198638, 133.508, $133.50, -0.0058%, 13959145, 41365561.40, 1286.60, 56114591232.19
30-Nov-2010, 135.42, $1383.50, 97.642870, 135.08890588, 135.079, $135.36, 0.2079%, 16617096, 41365561.40, 1286.60, 57210151641.95
01-Dec-2010, 135.38, $1385.50, 97.641840, 135.28277423, 135.615, $135.41, -0.1510%, 16838449, 41599901.82, 1293.89, 57616933543.91
02-Dec-2010, 135.20, $1389.00, 97.640860, 135.62315142, 135.233, $135.20, -0.0241%, 17561923, 41746363.11, 1298.45, 57965334918.04
03-Dec-2010, 138.03, $1403.50, 97.640140, 137.03793943, 137.497, $138.06, 0.4096%, 16513076, 41732948.79, 1298.03, 58570015312.92
06-Dec-2010, 139.17, $1415.25, 97.636980, 138.18073589, 138.381, $139.16, 0.5630%, 15586039, 41732948.79, 1298.03, 59058446518.92
07-Dec-2010, 136.50, $1420.00, 97.635930, 138.64302442, 137.374, $136.50, -0.6360%, 26480371, 41723185.20, 1297.73, 59242164335.36
08-Dec-2010, 134.79, $1385.50, 97.634670, 135.27283171, 134.990, $134.80, -0.1405%, 23429479, 41645077.46, 1295.30, 57693862723.43
09-Dec-2010, 135.31, $1391.25, 97.633640, 135.83279491, 135.457, $135.32, -0.1011%, 14096448, 41596260.64, 1293.78, 57864770632.29
10-Dec-2010, 135.39, $1375.25, 97.632450, 134.26902257, 135.367, $135.41, 0.0315%, 11888655, 41469338.46, 1289.83, 57024053886.22
13-Dec-2010, 136.05, $1399.00, 97.629470, 136.58362406, 136.349, $136.06, -0.2122%, 11888655, 41469338.46, 1289.83, 58007065138.29
14-Dec-2010, 136.18, $1394.50, 97.628350, 136.14273479, 136.494, $136.20, -0.2155%, 17352520, 41371710.11, 1286.79, 57683676732.37
15-Dec-2010, 134.70, $1388.75, 97.627220, 135.57979668, 134.999, $134.75, -0.1844%, 14905469, 41352184.66, 1286.19, 57418043896.01
16-Dec-2010, 133.84, $1363.00, 97.625830, 133.06400844, 133.445, $133.80, 0.2662%, 23636542, 41274084.00, 1283.76, 56246156366.34
17-Dec-2010, 134.19, $1368.50, 97.624830, 133.59958579, 134.449, $134.21, -0.1777%, 17140460, 41762208.15, 1298.94, 57140542843.62
20-Dec-2010, 135.11, $1380.00, 97.621800, 134.71808371, 135.157, $135.10, -0.0425%, 14097150, 41762208.15, 1298.94, 57618924401.53
21-Dec-2010, 135.32, $1383.00, 97.620780, 135.00953522, 135.449, $135.26, -0.1394%, 10284476, 41732921.91, 1298.03, 57703075351.08
22-Dec-2010, 135.05, $1387.00, 97.619770, 135.39862626, 135.252, $135.03, -0.1643%, 7296520, 41430300.63, 1288.62, 57449637121.81
23-Dec-2010, 134.66, $1373.50, 97.618470, 134.07896442, 134.665, $134.64, -0.0183%, 8689859, 41313158.46, 1284.97, 56728809845.44
24-Dec-2010, HOLIDAY, HOLIDAY, HOLIDAY, HOLIDAY, HOLIDAY, HOLIDAY, HOLIDAY, HOLIDAY, HOLIDAY, HOLIDAY, HOLIDAY
27-Dec-2010, 135.02, $1373.50, 97.614320, 134.75656482, 135.001, $135.01, 0.0070%, 17284700, 41313158.46, 1284.97, 57015502576.50
28-Dec-2010, 137.22, $1373.50, 97.613250, 134.75508804, 137.274, $137.22, -0.0390%, 10109510, 41283874.49, 1284.06, 56974451221.59
29-Dec-2010, 137.71, $1412.50, 97.612870, 137.87818437, 137.742, $137.69, -0.0374%, 8050998, 41283874.49, 1284.06, 58294896350.04
30-Dec-2010, 137.03, $1405.50, 97.611650, 137.193173, 137.154, $137.05, -0.0759%, 5731700, 41176501.67, 1280.72, 57854361055.93
31-Dec-2010, 138.72, $1405.50, 97.610690, 137.65547374, 138.500, $138.73, 0.1662%, 9283370, 41176501.67, 1280.72, 58049313275.05
03-Jan-2011, 138.00, $1405.50, 97.607480, 137.65094813, 138.241, $138.00, -0.1747%, 11436834, 41176501.67, 1280.72, 58047404825.40
04-Jan-2011, 134.75, $1388.50, 97.605840, 135.5257045, 134.734, $134.73, -0.0031%, 26122789, 41039853.50, 1276.47, 56961453600.36
05-Jan-2011, 134.37, $1368.00, 97.604190, 133.52253531, 134.078, $134.38, 0.2253%, 16669236, 40917984.67, 1272.68, 55972646803.36
06-Jan-2011, 133.83, $1368.50, 97.603120, 133.56987637, 133.835, $133.86, 0.0184%, 15946488, 40917984.67, 1272.68, 55992492172.62
07-Jan-2011, 133.59, $1367.00, 97.602050, 133.42199964, 133.788, $133.60, -0.1405%, 16749073, 40869183.64, 1271.16, 55863791250.72
10-Jan-2011, 134.12, $1368.25, 97.598850, 133.53962401, 134.102, $134.14, 0.0285%, 7939554, 40917983.07, 1272.68, 55979810386.01
11-Jan-2011, 134.87, $1374.00, 97.597820, 134.09941015, 134.984, $134.91, -0.0546%, 10263589, 40878943.94, 1271.47, 56160832971.00
12-Jan-2011, 135.46, $1378.75, 97.596800, 134.56158158, 135.467, $135.43, -0.0275%, 11005306, 40878943.94, 1271.47, 56354390365.59
13-Jan-2011, 134.05, $1381.50, 97.595750, 134.82853069, 134.458, $133.99, -0.3478%, 14282495, 40673992.87, 1265.09, 56183048736.99
14-Jan-2011, 132.73, $1367.00, 97.594530, 133.41172692, 132.707, $132.69, -0.0129%, 21219514, 40488563.26, 1259.33, 55339184326.30
17-Jan-2011, HOLIDAY, HOLIDAY, HOLIDAY, HOLIDAY, HOLIDAY, HOLIDAY, HOLIDAY, HOLIDAY, HOLIDAY, HOLIDAY, HOLIDAY
18-Jan-2011, 133.43, $1369.50, 97.590290, 133.64990773, 133.253, $133.42, 0.1255%, 11581903, 40410491.03, 1256.90, 55331061800.16
19-Jan-2011, 133.72, $1372.00, 97.589260, 133.89246511, 133.454, $133.72, 0.1991%, 11779047, 40234830.36, 1251.43, 55190474116.29
20-Jan-2011, 131.04, $1345.50, 97.587780, 131.30436189, 131.889, $131.16, -0.5527%, 24330612, 40234830.36, 1251.43, 54123657969.31
21-Jan-2011, 131.06, $1343.50, 97.586680, 131.10770512, 131.110, $131.03, -0.0608%, 19430367, 40888661.11, 1271.77, 54921017675.16
24-Jan-2011, 130.36, $1343.00, 97.583460, 131.05459055, 130.493, $130.32, -0.1329%, 14899809, 40537360.66, 1260.84, 54426971453.54
25-Jan-2011, 130.07, $1324.00, 97.582020, 129.1985878, 129.843, $130.10, 0.1982%, 22217215, 39532265.85, 1229.58, 52325428058.58
26-Jan-2011, 131.15, $1328.00, 97.581030, 129.58760978, 130.772, $131.14, 0.2812%, 20530040, 39532265.85, 1229.58, 52482981959.72
27-Jan-2011, 127.94, $1334.50, 97.580110, 130.22065114, 128.132, $127.94, -0.1502%, 32978421, 39434685.74, 1226.55, 52609143059.00
28-Jan-2011, 130.28, $1319.00, 97.578680, 128.70627621, 130.520, $130.32, -0.1534%, 28046459, 39356622.80, 1224.12, 51894370566.81
31-Jan-2011, 129.87, $1327.00, 97.575680, 129.48292164, 129.738, $129.89, 0.1175%, 28046459, 39454198.48, 1227.15, 52336996928.51
01-Feb-2011, 130.80, $1331.50, 97.574720, 129.92074547, 130.568, $130.76, 0.1473%, 15362650, 39454198.48, 1227.15, 52513965319.85
02-Feb-2011, 130.46, $1337.00, 97.573800, 130.45617402, 130.199, $130.44, 0.1854%, 10139969, 39454198.48, 1227.15, 52730385537.90
03-Feb-2011, 132.20, $1328.00, 97.572480, 129.57625871, 132.002, $132.18, 0.1349%, 17358166, 39522499.21, 1229.28, 52465427153.14
04-Feb-2011, 131.61, $1355.00, 97.572170, 132.21029384, 131.629, $131.64, 0.0085%, 15195840, 39509197.04, 1228.86, 53531947974.00
07-Feb-2011, 131.64, $1347.50, 97.568920, 131.47412277, 131.740, $131.68, -0.0452%, 16729200, 39509197.04, 1228.86, 53233872308.34
08-Feb-2011, 133.13, $1363.50, 97.567960, 133.0339075, 133.045, $133.12, 0.0566%, 16190543, 39499440.25, 1228.56, 53852125757.16
09-Feb-2011, 133.07, $1365.00, 97.566900, 133.17881449, 132.939, $133.09, 0.1137%, 10129979, 39431143.42, 1226.44, 53817558934.99
10-Feb-2011, 132.85, $1353.25, 97.565730, 132.03082974, 132.819, $132.92, 0.0759%, 7983338, 39401873.70, 1225.53, 53314049048.55
11-Feb-2011, 132.35, $1364.00, 97.564760, 133.07833156, 132.457, $132.32, -0.1033%, 9889567, 39401873.70, 1225.53, 53737030285.42
14-Feb-2011, 132.95, $1365.00, 97.561560, 133.17153306, 132.933, $132.92, -0.0094%, 10422456, 39401873.70, 1225.53, 53774665049.78
15-Feb-2011, 133.97, $1372.75, 97.560580, 133.92629251, 134.102, $133.95, -0.1133%, 10171403, 39353093.41, 1224.01, 54012473769.98
16-Feb-2011, 134.10, $1371.25, 97.559500, 133.77845985, 134.162, $134.13, -0.0238%, 12816813, 39353093.41, 1224.01, 53952852859.25
17-Feb-2011, 135.04, $1379.00, 97.558530, 134.53321281, 135.082, $135.01, -0.0536%, 11308700, 39353093.41, 1224.01, 54257244726.72
18-Feb-2011, 135.41, $1383.50, 97.557520, 134.97083339, 135.293, $135.36, 0.0497%, 15854569, 39323826.15, 1223.10, 54393245857.75
21-Feb-2011, HOLIDAY, HOLIDAY, HOLIDAY, HOLIDAY, HOLIDAY, HOLIDAY, HOLIDAY, HOLIDAY, HOLIDAY, HOLIDAY, HOLIDAY
22-Feb-2011, 136.29, $1401.00, 97.553520, 136.67248774, 136.580, $136.31, -0.1975%, 16666064, 39167740.52, 1218.24, 54860336577.81
23-Feb-2011, 137.51, $1409.25, 97.552600, 137.47599822, 137.452, $137.51, 0.0425%, 15679901, 39167740.52, 1218.24, 55182865686.75
24-Feb-2011, 136.45, $1411.50, 97.551570, 137.69403934, 137.117, $136.47, -0.4715%, 18758496, 38953127.07, 1211.57, 54967460503.08
25-Feb-2011, 137.40, $1402.50, 97.550330, 136.81433822, 137.505, $137.39, -0.0836%, 10342687, 38953127.07, 1211.57, 54616283818.30
28-Feb-2011, 137.72, $1411.00, 97.547300, 137.63924395, 137.159, $137.67, 0.3723%, 8843932, 38933617.61, 1210.96, 54918058337.63
01-Mar-2011, 139.90, $1420.75, 97.546440, 138.58911055, 139.489, $139.98, 0.3517%, 17376749, 38933617.61, 1210.96, 55297055107.53
02-Mar-2011, 139.93, $1435.50, 97.545700, 140.02685133, 139.659, $139.89, 0.1653%, 15537933, 38933617.61, 1210.96, 55870713678.74
03-Mar-2011, 138.09, $1421.50, 97.544310, 138.65923991, 137.901, $138.12, 0.1586%, 16481006, 38922671.15, 1210.62, 55325036723.82
04-Mar-2011, 139.35, $1427.00, 97.543270, 139.19424252, 139.226, $139.32, 0.0672%, 14457422, 38922671.15, 1210.62, 55538502767.34
07-Mar-2011, 139.73, $1437.50, 97.540130, 140.21393593, 140.048, $139.72, -0.2343%, 14060953, 39137259.44, 1217.30, 56253831093.39
08-Mar-2011, 139.36, $1426.25, 97.538980, 139.11000000, 139.342, $139.34, -0.0016%, 10575968, 39137259.44, 1217.30, 55812925269.54
09-Mar-2011, 139.41, $1431.00, 97.537950, 139.5768035, 139.448, $139.38, -0.0488%, 8578954, 39137259.44, 1217.30, 55998213566.10
10-Mar-2011, 137.77, $1413.25, 97.536720, 137.84377155, 137.861, $137.76, -0.0735%, 15512577, 39137259.44, 1217.30, 55302921145.05
11-Mar-2011, 138.19, $1411.50, 97.535640, 137.67154942, 138.635, $138.19, -0.3211%, 10406739, 39078738.05, 1215.48, 55151222698.70
14-Mar-2011, 138.86, $1422.25, 97.532560, 138.71567987, 138.899, $138.86, -0.0281%, 10230897, 39020218.52, 1213.65, 55486271947.86
15-Mar-2011, 136.27, $1400.50, 97.531210, 136.59245857, 136.313, $136.28, -0.0239%, 23449865, 38990959.15, 1212.74, 54596005689.26
16-Mar-2011, 136.24, $1402.00, 97.530160, 136.7372859, 136.238, $136.26, 0.0162%, 13208797, 39137254.39, 1217.30, 54858999101.12
17-Mar-2011, 136.97, $1403.75, 97.529120, 136.90649888, 136.875, $136.89, 0.0107%, 9109354, 39137254.39, 1217.30, 54926887351.23
18-Mar-2011, 138.37, $1420.00, 97.528290, 138.4901765, 138.332, $138.36, 0.0201%, 18586263, 39429839.26, 1226.40, 55977729342.36
21-Mar-2011, 139.11, $1432.00, 97.525290, 139.65621445, 139.159, $139.14, -0.0135%, 13731587, 39088500.75, 1215.78, 55960245131.19
22-Mar-2011, 139.05, $1426.00, 97.524110, 139.06938716, 139.094, $139.07, -0.0171%, 9539589, 39059243.51, 1214.87, 55683382619.69
23-Mar-2011, 140.34, $1439.50, 97.523290, 140.38478122, 140.349, $140.31, -0.0276%, 11555075, 39059243.51, 1214.87, 56210066399.66
24-Mar-2011, 139.22, $1447.00, 97.522370, 141.11486392, 139.306, $139.25, -0.0401%, 16973433, 39029986.80, 1213.96, 56460057054.12
25-Mar-2011, 139.26, $1436.00, 97.521080, 140.04027284, 139.323, $139.25, -0.0527%, 12477728, 39029986.80, 1213.96, 56030113163.91
28-Mar-2011, 138.56, $1417.00, 97.517450, 138.18222813, 138.333, $138.54, 0.1494%, 7653356, 38961724.59, 1211.84, 55189981917.08
29-Mar-2011, 138.24, $1417.50, 97.516390, 138.22948859, 138.234, $138.23, -0.0032%, 6047865, 38961724.59, 1211.84, 55208857744.16
30-Mar-2011, 138.67, $1425.50, 97.515520, 139.0083703, 138.769, $138.69, -0.0573%, 10597856, 38961724.59, 1211.84, 55519943096.45
31-Mar-2011, 139.82, $1439.00, 97.514780, 140.32376609, 139.992, $139.86, -0.0944%, 15223048, 38942221.63, 1211.23, 56017247422.78
01-Apr-2011, 139.20, $1418.00, 97.513180, 138.27368698, 139.261, $139.19, -0.0513%, 15734173, 38942221.63, 1211.23, 55198855842.92
04-Apr-2011, 139.84, $1435.50, 97.510460, 139.97625881, 139.723, $139.79, 0.0481%, 6218433, 38942221.63, 1211.23, 55878522516.08
05-Apr-2011, 142.05, $1433.50, 97.509330, 139.77962565, 141.710, $142.01, 0.2115%, 18281680, 38990976.30, 1212.75, 55869916371.25
06-Apr-2011, 142.38, $1461.50, 97.509050, 142.50948081, 142.344, $142.41, 0.0466%, 10605701, 38756954.58, 1205.47, 56619016726.38
07-Apr-2011, 142.51, $1459.50, 97.507930, 142.31281954, 142.347, $142.48, 0.0935%, 9485109, 39134493.46, 1217.21, 57110134479.66
08-Apr-2011, 143.66, $1469.50, 97.506940, 143.28644222, 143.438, $143.69, 0.1760%, 13090729, 39134493.46, 1217.21, 57500849261.03
11-Apr-2011, 142.62, $1468.00, 97.503720, 143.13545414, 142.531, $142.64, 0.0765%, 9469482, 39134493.46, 1217.21, 57440257746.00
12-Apr-2011, 141.65, $1450.50, 97.502460, 141.42731655, 141.544, $141.66, 0.0817%, 14943535, 39105242.72, 1216.30, 56712353938.00
13-Apr-2011, 141.90, $1457.50, 97.501470, 142.10839435, 142.138, $141.92, -0.1531%, 13882760, 38997991.10, 1212.96, 56829146900.14
14-Apr-2011, 143.82, $1465.75, 97.500500, 142.91136288, 143.652, $143.81, 0.1097%, 13073866, 38997991.10, 1212.96, 57150254015.72
15-Apr-2011, 145.06, $1476.75, 97.499580, 143.98249801, 144.821, $145.06, 0.1650%, 19059471, 39582988.58, 1231.16, 58442495941.14
18-Apr-2011, 145.93, $1493.00, 97.496610, 145.56243183, 145.787, $145.92, 0.0914%, 17367788, 39582988.58, 1231.16, 59083791080.52
19-Apr-2011, 145.93, $1490.50, 97.495500, 145.31704163, 145.688, $145.95, 0.1802%, 10943588, 39553739.93, 1230.25, 58940592087.10
20-Apr-2011, 146.50, $1501.00, 97.494600, 146.33938827, 146.179, $146.49, 0.2131%, 13375300, 39553739.93, 1230.25, 59355255880.70
21-Apr-2011, 146.74, $1504.00, 97.493580, 146.63033859, 146.835, $146.74, -0.0648%, 10104123, 39534241.22, 1229.64, 59443939262.66
22-Apr-2011, HOLIDAY, HOLIDAY, HOLIDAY, HOLIDAY, HOLIDAY, HOLIDAY, HOLIDAY, HOLIDAY, HOLIDAY, HOLIDAY, HOLIDAY
25-Apr-2011, 146.87, $1504.00, 97.489300, 146.62391106, 147.243, $146.89, -0.2397%, 15573421, 39534241.22, 1229.64, 59441333543.78
26-Apr-2011, 146.39, $1497.50, 97.488100, 145.98843705, 146.376, $146.37, -0.0044%, 15953404, 39534241.22, 1229.64, 59183712380.15
27-Apr-2011, 149.21, $1511.00, 97.487310, 147.30333054, 148.571, $149.18, 0.4101%, 20871365, 39534241.22, 1229.64, 59716770199.04
28-Apr-2011, 149.81, $1535.50, 97.486750, 149.6909079, 149.676, $149.82, 0.0960%, 20490561, 39534241.22, 1229.64, 60684694063.79
29-Apr-2011, 152.36, $1535.50, 97.485680, 149.68926745, 152.570, $152.36, -0.1376%, 26140384, 39534241.22, 1229.64, 60684029026.05
02-May-2011, 150.43, $1535.50, 97.482480, 149.68434622, 151.658, $150.42, -0.8166%, 20549676, 39534241.22, 1229.64, 60682033956.55
03-May-2011, 149.88, $1540.25, 97.481520, 150.14591649, 149.931, $149.89, -0.0276%, 24194421, 39368522.63, 1224.49, 60613906486.77
04-May-2011, 147.79, $1541.00, 97.480470, 150.21740971, 148.005, $147.76, -0.1653%, 35095110, 39222301.93, 1219.94, 60417442186.78
05-May-2011, 143.47, $1511.00, 97.478630, 147.29021365, 143.552, $143.44, -0.0780%, 51224942, 38851883.13, 1208.42, 58680421117.28
06-May-2011, 145.30, $1486.50, 97.476890, 144.8993909, 145.119, $145.32, 0.1387%, 24178431, 38754406.24, 1205.39, 57583017941.90
09-May-2011, 147.38, $1502.00, 97.474150, 146.40616893, 147.152, $147.42, 0.1822%, 13836818, 38644033.41, 1201.95, 58035405362.86
10-May-2011, 147.90, $1513.50, 97.473180, 147.5256581, 147.998, $147.88, -0.0800%, 11278435, 38644033.41, 1201.95, 58479170872.46
11-May-2011, 146.54, $1508.00, 97.472060, 146.98786617, 146.679, $146.59, -0.0606%, 21358793, 38614791.80, 1201.04, 58221893790.34
12-May-2011, 146.59, $1489.50, 97.470800, 145.18275669, 146.406, $146.57, 0.1120%, 18700122, 38361367.72, 1193.16, 57129414755.57
13-May-2011, 145.63, $1505.75, 97.469910, 146.76532166, 145.542, $145.59, 0.0329%, 16905450, 38332126.74, 1192.25, 57708124478.59
16-May-2011, 145.36, $1500.75, 97.466640, 146.27306387, 145.449, $145.39, -0.0409%, 10060996, 38332126.74, 1192.25, 57514568712.67
17-May-2011, 144.74, $1478.50, 97.465260, 144.10238541, 144.521, $144.73, 0.1443%, 16436657, 38332126.74, 1192.25, 56661057942.75
18-May-2011, 145.60, $1496.50, 97.464460, 145.85556388, 145.563, $145.59, 0.0184%, 10490482, 38302887.40, 1191.34, 57306651050.28
19-May-2011, 145.65, $1493.00, 97.463340, 145.51276252, 145.537, $145.66, 0.0844%, 8082103, 38302887.40, 1191.34, 57171964395.42
20-May-2011, 147.48, $1490.75, 97.462230, 145.29182308, 147.602, $147.51, -0.0621%, 19525615, 38644005.21, 1201.95, 57593678668.95
23-May-2011, 147.82, $1510.50, 97.459390, 147.2124015, 147.834, $147.85, 0.0107%, 15929805, 38887653.68, 1209.53, 58723026959.21
24-May-2011, 148.56, $1527.00, 97.458620, 148.8193098, 148.585, $148.57, -0.0104%, 14934026, 39033841.61, 1214.08, 59587251642.35
25-May-2011, 148.58, $1526.25, 97.457540, 148.74456436, 148.798, $148.62, -0.1197%, 11018248, 39033841.61, 1214.08, 59557323570.99
26-May-2011, 148.22, $1518.50, 97.456320, 147.98741741, 148.241, $148.25, 0.0062%, 9453365, 39033841.61, 1214.08, 59254161930.68
27-May-2011, 149.70, $1533.00, 97.455540, 149.39934333, 149.472, $149.72, 0.1656%, 10168211, 39004604.95, 1213.17, 59774677267.92
30-May-2011, HOLIDAY, HOLIDAY, HOLIDAY, HOLIDAY, HOLIDAY, HOLIDAY, HOLIDAY, HOLIDAY, HOLIDAY, HOLIDAY, HOLIDAY
31-May-2011, 149.64, $1536.50, 97.451350, 149.73399568, 149.573, $149.65, 0.0513%, 10168211, 38926643.87, 1210.74, 59788784473.86
01-Jun-2011, 149.88, $1533.75, 97.450220, 149.46426787, 150.678, $149.89, -0.5227%, 18343436, 38994859.03, 1212.87, 59785707149.22
02-Jun-2011, 149.50, $1539.50, 97.449290, 150.02317486, 149.404, $149.50, 0.0640%, 13241754, 38994859.03, 1212.87, 60009269945.58
03-Jun-2011, 150.26, $1540.00, 97.448230, 150.07027381, 150.231, $150.23, -0.0007%, 12504205, 38994859.03, 1212.87, 60028109525.60
06-Jun-2011, 150.48, $1549.00, 97.445260, 150.94271476, 150.441, $150.49, 0.0327%, 10508899, 38994859.03, 1212.87, 60377085905.50
07-Jun-2011, 150.43, $1545.00, 97.444090, 150.55111628, 150.541, $150.42, -0.0806%, 9386172, 38994859.03, 1212.87, 60220446512.07
08-Jun-2011, 149.81, $1537.75, 97.442820, 149.84269233, 149.594, $149.82, 0.1509%, 9559431, 38953088.82, 1211.57, 59892124123.32
09-Jun-2011, 150.58, $1537.75, 97.441750, 149.84105022, 150.421, $150.56, 0.0925%, 7712865, 38953088.82, 1211.57, 59891467771.27
10-Jun-2011, 149.24, $1529.25, 97.440600, 149.01104283, 149.438, $149.22, -0.1458%, 12342781, 38612046.72, 1200.96, 59038175168.53
13-Jun-2011, 147.77, $1526.25, 97.437370, 148.71377924, 147.759, $147.78, 0.0143%, 12987670, 38582815.51, 1200.05, 58875785202.17
14-Jun-2011, 148.73, $1516.00, 97.436170, 147.71323684, 148.580, $148.71, 0.0872%, 10903132, 38582815.51, 1200.05, 58479670463.08
15-Jun-2011, 149.14, $1529.75, 97.435280, 149.05162286, 148.830, $149.16, 0.2214%, 14468350, 38582815.51, 1200.05, 59009537489.39
16-Jun-2011, 149.01, $1523.25, 97.434130, 148.4165326, 148.738, $148.98, 0.1627%, 10922535, 38582815.51, 1200.05, 58758105257.08
17-Jun-2011, 149.94, $1537.50, 97.433260, 149.80363836, 149.818, $149.97, 0.1013%, 16153030, 38875115.29, 1209.14, 59756671340.14
20-Jun-2011, 150.03, $1544.00, 97.430160, 150.43216906, 150.208, $150.05, -0.1052%, 10128301, 38875115.29, 1209.14, 60007392238.97
21-Jun-2011, 150.76, $1544.75, 97.429110, 150.50361153, 150.606, $150.76, 0.1023%, 11600244, 38875115.29, 1209.14, 60035890640.65
22-Jun-2011, 150.99, $1552.50, 97.428170, 151.25723629, 150.848, $150.99, 0.0941%, 14099171, 38875115.29, 1209.14, 60336511554.84
23-Jun-2011, 148.32, $1523.00, 97.426570, 148.38066433, 147.957, $148.33, 0.2522%, 23307299, 38875115.29, 1209.14, 59189046999.62
24-Jun-2011, 146.26, $1514.75, 97.425340, 147.57503677, 146.299, $146.25, -0.0333%, 18521650, 38875115.29, 1209.14, 58867682166.14
27-Jun-2011, 145.73, $1498.00, 97.421770, 145.93781842, 145.546, $145.75, 0.1400%, 10554186, 38875115.29, 1209.14, 58214595766.37
28-Jun-2011, 146.24, $1499.00, 97.420730, 146.03367382, 146.087, $146.26, 0.1182%, 8625404, 38875115.29, 1209.14, 58252832487.46
29-Jun-2011, 147.18, $1504.25, 97.419780, 146.54371076, 147.006, $147.18, 0.1181%, 12586644, 38845889.36, 1208.23, 58412323107.67
30-Jun-2011, 145.98, $1505.50, 97.418750, 146.66392324, 146.269, $146.01, -0.1773%, 13119523, 38845889.36, 1208.23, 58460239802.16
01-Jul-2011, 144.94, $1483.00, 97.417120, 144.46958406, 144.825, $144.93, 0.0724%, 16359714, 38767955.66, 1205.81, 57470000538.80
04-Jul-2011, HOLIDAY, HOLIDAY, HOLIDAY, HOLIDAY, HOLIDAY, HOLIDAY, HOLIDAY, HOLIDAY, HOLIDAY, HOLIDAY, HOLIDAY
05-Jul-2011, 147.63, $1510.00, 97.413590, 147.09451881, 147.465, $147.63, 0.1121%, 15531600, 38767955.66, 1205.81, 58514199580.83
06-Jul-2011, 148.90, $1527.25, 97.413000, 148.7740026, 148.974, $148.92, -0.0360%, 13986627, 38767955.66, 1205.81, 59182298235.65
07-Jul-2011, 149.15, $1527.50, 97.411940, 148.79673591, 149.228, $149.16, -0.0458%, 15492800, 38767955.66, 1205.81, 59191341545.22
08-Jul-2011, 150.25, $1541.50, 97.411270, 150.15947286, 150.476, $150.28, -0.1303%, 13649966, 38755260.40, 1205.41, 59733438304.25
11-Jul-2011, 151.61, $1555.50, 97.408200, 151.51845698, 151.207, $151.58, 0.2468%, 20114989, 38755260.40, 1205.41, 60274042186.35
12-Jul-2011, 152.79, $1550.50, 97.407080, 151.02968186, 152.617, $152.76, 0.0934%, 24010398, 39398147.13, 1225.41, 61076403342.23
13-Jul-2011, 154.14, $1579.00, 97.406320, 153.80457196, 153.931, $154.12, 0.1226%, 25179512, 39398147.13, 1225.41, 62198568899.86
14-Jul-2011, 154.54, $1590.50, 97.405370, 154.92324678, 154.563, $154.57, 0.0046%, 17647437, 39398147.13, 1225.41, 62650960998.48
15-Jul-2011, 155.20, $1587.00, 97.404270, 154.58056981, 154.968, $155.22, 0.1625%, 18444458, 39739062.08, 1236.01, 63053414426.53
18-Jul-2011, 156.57, $1599.00, 97.401220, 155.74455737, 156.285, $156.55, 0.1695%, 17108952, 40167627.45, 1249.34, 64213481002.67
19-Jul-2011, 154.67, $1601.00, 97.400180, 155.93769507, 154.647, $154.63, -0.0111%, 22848906, 40060487.25, 1246.01, 64121580210.79
20-Jul-2011, 156.02, $1586.00, 97.398900, 154.47465171, 155.507, $155.99, 0.3105%, 13553562, 40060487.25, 1246.01, 63519976785.12
21-Jul-2011, 154.83, $1601.00, 97.398060, 155.93429328, 154.593, $154.86, 0.1726%, 18391644, 39953349.38, 1242.68, 63948653675.75
22-Jul-2011, 156.08, $1602.00, 97.397010, 156.03000678, 156.074, $156.12, 0.0296%, 11294091, 39924130.28, 1241.77, 63941096777.12
25-Jul-2011, 157.34, $1613.50, 97.394010, 157.14523449, 157.109, $157.34, 0.1469%, 12374020, 39924130.28, 1241.77, 64398117093.76
26-Jul-2011, 157.77, $1612.75, 97.392930, 157.07044556, 157.465, $157.77, 0.1938%, 11791315, 39924130.28, 1241.77, 64367468591.41
27-Jul-2011, 157.19, $1625.00, 97.392090, 158.26214843, 157.301, $157.17, -0.0832%, 18262308, 40021522.37, 1244.80, 65014090576.98
28-Jul-2011, 157.32, $1613.50, 97.390800, 157.1400575, 157.013, $157.30, 0.1825%, 11297791, 40605867.17, 1262.97, 65495975965.17
29-Jul-2011, 158.41, $1628.50, 97.390030, 158.59966299, 158.195, $158.29, 0.0597%, 17088944, 40625345.17, 1263.58, 66136059466.40
01-Aug-2011, 157.70, $1623.00, 97.386710, 158.05862879, 157.862, $157.69, -0.1089%, 14331453, 40625345.17, 1263.58, 65910448204.22
02-Aug-2011, 161.52, $1637.75, 97.385970, 159.49386857, 160.025, $161.50, 0.9220%, 24173679, 41209660.99, 1281.75, 67465906406.61
03-Aug-2011, 161.41, $1669.25, 97.385590, 162.56089162, 161.972, $161.46, -0.3159%, 27609604, 41355739.38, 1286.30, 69007098493.89
04-Aug-2011, 160.64, $1679.50, 97.384740, 163.55767711, 161.318, $160.65, -0.4140%, 39945373, 41355739.38, 1286.30, 69430233934.91
05-Aug-2011, 161.78, $1658.75, 97.383210, 161.53439545, 161.622, $161.76, 0.0854%, 24508172, 41355739.38, 1286.30, 68571350867.71
08-Aug-2011, 167.12, $1658.75, 97.380840, 164.86575986, 166.716, $167.12, 0.2423%, 42819412, 42115309.93, 1309.92, 71271467987.54
09-Aug-2011, 168.61, $1736.00, 97.380780, 169.05303123, 171.865, $168.70, -1.8418%, 55548342, 41696572.58, 1296.90, 72354697364.73
10-Aug-2011, 174.58, $1772.00, 97.380550, 172.5583285, 172.812, $174.57, 1.0176%, 44200687, 41684377.27, 1296.52, 73854964599.14
11-Aug-2011, 170.67, $1760.00, 97.379390, 171.38772946, 169.538, $170.77, 0.7270%, 49776896, 40924818.03, 1272.89, 72017123918.29
12-Aug-2011, 169.97, $1736.00, 97.378130, 169.04842884, 169.701, $169.97, 0.1586%, 29179405, 40515829.88, 1260.17, 70324146399.17
15-Aug-2011, 171.80, $1739.00, 97.374960, 169.33504941, 171.726, $171.82, 0.0550%, 17667803, 40515829.88, 1260.17, 70443380555.40
16-Aug-2011, 173.92, $1782.50, 97.374350, 173.56977851, 173.584, $173.90, 0.1818%, 19553245, 40603466.80, 1262.90, 72361240659.64
17-Aug-2011, 174.42, $1790.00, 97.373360, 174.29832166, 174.415, $174.44, 0.0142%, 16455764, 40895586.88, 1271.98, 73187865266.65
18-Aug-2011, 177.73, $1824.00, 97.372670, 177.60775871, 177.827, $177.73, -0.0545%, 25384165, 41372712.96, 1286.83, 75447775899.29
19-Aug-2011, 179.99, $1848.00, 97.371880, 179.94322814, 179.992, $179.96, -0.0177%, 34396109, 41499296.41, 1290.76, 76673809508.35
22-Aug-2011, 184.59, $1877.50, 97.369050, 182.81038387, 183.993, $184.56, 0.3079%, 27301329, 41294821.40, 1284.40, 77511602759.04
23-Aug-2011, 177.60, $1876.00, 97.367960, 182.66229187, 179.142, $177.64, -0.8387%, 55185787, 40496404.13, 1259.57, 75950980961.26
24-Aug-2011, 171.63, $1770.00, 97.365340, 172.33664445, 171.624, $171.63, 0.0035%, 70387086, 39620116.07, 1232.31, 70106546960.37
25-Aug-2011, 172.23, $1729.00, 97.363580, 168.34162171, 171.837, $172.28, 0.2578%, 43009713, 39620116.07, 1232.31, 68481371712.58
26-Aug-2011, 177.49, $1788.00, 97.363530, 174.08599426, 175.770, $177.49, 0.9783%, 38595320, 39571434.30, 1230.80, 70731139466.58
29-Aug-2011, 173.89, $1788.00, 97.360330, 174.08027094, 174.044, $173.90, -0.0829%, 24295671, 39571434.30, 1230.80, 70728814084.74
30-Aug-2011, 179.05, $1825.00, 97.359960, 177.68192468, 178.509, $179.10, 0.3308%, 23364682, 39620114.28, 1232.31, 72281006961.78
31-Aug-2011, 177.65, $1813.50, 97.358670, 176.55995211, 177.595, $177.69, 0.0536%, 14940527, 39620114.28, 1232.31, 71824588520.10
01-Sep-2011, 177.87, $1821.00, 97.357750, 177.28846854, 177.960, $177.84, -0.0676%, 13865792, 39620114.28, 1232.31, 72120949002.00
02-Sep-2011, 183.23, $1875.25, 97.357750, 182.5701236, 183.028, $183.22, 0.1051%, 19040135, 39620114.28, 1232.31, 74269526280.33
05-Sep-2011, HOLIDAY, HOLIDAY, HOLIDAY, HOLIDAY, HOLIDAY, HOLIDAY, HOLIDAY, HOLIDAY, HOLIDAY, HOLIDAY, HOLIDAY
06-Sep-2011, 182.92, $1895.00, 97.353890, 184.48562141, 183.113, $182.91, -0.1108%, 21265000, 39620114.28, 1232.31, 75048750789.94
07-Sep-2011, 177.08, $1810.00, 97.350910, 176.20515125, 176.419, $177.07, 0.3688%, 21654300, 39620114.28, 1232.31, 71680255530.22
08-Sep-2011, 181.78, $1855.00, 97.350900, 180.58592822, 181.063, $181.80, 0.4071%, 20680903, 39590909.01, 1231.41, 73408179821.38
09-Sep-2011, 180.70, $1851.00, 97.349740, 180.19437497, 179.747, $180.69, 0.5249%, 22114300, 39928871.72, 1241.92, 73897713175.08
12-Sep-2011, 176.67, $1834.00, 97.346390, 178.53328531, 175.876, $176.69, 0.4630%, 22358300, 39928871.72, 1241.92, 73216500307.49
13-Sep-2011, 178.54, $1820.00, 97.345190, 177.1682513, 179.324, $178.49, -0.4653%, 22736000, 39909402.68, 1241.31, 72621266207.79
14-Sep-2011, 177.21, $1818.50, 97.344110, 177.0202657, 177.116, $177.17, 0.0307%, 22651400, 39909402.68, 1241.31, 72560606910.32
15-Sep-2011, 174.39, $1782.00, 97.342640, 173.46458768, 173.847, $174.37, 0.3008%, 20997782, 39909402.68, 1241.31, 71103134491.64
16-Sep-2011, 176.03, $1794.00, 97.341720, 174.631039, 175.799, $176.01, 0.1199%, 22883600, 40250098.70, 1251.91, 72192471522.84
19-Sep-2011, 173.27, $1794.00, 97.338520, 174.62529777, 172.786, $173.29, 0.2919%, 22978400, 40250098.70, 1251.91, 72190098097.75
20-Sep-2011, 175.78, $1799.00, 97.337520, 175.11019657, 175.480, $175.76, 0.1595%, 23150000, 40259832.45, 1252.21, 72408066281.23
21-Sep-2011, 173.59, $1793.00, 97.336370, 174.52410259, 174.402, $173.62, -0.4486%, 23185300, 40259832.45, 1252.21, 72165716420.70
22-Sep-2011, 169.05, $1722.00, 97.334180, 167.60945293, 169.215, $169.19, -0.0151%, 31307137, 40259832.45, 1252.21, 69306508785.12
23-Sep-2011, 159.80, $1689.00, 97.332540, 164.39465381, 159.820, $159.88, 0.0375%, 23534400, 40259832.45, 1252.21, 67977189350.63
26-Sep-2011, 157.58, $1598.00, 97.327450, 155.52926215, 156.196, $157.59, 0.8925%, 23987700, 40084643.04, 1246.76, 64031397228.12
27-Sep-2011, 160.63, $1659.00, 97.327720, 161.46667945, 160.628, $160.61, -0.0110%, 24334000, 39928918.69, 1241.92, 66217485243.27
28-Sep-2011, 156.20, $1643.00, 97.326300, 159.90710528, 156.476, $156.25, -0.1447%, 24545400, 39928918.69, 1241.92, 65577903874.44
29-Sep-2011, 157.70, $1613.00, 97.324530, 156.98446912, 157.080, $157.68, 0.3821%, 24505700, 39607747.74, 1231.93, 63861282038.44
30-Sep-2011, 158.08, $1620.00, 97.323640, 157.66429052, 157.932, $158.01, 0.0494%, 24632800, 39607747.74, 1231.93, 64137833384.55
03-Oct-2011, 160.99, $1655.50, 97.321360, 161.11551181, 160.569, $160.92, 0.2189%, 24698100, 39617479.87, 1232.23, 65557901756.66
04-Oct-2011, 157.63, $1638.00, 97.319840, 159.40989667, 155.712, $157.66, 1.2512%, 24851300, 39529892.02, 1229.51, 64720418048.05
05-Oct-2011, 159.49, $1617.00, 97.318200, 157.36352724, 159.290, $159.42, 0.0813%, 24839600, 39529892.02, 1229.51, 63889592061.14
06-Oct-2011, 160.49, $1635.00, 97.317640, 159.11434506, 160.854, $160.57, -0.1768%, 24692000, 39529892.02, 1229.51, 64600424094.18
07-Oct-2011, 159.18, $1652.00, 97.317060, 160.76778054, 159.352, $159.19, -0.1015%, 24708800, 39529892.02, 1229.51, 65271718898.57
10-Oct-2011, 163.24, $1661.00, 97.314140, 161.63877833, 162.768, $163.29, 0.3209%, 24685700, 39481234.95, 1227.99, 65544524612.30
11-Oct-2011, 162.10, $1663.00, 97.313130, 161.83173831, 161.832, $162.16, 0.2028%, 24846500, 39481234.95, 1227.99, 65622769885.61
12-Oct-2011, 163.26, $1682.00, 97.312650, 163.67987167, 163.286, $163.21, -0.0464%, 24595700, 39481234.95, 1227.99, 66372187962.61
13-Oct-2011, 162.30, $1656.00, 97.310770, 161.14663796, 162.378, $162.27, -0.0663%, 24450600, 39465715.88, 1227.51, 65344961693.56
14-Oct-2011, 163.40, $1678.00, 97.309910, 163.28602664, 163.597, $163.41, -0.1146%, 24212600, 39465715.88, 1227.51, 66212483801.33
17-Oct-2011, 162.62, $1682.00, 97.306760, 163.66997303, 162.583, $162.62, 0.0227%, 23960900, 39465715.88, 1227.51, 66368174062.18
18-Oct-2011, 161.84, $1631.00, 97.305090, 158.70460965, 160.875, $161.87, 0.6188%, 23909400, 39465715.88, 1227.51, 64354719214.30
19-Oct-2011, 159.75, $1652.50, 97.304300, 160.79536252, 159.847, $159.82, -0.0167%, 8555510, 39465715.88, 1227.51, 65202519502.12
20-Oct-2011, 157.77, $1620.00, 97.302800, 157.63054293, 157.558, $157.74, 0.1158%, 16637306, 39465715.88, 1227.51, 63919185158.02
21-Oct-2011, 159.52, $1642.50, 97.302060, 159.81863253, 159.259, $159.54, 0.1763%, 13301254, 39465715.88, 1227.51, 64806455490.34
24-Oct-2011, 161.02, $1652.00, 97.299020, 160.73798007, 160.974, $160.94, -0.0214%, 10167570, 39660313.92, 1233.56, 65500726877.14
25-Oct-2011, 165.59, $1656.00, 97.298020, 161.12552279, 166.268, $165.61, -0.3956%, 22073009, 40000856.99, 1244.16, 66222589868.03
26-Oct-2011, 167.31, $1715.00, 97.297910, 166.86591458, 167.503, $167.42, -0.0497%, 16953736, 40000856.99, 1244.16, 68581890893.45
27-Oct-2011, 169.94, $1718.00, 97.296890, 167.15606478, 169.788, $169.55, -0.1401%, 15816945, 39981397.61, 1243.55, 68667711412.65
28-Oct-2011, 169.62, $1741.00, 97.296210, 169.39270458, 169.787, $169.66, -0.0747%, 9255213, 39981397.61, 1243.55, 69586523040.98
31-Oct-2011, 167.34, $1722.00, 97.292670, 167.53798269, 167.207, $167.25, 0.0256%, 8324450, 39981397.61, 1243.55, 68824603288.08
01-Nov-2011, 167.41, $1699.00, 97.291160, 165.29768503, 167.280, $167.38, 0.0595%, 15017255, 39981397.61, 1243.55, 67904289011.49
02-Nov-2011, 169.06, $1743.00, 97.290970, 169.57816251, 168.880, $169.01, 0.0772%, 14325284, 39981397.61, 1243.55, 69662709157.06
03-Nov-2011, 171.72, $1758.00, 97.290200, 171.03617874, 171.702, $171.69, -0.0068%, 16795747, 39981397.61, 1243.55, 70261662225.85
04-Nov-2011, 170.85, $1749.00, 97.288960, 170.15838777, 170.835, $170.84, 0.0032%, 11057995, 40030042.09, 1245.06, 69986144888.43
07-Nov-2011, 174.98, $1782.00, 97.286490, 173.36452043, 174.520, $174.96, 0.2520%, 19813647, 40370544.81, 1255.65, 71911603075.94
08-Nov-2011, 173.53, $1795.00, 97.285710, 174.62784119, 173.322, $173.55, 0.1314%, 16045309, 40642944.80, 1264.13, 72924586482.03
09-Nov-2011, 172.07, $1784.00, 97.284400, 173.55536874, 172.770, $172.09, -0.3938%, 12267644, 40740229.20, 1267.15, 72650277354.89
10-Nov-2011, 171.14, $1756.00, 97.282690, 170.8284028, 171.125, $171.15, 0.0145%, 11826121, 40788870.54, 1268.67, 71594183614.08
11-Nov-2011, 173.96, $1773.00, 97.282030, 172.48104124, 173.839, $173.97, 0.0753%, 8766434, 40788870.54, 1268.67, 72286804384.93
14-Nov-2011, 173.20, $1776.00, 97.278920, 172.76735773, 172.883, $173.20, 0.1833%, 5880161, 40776411.02, 1268.28, 72406799625.95
15-Nov-2011, 173.36, $1785.00, 97.277940, 173.64111664, 173.278, $173.40, 0.0702%, 9246958, 40776411.02, 1268.28, 72772991983.16
16-Nov-2011, 171.51, $1756.00, 97.276590, 170.81768948, 172.357, $171.51, -0.4912%, 14963087, 41068240.79, 1277.36, 72102146730.26
17-Nov-2011, 167.07, $1742.50, 97.275380, 169.50235376, 167.283, $167.08, -0.1211%, 20217482, 41457342.31, 1289.46, 72224952935.91
18-Nov-2011, 167.62, $1719.00, 97.274050, 167.2140969, 167.601, $167.65, 0.0291%, 14005219, 41574071.17, 1293.09, 71450583605.85
21-Nov-2011, 163.50, $1702.00, 97.270640, 165.55462087, 163.083, $163.62, 0.3293%, 21990042, 41515708.78, 1291.27, 70642156726.13
22-Nov-2011, 165.31, $1699.00, 97.269530, 165.2609302, 165.319, $165.30, -0.0117%, 12089495, 41710247.84, 1297.32, 70847360778.48
23-Nov-2011, 164.83, $1681.00, 97.268200, 163.5078382, 164.684, $164.85, 0.1009%, 11236520, 41710247.84, 1297.32, 70095810234.53
24-Nov-2011, HOLIDAY, HOLIDAY, HOLIDAY, HOLIDAY, HOLIDAY, HOLIDAY, HOLIDAY, HOLIDAY, HOLIDAY, HOLIDAY, HOLIDAY
25-Nov-2011, 163.40, $1688.50, 97.266190, 164.23395449, 163.746, $163.51, -0.1439%, 6074189, 41710247.84, 1297.32, 70407096291.78
28-Nov-2011, 166.63, $1714.00, 97.263450, 166.70955816, 166.085, $166.60, 0.3100%, 11686441, 41710247.84, 1297.32, 71468387583.40
29-Nov-2011, 166.88, $1717.00, 97.262440, 166.99961718, 167.213, $166.91, -0.1810%, 9174227, 41710247.84, 1297.32, 71592735884.10
30-Nov-2011, 170.13, $1746.00, 97.261920, 169.81930819, 169.936, $170.03, 0.0553%, 11560482, 41749152.61, 1298.53, 72869465142.49
01-Dec-2011, 169.64, $1752.00, 97.260970, 170.40121401, 169.635, $169.65, 0.0090%, 11605997, 41729700.42, 1297.93, 73085080689.02
02-Dec-2011, 169.92, $1747.00, 97.259810, 169.91288348, 169.960, $169.79, -0.0998%, 8479970, 41729700.42, 1297.93, 72875635723.21
05-Dec-2011, 167.32, $1744.00, 97.256550, 169.61543169, 167.745, $167.35, -0.2356%, 10187890, 41729700.42, 1297.93, 72748058651.15
06-Dec-2011, 168.18, $1708.00, 97.254690, 166.11100675, 168.158, $168.17, 0.0070%, 10432215, 41729700.42, 1297.93, 71245010793.71
07-Dec-2011, 169.34, $1735.50, 97.254260, 168.78476656, 169.191, $169.37, 0.1056%, 10319350, 41661622.43, 1295.81, 72273637041.64
08-Dec-2011, 165.95, $1715.00, 97.252710, 166.78840084, 166.010, $165.99, -0.0123%, 11363191, 41661622.43, 1295.81, 71418793239.99
09-Dec-2011, 166.40, $1709.00, 97.251500, 166.20281575, 166.788, $166.35, -0.2628%, 8333112, 41648427.39, 1295.40, 71168045704.04
12-Dec-2011, 161.97, $1659.50, 97.247880, 161.38285317, 161.981, $161.98, -0.0006%, 15293789, 41628977.81, 1294.80, 69071861155.17
13-Dec-2011, 158.45, $1672.50, 97.246940, 162.64550717, 159.140, $158.50, -0.4020%, 24633894, 41628977.81, 1294.80, 69612277068.46
14-Dec-2011, 152.89, $1603.00, 97.245140, 155.88395781, 152.410, $152.89, 0.3147%, 42209190, 41628977.81, 1294.80, 66718333940.65
15-Dec-2011, 152.33, $1574.00, 97.243730, 153.06162993, 152.452, $152.34, -0.0734%, 21499597, 41152483.53, 1279.98, 64760375623.95
16-Dec-2011, 155.23, $1594.00, 97.242920, 155.00521989, 155.205, $155.30, 0.0615%, 17965507, 41152483.53, 1279.98, 65582708535.84
19-Dec-2011, 154.85, $1598.00, 97.239790, 155.38919036, 154.870, $154.87, 0.00005%, 15722800, 41152483.53, 1279.98, 65745166441.72
20-Dec-2011, 156.98, $1613.50, 97.238970, 156.89507076, 157.088, $157.01, -0.0494%, 9183890, 41152483.53, 1279.98, 66382304438.87
21-Dec-2011, 157.16, $1608.00, 97.237820, 156.35840875, 156.747, $157.19, 0.2824%, 11949108, 40763532.25, 1267.88, 65529809105.18
22-Dec-2011, 156.04, $1606.50, 97.236730, 156.2108048, 156.054, $156.02, -0.0220%, 9884963, 40335690.64, 1254.57, 64780620752.60
23-Dec-2011, 156.31, $1607.50, 97.235680, 156.30636127, 156.073, $156.33, 0.1647%, 3589039, 40335690.64, 1254.57, 64820248017.49
26-Dec-2011, HOLIDAY, HOLIDAY, HOLIDAY, HOLIDAY, HOLIDAY, HOLIDAY, HOLIDAY, HOLIDAY, HOLIDAY, HOLIDAY, HOLIDAY
27-Dec-2011, 154.91, $1607.50, 97.231430, 156.29952831, 154.914, $154.92, 0.0039%, 5025635, 40335690.64, 1254.57, 64817414391.89
28-Dec-2011, 151.05, $1571.00, 97.229600, 152.74769565, 151.522, $151.03, -0.3245%, 16386700, 40335690.64, 1254.57, 63344469386.68
29-Dec-2011, 150.34, $1531.00, 97.227620, 148.85547891, 150.328, $150.30, -0.0189%, 19779924, 40335690.64, 1254.57, 61730367104.89
30-Dec-2011, 151.99, $1531.00, 97.227580, 153.08482234, 151.931, $151.98, 0.0324%, 10765412, 40335690.64, 1254.57, 63484275822.93
02-Jan-2012, HOLIDAY, HOLIDAY, HOLIDAY, HOLIDAY, HOLIDAY, HOLIDAY, HOLIDAY, HOLIDAY, HOLIDAY, HOLIDAY, HOLIDAY
03-Jan-2012, 155.92, $1598.00, 97.223920, 155.36382679, 156.049, $155.89, -0.1021%, 13526766, 40335690.64, 1254.57, 64429378970.13
04-Jan-2012, 156.71, $1613.00, 97.223240, 156.82108409, 156.845, $156.73, -0.0736%, 11514693, 40335690.64, 1254.57, 65033703571.12
05-Jan-2012, 157.78, $1599.00, 97.221810, 155.45767862, 157.607, $157.74, 0.0842%, 11196624, 40335690.64, 1254.57, 64468299322.87
06-Jan-2012, 157.20, $1616.50, 97.221220, 157.1580941, 157.250, $157.19, -0.0384%, 9525020, 40335690.64, 1254.57, 65173461623.03
09-Jan-2012, 156.50, $1615.00, 97.217990, 157.00704591, 156.378, $156.50, 0.0780%, 8576350, 40335690.64, 1254.57, 65110821936.85
10-Jan-2012, 158.64, $1637.00, 97.217550, 159.14513103, 158.750, $158.64, -0.0696%, 8326133, 40335690.64, 1254.57, 65997485839.05
11-Jan-2012, 159.65, $1634.50, 97.216420, 158.90023253, 159.325, $159.66, 0.2102%, 7866018, 40322451.77, 1254.16, 65895926430.52
12-Jan-2012, 160.38, $1661.00, 97.215620, 161.47513757, 160.153, $160.36, 0.1292%, 7866018, 40322451.77, 1254.16, 66963739550.16
13-Jan-2012, 159.26, $1635.50, 97.214280, 158.99396292, 158.945, $159.27, 0.2043%, 8467313, 40322451.77, 1254.16, 65934796423.39
16-Jan-2012, HOLIDAY, HOLIDAY, HOLIDAY, HOLIDAY, HOLIDAY, HOLIDAY, HOLIDAY, HOLIDAY, HOLIDAY, HOLIDAY, HOLIDAY
17-Jan-2012, 160.50, $1656.00, 97.210300, 160.98025772, 160.596, $160.50, -0.0599%, 8261953, 40371056.92, 1255.67, 66839003007.06
18-Jan-2012, 161.60, $1647.00, 97.209120, 160.10341278, 161.144, $161.60, 0.2833%, 9250196, 40371056.92, 1255.67, 66474936984.83
19-Jan-2012, 161.22, $1655.00, 97.208170, 160.87951688, 160.443, $161.21, 0.4780%, 7524536, 40371056.92, 1255.67, 66797175408.39
20-Jan-2012, 162.07, $1653.00, 97.207080, 160.6832951, 161.794, $162.03, 0.1456%, 11632285, 40371055.31, 1255.67, 66715704123.97
23-Jan-2012, 163.16, $1675.50, 97.204260, 162.86574078, 162.869, $163.16, 0.1789%, 12912900, 40205808.06, 1250.53, 67344983810.84
24-Jan-2012, 162.01, $1665.50, 97.203030, 161.89164235, 161.896, $162.01, 0.0707%, 7104748, 40205808.06, 1250.53, 66942194113.52
25-Jan-2012, 166.42, $1650.00, 97.201680, 160.38277937, 165.884, $166.41, 0.3169%, 28860990, 40497413.10, 1259.60, 66799427606.68
26-Jan-2012, 167.27, $1727.00, 97.202000, 167.86786143, 167.532, $167.22, -0.1860%, 18082231, 40546014.10, 1261.11, 70000898214.51
27-Jan-2012, 168.97, $1726.00, 97.200920, 167.76879516, 168.689, $168.98, 0.1723%, 11947888, 40866777.14, 1271.09, 70513224606.52
30-Jan-2012, 168.03, $1729.00, 97.197800, 168.05498861, 168.147, $168.07, -0.0460%, 8152273, 40866777.14, 1271.09, 70633511714.31
31-Jan-2012, 169.31, $1744.00, 97.197030, 169.51162199, 169.003, $169.26, 0.1519%, 10127082, 40866777.14, 1271.09, 71245734720.99
01-Feb-2012, 169.56, $1740.00, 97.195890, 169.12084406, 169.553, $169.58, 0.0157%, 7792040, 40866777.14, 1271.09, 71081490757.06
02-Feb-2012, 171.05, $1751.00, 97.195050, 170.1885404, 170.742, $171.03, 0.1689%, 11093033, 41061167.24, 1277.14, 71870620610.85
03-Feb-2012, 167.66, $1734.00, 97.193630, 168.53375071, 167.727, $167.65, -0.0459%, 23280165, 41061167.24, 1277.14, 71171802925.37
06-Feb-2012, 167.18, $1719.00, 97.190090, 167.06975769, 167.247, $167.17, -0.0458%, 8431652, 41061167.24, 1277.14, 70553558671.86
07-Feb-2012, 169.70, $1724.00, 97.189150, 167.55408758, 169.782, $169.69, -0.0540%, 11054126, 41061167.24, 1277.14, 70758091187.14
08-Feb-2012, 168.50, $1746.00, 97.188630, 169.69134189, 168.429, $168.51, 0.0482%, 10213942, 41061167.24, 1277.14, 71660653681.33
09-Feb-2012, 168.02, $1748.00, 97.187610, 169.88394965, 168.011, $167.98, -0.0185%, 15069487, 41100042.28, 1278.34, 71809945518.66
10-Feb-2012, 167.14, $1711.50, 97.185600, 166.33315723, 166.835, $167.14, 0.1830%, 9946343, 41109760.84, 1278.65, 70325658877.69
13-Feb-2012, 167.51, $1720.00, 97.182660, 167.15416815, 167.619, $167.52, -0.0589%, 6677098, 41109760.84, 1278.65, 70672782291.82
14-Feb-2012, 167.12, $1722.00, 97.181650, 167.34680354, 166.678, $167.10, 0.2531%, 7538557, 41097402.56, 1278.26, 70754228534.78
15-Feb-2012, 168.09, $1733.00, 97.180720, 168.41419525, 167.688, $168.10, 0.2455%, 11136164, 41097402.56, 1278.26, 71205521752.05
16-Feb-2012, 168.00, $1713.00, 97.179400, 166.46831712, 168.028, $168.00, -0.0167%, 9741112, 41194581.96, 1281.28, 70549272793.62
17-Feb-2012, 167.37, $1723.00, 97.178480, 167.438516, 167.525, $167.36, -0.0985%, 6734107, 41194581.96, 1281.28, 70960443080.79
20-Feb-2012, HOLIDAY, HOLIDAY, HOLIDAY, HOLIDAY, HOLIDAY, HOLIDAY, HOLIDAY, HOLIDAY, HOLIDAY, HOLIDAY, HOLIDAY
21-Feb-2012, 171.02, $1748.00, 97.174620, 169.86123131, 170.634, $171.00, 0.2146%, 13569778, 41204299.42, 1281.59, 72004175950.96
22-Feb-2012, 172.94, $1752.00, 97.173620, 170.24818216, 172.861, $172.93, 0.0398%, 15151834, 41204299.42, 1281.59, 72168204416.49
23-Feb-2012, 173.02, $1777.00, 97.172970, 172.67636688, 172.876, $173.00, 0.0720%, 11742195, 41243168.61, 1282.80, 73266582467.61
24-Feb-2012, 172.25, $1777.50, 97.171920, 172.72308061, 172.116, $172.23, 0.0664%, 9273343, 41301471.76, 1284.61, 73390036951.54
27-Feb-2012, 171.70, $1772.00, 97.168630, 172.18280804, 171.850, $171.67, -0.1045%, 6776635, 41301471.76, 1284.61, 73160475135.02
28-Feb-2012, 173.49, $1781.00, 97.167740, 173.05574194, 173.381, $173.47, 0.0512%, 11910860, 41301471.76, 1284.61, 73531384750.42
29-Feb-2012, 164.29, $1770.00, 97.166460, 171.98463147, 166.354, $164.23, -1.2767%, 43946474, 41592971.14, 1293.68, 73592223807.13
01-Mar-2012, 166.56, $1714.00, 97.164220, 166.53946855, 167.103, $166.62, -0.2891%, 18057550, 41592971.14, 1293.68, 71262238592.28
02-Mar-2012, 166.36, $1707.00, 97.163000, 165.85723803, 166.359, $166.36, 0.0008%, 9295326, 41592971.14, 1293.68, 70970312153.97
05-Mar-2012, 165.65, $1705.00, 97.159760, 165.65739717, 165.602, $165.71, 0.0652%, 11497798, 41592971.14, 1293.68, 70884800250.77
06-Mar-2012, 162.71, $1669.00, 97.157780, 162.15633315, 162.216, $162.69, 0.2924%, 14968792, 41592971.14, 1293.68, 69386694956.76
07-Mar-2012, 163.63, $1677.50, 97.156940, 162.9807736, 163.564, $163.68, 0.0711%, 9178821, 41592971.14, 1293.68, 69739473023.13
08-Mar-2012, 165.28, $1690.00, 97.156220, 164.19401098, 165.217, $165.25, 0.0199%, 8448277, 41592971.14, 1293.68, 70258617300.28
09-Mar-2012, 166.40, $1687.50, 97.155090, 163.9492128, 166.272, $166.38, 0.0648%, 12769560, 41592971.14, 1293.68, 70153868155.10
12-Mar-2012, 165.01, $1697.50, 97.152200, 164.91585235, 165.053, $165.07, 0.0104%, 6512827, 41592971.14, 1293.68, 70567493219.18
13-Mar-2012, 162.13, $1690.00, 97.150910, 164.18503883, 162.150, $162.29, 0.0865%, 17724882, 41579862.59, 1293.27, 70254778115.43
14-Mar-2012, 159.57, $1644.25, 97.149260, 159.73767792, 159.622, $159.63, 0.0050%, 27883703, 41579862.59, 1293.27, 68351752380.04
15-Mar-2012, 161.08, $1648.00, 97.148250, 160.10032285, 161.135, $161.11, -0.0155%, 12019168, 41579862.59, 1293.27, 68506928146.97
16-Mar-2012, 161.30, $1658.00, 97.147340, 161.07028165, 161.148, $161.33, 0.1129%, 11722056, 41579862.59, 1293.27, 68921973519.05
19-Mar-2012, 161.59, $1661.50, 97.144210, 161.4050987, 161.536, $161.59, 0.0333%, 9468177, 41579862.59, 1293.27, 69065241735.48
20-Mar-2012, 160.13, $1656.75, 97.143070, 160.94177314, 160.114, $160.13, 0.0099%, 11307302, 41482719.52, 1290.25, 68706042954.09
21-Mar-2012, 160.21, $1649.25, 97.141870, 160.21123231, 160.304, $160.23, -0.0465%, 6135791, 41482719.52, 1290.25, 68394175072.19
22-Mar-2012, 159.54, $1635.50, 97.140560, 158.87338117, 159.524, $159.56, 0.0224%, 11087572, 41239868.12, 1282.69, 67425862970.49
23-Mar-2012, 161.53, $1664.00, 97.140040, 161.64102138, 161.515, $161.55, 0.0218%, 10686271, 41239868.12, 1282.69, 68600449472.06
26-Mar-2012, 164.40, $1680.25, 97.137180, 163.21475218, 164.119, $164.41, 0.1773%, 13357458, 41434142.48, 1288.74, 69594770327.90
27-Mar-2012, 163.24, $1692.00, 97.136360, 164.35472699, 163.750, $163.23, -0.3173%, 9659178, 41366147.03, 1286.62, 69965807277.91
28-Mar-2012, 161.51, $1676.00, 97.134960, 162.79819475, 161.123, $161.52, 0.2466%, 10168317, 41366147.03, 1286.62, 69303191505.25
29-Mar-2012, 161.28, $1657.50, 97.133490, 160.99875202, 160.950, $161.32, 0.2298%, 10708979, 41366147.03, 1286.62, 68537168736.93
30-Mar-2012, 162.14, $1662.50, 97.132540, 161.48284748, 161.970, $162.10, 0.0800%, 7651758, 41366147.03, 1286.62, 68743248171.52
02-Apr-2012, 162.94, $1677.50, 97.129730, 162.93511803, 163.104, $162.92, -0.1129%, 7104847, 41366147.03, 1286.62, 69361479743.28
03-Apr-2012, 159.89, $1676.25, 97.128630, 162.81187356, 159.333, $159.91, 0.3623%, 16054305, 41366147.03, 1286.62, 69309014575.63
04-Apr-2012, 157.17, $1621.00, 97.126090, 157.44139642, 157.463, $157.19, -0.1732%, 15212471, 41366147.03, 1286.62, 67022802454.63
05-Apr-2012, 158.31, $1631.00, 97.125310, 158.41138575, 158.301, $158.34, 0.0249%, 8092669, 41366147.03, 1286.62, 67435726914.40
06-Apr-2012, HOLIDAY, HOLIDAY, HOLIDAY, HOLIDAY, HOLIDAY, HOLIDAY, HOLIDAY, HOLIDAY, HOLIDAY, HOLIDAY, HOLIDAY
09-Apr-2012, 159.37, $1631.00, 97.121070, 158.40446078, 159.862, $159.40, -0.2892%, 7750915, 41366147.03, 1286.62, 67432778952.80
10-Apr-2012, 161.10, $1644.00, 97.120410, 159.66595259, 161.301, $161.10, -0.1249%, 14598025, 41351565.79, 1286.17, 67969796016.77
11-Apr-2012, 161.04, $1658.00, 97.119490, 161.02412208, 160.938, $161.03, 0.0574%, 9701007, 41351565.79, 1286.17, 68547968771.55
12-Apr-2012, 162.72, $1668.50, 97.118550, 162.04229812, 162.897, $162.69, -0.1270%, 8784408, 41351565.79, 1286.17, 68981406309.01
13-Apr-2012, 160.85, $1666.50, 97.117460, 161.84625367, 160.741, $160.86, 0.0740%, 8786885, 41351565.79, 1286.17, 68897950186.12
16-Apr-2012, 160.46, $1666.50, 97.114100, 160.52960118, 160.367, $160.43, 0.0390%, 6435124, 41351565.79, 1286.17, 68337451224.45
17-Apr-2012, 160.27, $1635.50, 97.112780, 158.82795366, 160.287, $160.26, -0.0166%, 7415923, 41351565.79, 1286.17, 67613059874.45
18-Apr-2012, 159.31, $1644.00, 97.111850, 159.6518802, 159.368, $159.30, -0.0429%, 7068883, 41351565.79, 1286.17, 67963805401.74
19-Apr-2012, 159.43, $1650.00, 97.110880, 160.23295586, 159.355, $159.42, 0.0407%, 9912331, 41351565.79, 1286.17, 68211169311.10
20-Apr-2012, 159.54, $1641.50, 97.109680, 159.40554232, 159.506, $159.50, -0.0035%, 8800518, 41351565.79, 1286.17, 67858939365.99
23-Apr-2012, 159.07, $1629.00, 97.106270, 158.18610659, 158.934, $159.10, 0.1046%, 8597961, 41215617.02, 1281.94, 67118365024.39
24-Apr-2012, 159.30, $1649.50, 97.105600, 160.17568325, 159.377, $159.31, -0.0417%, 4604243, 41215617.02, 1281.94, 67962542405.06
25-Apr-2012, 159.62, $1637.75, 97.104300, 159.03257468, 159.455, $159.63, 0.1098%, 8597961, 41215617.02, 1281.94, 67477521437.82
26-Apr-2012, 161.03, $1653.50, 97.103560, 160.56074205, 161.001, $161.00, -0.0004%, 10226947, 41215617.02, 1281.94, 68125922852.08
27-Apr-2012, 161.38, $1663.50, 97.102710, 161.53035582, 161.560, $161.40, -0.0993%, 8351263, 41293299.18, 1284.36, 68666554258.66
30-Apr-2012, 161.88, $1651.25, 97.099250, 160.33513416, 161.801, $161.80, -0.0008%, 7349170, 41099100.68, 1278.31, 67837795261.04
01-May-2012, 161.32, $1664.00, 97.098480, 161.57187824, 161.586, $161.32, -0.1649%, 6995920, 40963162.81, 1274.09, 68134861052.16
02-May-2012, 160.60, $1648.00, 97.097040, 160.01591882, 160.622, $160.59, -0.0198%, 5626297, 40963162.81, 1274.09, 67478712966.93
03-May-2012, 158.97, $1637.75, 97.095720, 159.01851474, 158.682, $159.00, 0.2007%, 12756541, 40963162.81, 1274.09, 67058107664.50
04-May-2012, 159.47, $1643.75, 97.094810, 159.59959943, 159.677, $159.47, -0.1298%, 11368261, 40963162.81, 1274.09, 67351030957.97
07-May-2012, 159.08, $1643.75, 97.091630, 159.59436671, 158.949, $159.10, 0.0952%, 4749769, 40992291.26, 1274.99, 67348822751.58
08-May-2012, 156.00, $1602.50, 97.089370, 155.5857184, 156.105, $156.01, -0.0609%, 16908525, 40992291.26, 1274.99, 65657173164.73
09-May-2012, 154.47, $1582.50, 97.087690, 153.64127662, 154.407, $154.50, 0.0600%, 13234196, 40992291.26, 1274.99, 64836618734.97
10-May-2012, 154.76, $1598.50, 97.087140, 155.1937906, 154.937, $154.77, -0.1075%, 7456410, 41060252.25, 1277.11, 65600415285.36
11-May-2012, 153.57, $1583.00, 97.085580, 153.68647122, 153.595, $153.56, -0.0229%, 7595346, 41060252.25, 1277.11, 64963271386.58
14-May-2012, 151.33, $1558.50, 97.081540, 151.30157625, 151.542, $151.32, -0.1467%, 12571777, 41060252.25, 1277.11, 63955176280.60
15-May-2012, 149.74, $1556.50, 97.080400, 151.10564871, 150.751, $149.74, -0.6708%, 13411815, 41060252.25, 1277.11, 63872357709.92
16-May-2012, 149.46, $1548.50, 97.079050, 150.3269014, 149.575, $149.43, -0.0966%, 16229084, 41043999.31, 1276.60, 63543181223.30
17-May-2012, 152.80, $1554.00, 97.078060, 150.85930044, 152.817, $152.88, 0.0410%, 16892643, 41111953.95, 1278.71, 63873827805.04
18-May-2012, 154.55, $1589.50, 97.077480, 154.30464845, 154.401, $154.55, 0.0967%, 12245540, 41247862.42, 1282.94, 65548614661.31
21-May-2012, 154.65, $1592.50, 97.074340, 154.59088462, 154.392, $154.66, 0.1737%, 11923700, 41247862.42, 1282.94, 65670207784.77
22-May-2012, 152.08, $1582.50, 97.073120, 153.61821081, 152.691, $152.13, -0.3675%, 11827200, 40684838.33, 1265.43, 64366030329.41
23-May-2012, 151.62, $1549.00, 97.071480, 150.3637224, 151.364, $151.62, 0.1694%, 18841828, 40772202.66, 1268.15, 63137727037.44
24-May-2012, 151.41, $1568.50, 97.070770, 152.25550433, 150.972, $151.43, 0.3032%, 9308240, 40840152.20, 1270.26, 64038665122.22
25-May-2012, 152.68, $1569.50, 97.069730, 152.35093902, 152.664, $152.70, 0.0239%, 6067043, 40840152.20, 1270.26, 64078804951.95
28-May-2012, HOLIDAY, HOLIDAY, HOLIDAY, HOLIDAY, HOLIDAY, HOLIDAY, HOLIDAY, HOLIDAY, HOLIDAY, HOLIDAY, HOLIDAY
29-May-2012, 151.02, $1579.50, 97.065690, 153.31526039, 150.816, $151.04, 0.1486%, 10663141, 40840152.20, 1270.26, 64484398520.89
30-May-2012, 151.88, $1540.00, 97.063760, 149.47818686, 152.108, $151.91, -0.1299%, 16395208, 40840152.20, 1270.26, 62870525392.06
31-May-2012, 151.62, $1558.00, 97.063110, 151.2243295, 151.629, $151.64, 0.0072%, 9775992, 40840152.20, 1270.26, 63604952987.90
01-Jun-2012, 157.50, $1606.00, 97.063150, 155.88341355, 157.213, $157.47, 0.1634%, 26505298, 40956627.98, 1273.88, 65751623835.55
04-Jun-2012, 157.32, $1606.00, 97.059960, 155.87830267, 157.014, $157.30, 0.1822%, 11077028, 40956627.98, 1273.88, 65749468068.17
05-Jun-2012, 157.14, $1606.00, 97.058900, 155.87659909, 156.933, $157.13, 0.1258%, 11533600, 40956627.98, 1273.88, 65748749494.75
06-Jun-2012, 157.21, $1635.00, 97.058570, 158.6907543, 157.074, $157.20, 0.0804%, 15183791, 40985745.55, 1274.79, 66983367388.28
07-Jun-2012, 154.50, $1606.00, 97.056760, 155.87316204, 154.178, $154.51, 0.2156%, 18387469, 40985745.55, 1274.79, 65794061698.77
08-Jun-2012, 154.73, $1576.50, 97.054900, 153.00705131, 154.637, $154.79, 0.0992%, 11031940, 40985745.55, 1274.79, 64584276358.34
11-Jun-2012, 155.36, $1584.00, 97.051940, 153.73027386, 155.077, $155.34, 0.1694%, 8524568, 40985745.55, 1274.79, 64889548596.34
12-Jun-2012, 156.45, $1603.50, 97.051460, 155.62201546, 156.032, $156.46, 0.2746%, 13276854, 40972422.45, 1274.37, 65688052724.44
13-Jun-2012, 157.14, $1619.50, 97.050560, 157.17338644, 157.091, $157.13, 0.0249%, 10236612, 40972422.45, 1274.37, 66342886416.85
14-Jun-2012, 157.75, $1613.50, 97.049440, 156.5892668, 157.225, $157.72, 0.3149%, 10821692, 41069471.89, 1277.39, 66252918781.43
15-Jun-2012, 157.84, $1627.25, 97.048530, 157.92222589, 157.849, $157.82, -0.0186%, 10771563, 41069471.89, 1277.39, 66816893772.66
18-Jun-2012, 157.93, $1615.50, 97.045190, 156.77651158, 157.914, $157.91, -0.0025%, 5824810, 41205335.16, 1281.62, 66551629164.24
19-Jun-2012, 157.16, $1625.50, 97.044270, 157.74546684, 157.272, $157.18, -0.0584%, 6651315, 41205335.16, 1281.62, 66962950672.28
20-Jun-2012, 155.97, $1601.00, 97.042850, 155.36560461, 155.981, $155.94, -0.0262%, 16251077, 41205335.16, 1281.62, 65952699158.56
21-Jun-2012, 152.00, $1582.00, 97.041490, 153.51963617, 151.984, $152.01, 0.0168%, 14526046, 41205335.16, 1281.62, 65169085552.35
22-Jun-2012, 152.64, $1565.50, 97.040150, 151.91635506, 152.307, $152.66, 0.2315%, 6199591, 41205335.16, 1281.62, 64488492722.31
25-Jun-2012, 153.76, $1570.00, 97.037050, 152.34817515, 153.705, $153.75, 0.0294%, 5898980, 41205335.16, 1281.62, 64671800350.32
26-Jun-2012, 152.62, $1576.00, 97.036110, 152.92891134, 152.691, $152.65, -0.0270%, 5921427, 41205335.16, 1281.62, 64918322863.64
27-Jun-2012, 152.83, $1573.50, 97.035000, 152.68457282, 152.786, $152.83, 0.0285%, 4602944, 41205335.16, 1281.62, 64814601161.72
28-Jun-2012, 151.05, $1558.50, 97.033620, 151.22690114, 150.611, $151.09, 0.3182%, 8737591, 41205335.16, 1281.62, 64195819533.04
29-Jun-2012, 155.19, $1598.50, 97.033420, 155.10792305, 155.271, $155.13, -0.0908%, 9497950, 41137411.76, 1279.51, 65734737787.06
02-Jul-2012, 155.09, $1592.00, 97.030090, 154.47190259, 155.016, $155.13, 0.0734%, 10948700, 41137411.76, 1279.51, 65465192319.18
03-Jul-2012, 157.46, $1617.50, 97.029630, 156.94542092, 157.157, $157.03, -0.0808%, 5095651, 41137411.76, 1279.51, 66513469388.01
04-Jul-2012, HOLIDAY, HOLIDAY, HOLIDAY, HOLIDAY, HOLIDAY, HOLIDAY, HOLIDAY, HOLIDAY, HOLIDAY, HOLIDAY, HOLIDAY
05-Jul-2012, 155.68, $1604.00, 97.027180, 155.63159122, 155.989, $155.67, -0.2043%, 4951695, 41137411.76, 1279.51, 65956668358.63
06-Jul-2012, 153.72, $1587.00, 97.025680, 153.97975263, 153.244, $153.71, 0.3039%, 7043942, 41123771.62, 1279.08, 65256619163.80
09-Jul-2012, 154.04, $1585.00, 97.022480, 153.7806347, 154.317, $154.03, -0.1861%, 4455252, 41007344.64, 1275.46, 64987696224.58
10-Jul-2012, 152.15, $1595.25, 97.021510, 154.77356048, 151.866, $152.16, 0.1937%, 9007818, 40871514.53, 1271.24, 65190623676.00
11-Jul-2012, 152.99, $1577.00, 97.020280, 153.00098343, 152.663, $152.97, 0.2009%, 6466906, 40871514.53, 1271.24, 64444014222.07
12-Jul-2012, 152.54, $1556.25, 97.019010, 150.9858387, 152.149, $152.56, 0.2701%, 11067150, 40823005.02, 1269.73, 63519742341.02
13-Jul-2012, 154.14, $1595.50, 97.018370, 154.79280621, 154.335, $154.12, -0.1392%, 4626058, 40823005.02, 1269.73, 65121333571.72
16-Jul-2012, 154.21, $1589.75, 97.015120, 154.22978072, 154.400, $154.21, -0.1228%, 5545580, 40706586.88, 1266.11, 64699393011.45
17-Jul-2012, 153.47, $1585.25, 97.014000, 153.79143808, 153.845, $153.48, -0.2371%, 12043750, 40706586.88, 1266.11, 64515508275.28
18-Jul-2012, 153.05, $1575.25, 97.012800, 152.81940827, 152.781, $153.04, 0.1698%, 6538508, 40706586.88, 1266.11, 64107741767.80
19-Jul-2012, 153.38, $1584.00, 97.011860, 153.66679357, 153.513, $153.41, -0.0668%, 5867652, 40415551.30, 1257.05, 64002219520.48
20-Jul-2012, 153.67, $1576.25, 97.010690, 152.91309229, 153.810, $153.69, -0.0783%, 8541105, 40337942.74, 1254.64, 63565972463.21
23-Jul-2012, 153.03, $1572.25, 97.007430, 152.51993829, 152.908, $153.04, 0.0864%, 4938017, 40337942.74, 1254.64, 63402538348.17
24-Jul-2012, 153.52, $1583.25, 97.006570, 153.58565779, 153.091, $153.52, 0.2803%, 5314247, 40337942.74, 1254.64, 63845557945.07
25-Jul-2012, 155.67, $1601.00, 97.005840, 155.30635275, 155.942, $155.69, -0.1614%, 8786755, 40270038.66, 1252.53, 64452136393.12
26-Jul-2012, 156.77, $1618.00, 97.005100, 156.95425343, 156.965, $156.79, -0.1114%, 7022586, 40270038.66, 1252.53, 65136015173.47
27-Jul-2012, 157.61, $1618.25, 97.004050, 156.97679686, 157.258, $157.57, 0.1983%, 9768470, 40143933.39, 1248.61, 64941300859.00
30-Jul-2012, 157.43, $1617.75, 97.000850, 156.92313249, 157.528, $157.42, -0.0688%, 6953399, 40143933.39, 1248.61, 64919099911.97
31-Jul-2012, 156.54, $1622.00, 96.999890, 157.33381743, 156.633, $156.53, -0.0661%, 10278720, 40250633.27, 1251.92, 65262067469.65
01-Aug-2012, 155.14, $1599.00, 96.998300, 155.10028875, 155.221, $155.17, -0.0326%, 12625460, 40250633.27, 1251.92, 64335599775.44
02-Aug-2012, 154.13, $1597.00, 96.997200, 154.90452331, 154.075, $154.11, 0.0226%, 11094903, 40250633.27, 1251.92, 64254396267.38
03-Aug-2012, 155.55, $1602.00, 96.996260, 155.38800627, 155.587, $155.50, -0.0558%, 10360755, 40347629.53, 1254.94, 64610333008.92
06-Aug-2012, 156.30, $1610.00, 96.993290, 156.15919233, 156.436, $156.30, -0.0867%, 4141034, 40347629.53, 1254.94, 64930992169.08
07-Aug-2012, 156.32, $1611.00, 96.992250, 156.25452075, 156.162, $156.29, 0.0817%, 5720607, 40347629.53, 1254.94, 64970629729.33
08-Aug-2012, 156.45, $1613.25, 96.991250, 156.471142, 156.448, $156.47, 0.0142%, 3383020, 40347629.53, 1254.94, 65060700842.08
09-Aug-2012, 156.99, $1615.00, 96.990240, 156.63924333, 156.843, $156.95, 0.0683%, 2959310, 40347629.53, 1254.94, 65130597376.18
10-Aug-2012, 157.22, $1618.50, 96.989280, 156.97715421, 157.103, $157.20, 0.0616%, 4305525, 40450726.44, 1258.15, 65459473306.63
13-Aug-2012, 155.99, $1622.50, 96.986140, 157.3600198, 156.264, $156.00, -0.1690%, 4500177, 40450726.44, 1258.15, 65619128255.27
14-Aug-2012, 155.13, $1597.75, 96.984810, 154.95747379, 155.096, $155.14, 0.0283%, 4532531, 40450726.44, 1258.15, 64617266568.49
15-Aug-2012, 155.63, $1601.75, 96.983790, 155.34379258, 155.681, $155.62, -0.0394%, 4837898, 40450726.44, 1258.15, 64778361506.27
16-Aug-2012, 156.56, $1604.50, 96.982770, 155.60885331, 156.692, $156.55, -0.0907%, 8552571, 40625295.43, 1263.58, 65168987766.06
17-Aug-2012, 156.72, $1614.75, 96.981840, 156.60143323, 156.736, $156.75, 0.0088%, 7233431, 40984128.24, 1274.74, 66164105540.61
20-Aug-2012, 157.26, $1615.00, 96.978670, 156.62054951, 157.216, $157.25, 0.0216%, 7661805, 40984128.24, 1274.74, 66172182169.47
21-Aug-2012, 158.83, $1639.50, 96.977980, 158.99540623, 158.842, $158.85, 0.0049%, 11828342, 41119897.41, 1278.96, 67398152701.61
22-Aug-2012, 160.54, $1642.00, 96.976960, 159.23617533, 160.411, $160.51, 0.0620%, 12667313, 41216874.37, 1281.98, 67659450898.13
23-Aug-2012, 161.91, $1665.25, 96.976280, 161.48974656, 161.955, $161.88, -0.0465%, 17204279, 41362338.79, 1286.50, 68859227931.90
24-Aug-2012, 161.96, $1667.00, 96.975250, 161.6577361, 161.869, $161.93, 0.0376%, 7875631, 41362338.79, 1286.50, 68930858673.82
27-Aug-2012, 161.36, $1667.00, 96.972070, 161.65243591, 161.754, $161.38, -0.2314%, 5051508, 41362338.79, 1286.50, 68928598670.37
28-Aug-2012, 161.64, $1668.00, 96.971030, 161.74767178, 161.704, $161.66, -0.0272%, 4871700, 41459309.82, 1289.52, 69130954917.13
29-Aug-2012, 160.59, $1660.00, 96.969810, 160.96988426, 160.674, $160.61, -0.0399%, 9055049, 41459309.82, 1289.52, 68798528533.88
30-Aug-2012, 160.52, $1660.50, 96.968760, 161.01662627, 160.542, $160.53, -0.0078%, 5547949, 41459309.82, 1289.52, 68818506065.75
31-Aug-2012, 164.22, $1648.50, 96.967450, 159.85083685, 163.669, $164.12, 0.2753%, 17955019, 41459309.82, 1289.52, 68320247670.39
03-Sep-2012, HOLIDAY, HOLIDAY, HOLIDAY, HOLIDAY, HOLIDAY, HOLIDAY, HOLIDAY, HOLIDAY, HOLIDAY, HOLIDAY, HOLIDAY
04-Sep-2012, 164.48, $1697.00, 96.964300, 164.54842326, 164.432, $164.47, 0.0231%, 11415449, 41575666.98, 1293.14, 70525454209.46
05-Sep-2012, 164.31, $1690.00, 96.963080, 163.86760838, 164.053, $164.29, 0.1446%, 7576731, 41575666.98, 1293.14, 70233656951.28
06-Sep-2012, 164.90, $1701.00, 96.962280, 164.93284346, 164.890, $164.88, -0.0062%, 12611703, 41575666.98, 1293.14, 70690216708.91
07-Sep-2012, 168.44, $1728.00, 96.961870, 167.55010471, 168.408, $168.41, 0.0011%, 18233185, 41575666.98, 1293.14, 71811974878.41
10-Sep-2012, 167.29, $1732.00, 96.958790, 167.93262077, 167.317, $167.31, -0.0041%, 7276052, 41575666.98, 1293.14, 71975921263.57
11-Sep-2012, 167.90, $1736.75, 96.957850, 168.39154667, 167.968, $167.94, -0.0166%, 7230469, 41575666.98, 1293.14, 72172616901.32
12-Sep-2012, 167.92, $1737.00, 96.956800, 168.4139569, 167.898, $167.94, 0.0249%, 9915959, 41456017.61, 1289.42, 71996966574.93
13-Sep-2012, 171.33, $1733.25, 96.955700, 168.048471, 171.227, $171.32, 0.0545%, 28457096, 41552973.31, 1292.43, 72008769822.87
14-Sep-2012, 171.80, $1775.50, 96.955060, 172.14370314, 171.809, $171.83, 0.0121%, 16830825, 41843838.49, 1301.48, 74280007904.02
17-Sep-2012, 170.40, $1770.00, 96.951820, 171.60471361, 170.407, $170.43, 0.0133%, 10738109, 41843838.49, 1301.48, 74047433924.06
18-Sep-2012, 171.71, $1769.50, 96.950750, 171.55435219, 171.687, $171.71, 0.0133%, 12545334, 41902008.94, 1303.29, 74128635583.17
19-Sep-2012, 171.74, $1766.75, 96.949660, 171.28580461, 171.687, $171.70, 0.0075%, 9114009, 41969873.70, 1305.40, 74132496237.19
20-Sep-2012, 171.47, $1758.50, 96.948490, 170.48391492, 171.443, $171.44, -0.0016%, 8378369, 42066822.19, 1308.41, 73955922291.80
21-Sep-2012, 171.96, $1784.50, 96.947780, 173.00331821, 171.906, $171.93, 0.0140%, 13225308, 42367360.31, 1317.76, 75585149725.40
24-Sep-2012, 171.08, $1762.50, 96.944270, 170.8642706, 171.121, $171.06, -0.0358%, 9004034, 42658193.12, 1326.81, 75163192638.45
25-Sep-2012, 170.73, $1771.50, 96.943350, 171.73514599, 170.722, $170.78, 0.0339%, 9581830, 42803608.14, 1331.33, 75803893441.72
26-Sep-2012, 169.81, $1744.75, 96.941850, 169.13928626, 169.830, $169.80, -0.0174%, 11645991, 42464311.67, 1320.78, 74066093454.96
27-Sep-2012, 172.36, $1763.00, 96.941110, 170.90716878, 172.338, $172.33, -0.0047%, 10006804, 42464311.67, 1320.78, 74840249207.71
28-Sep-2012, 172.02, $1776.00, 96.940280, 172.16593126, 171.842, $171.97, 0.0744%, 9362088, 42464311.67, 1320.78, 75391461299.97
01-Oct-2012, 172.35, $1787.00, 96.937310, 173.22696856, 172.148, $172.29, 0.0825%, 10672735, 42522474.05, 1322.59, 75960025711.56
02-Oct-2012, 172.10, $1775.50, 96.936020, 172.10989779, 172.003, $172.11, 0.0620%, 6697624, 42522474.05, 1322.59, 75470190180.33
03-Oct-2012, 172.41, $1775.25, 96.934950, 172.08376878, 172.449, $172.42, -0.0169%, 5634243, 42580635.02, 1324.40, 75561982869.74
04-Oct-2012, 173.61, $1791.75, 96.934230, 173.68191199, 173.561, $173.64, 0.0457%, 10370548, 42871437.71, 1333.44, 76784773291.37
05-Oct-2012, 172.62, $1784.00, 96.933010, 172.92848182, 172.617, $172.65, 0.0189%, 8870943, 42871437.71, 1333.44, 76451681813.27
08-Oct-2012, 172.05, $1773.50, 96.929570, 171.90459892, 172.074, $172.03, -0.0257%, 3546869, 43099106.50, 1340.52, 76428784679.03
09-Oct-2012, 170.99, $1774.00, 96.928510, 171.95118403, 171.015, $171.01, -0.0028%, 7378558, 43099106.50, 1340.52, 76449496420.38
10-Oct-2012, 170.84, $1761.25, 96.927380, 170.71334015, 170.917, $170.86, -0.0333%, 7131946, 43099106.50, 1340.52, 75899151031.92
11-Oct-2012, 171.32, $1769.00, 96.926360, 171.46273881, 171.327, $171.32, -0.0041%, 7131946, 43099106.50, 1340.52, 76232333675.27
12-Oct-2012, 170.05, $1766.75, 96.925290, 171.24274927, 170.077, $170.06, -0.0098%, 7883889, 43099106.50, 1340.52, 76134526325.56
15-Oct-2012, 168.35, $1736.00, 96.921820, 168.25627596, 168.382, $168.32, -0.0370%, 10698747, 42885878.49, 1333.89, 74436576484.18
16-Oct-2012, 169.42, $1746.50, 96.920860, 169.27228194, 169.376, $169.43, 0.0319%, 5702318, 42885878.49, 1333.89, 74886057530.23
17-Oct-2012, 169.54, $1749.00, 96.919820, 169.51277211, 169.503, $169.53, 0.0159%, 4936961, 42885878.49, 1333.89, 74992450382.38
18-Oct-2012, 168.77, $1749.00, 96.918700, 168.92928593, 168.723, $168.78, 0.0339%, 6109962, 42885878.49, 1333.89, 74734316096.25
19-Oct-2012, 166.94, $1737.00, 96.917560, 168.34580614, 166.940, $166.94, -0.0003%, 13829972, 42895570.25, 1334.19, 74493019219.15
22-Oct-2012, 167.58, $1726.75, 96.914240, 167.34665625, 167.463, $167.58, 0.0699%, 6361278, 42982793.06, 1336.90, 74201507381.32
23-Oct-2012, 165.42, $1711.00, 96.912940, 165.81804836, 165.461, $165.43, -0.0190%, 11380537, 42982793.06, 1336.90, 73523722642.31
24-Oct-2012, 164.86, $1706.50, 96.911810, 165.38001004, 164.852, $164.87, 0.0110%, 10390589, 42982793.06, 1336.90, 73329496453.80
25-Oct-2012, 166.02, $1715.50, 96.910890, 166.25063992, 166.004, $166.01, 0.0039%, 6716646, 42982793.06, 1336.90, 73715533741.05
26-Oct-2012, 165.94, $1716.00, 96.909840, 166.29728701, 165.905, $165.92, 0.0092%, 6436751, 42963411.10, 1336.30, 73702957603.51
29-Oct-2012, NYSE Closed, $1707.00, NYSE Closed, 165.41937738, NYSE Closed, NYSE Closed, NYSE Closed, NYSE Closed, NYSE Closed, NYSE Closed, NYSE Closed
30-Oct-2012, NYSE Closed, $1710.00, NYSE Closed, 165.7083787, NYSE Closed, NYSE Closed, NYSE Closed, NYSE Closed, NYSE Closed, NYSE Closed, NYSE Closed
31-Oct-2012, 166.86, $1719.00, 96.904600, 166.57900509, 166.726, $166.84, 0.0682%, 4679717, 42963411.10, 1336.30, 73827815056.94
01-Nov-2012, 166.08, $1716.25, 96.903480, 166.31059995, 166.137, $166.06, -0.0464%, 6096285, 42963411.10, 1336.30, 73708857899.26
02-Nov-2012, 162.60, $1685.00, 96.901760, 163.27946356, 162.600, $162.60, -0.0001%, 14862167, 42963411.10, 1336.30, 72365458247.71
05-Nov-2012, 163.23, $1683.50, 96.898540, 163.12868845, 163.283, $163.24, -0.0262%, 5567820, 42837442.99, 1332.38, 72086567425.32
06-Nov-2012, 166.40, $1691.00, 96.897660, 163.85393696, 166.339, $166.33, -0.0056%, 16019782, 42905271.36, 1334.49, 72521752497.25
07-Nov-2012, 166.49, $1715.25, 96.897180, 166.20289011, 166.488, $166.50, 0.0073%, 13212066, 42992478.82, 1337.21, 73710981765.66
08-Nov-2012, 167.98, $1717.00, 96.896160, 166.37071022, 167.946, $167.98, 0.0201%, 8747400, 43069995.75, 1339.62, 73918506552.89
09-Nov-2012, 167.82, $1738.25, 96.895620, 168.42881807, 167.731, $167.80, 0.0410%, 6986685, 43040927.06, 1338.71, 74782395223.22
12-Nov-2012, 167.43, $1735.25, 96.892360, 168.13246686, 167.456, $167.44, -0.0096%, 5644994, 43040927.06, 1338.71, 74650815284.73
13-Nov-2012, 167.10, $1726.25, 96.891050, 167.25818265, 167.152, $167.11, -0.0249%, 6237148, 43040927.06, 1338.71, 74262633095.20
14-Nov-2012, 167.14, $1725.75, 96.889980, 167.2078807, 167.150, $167.17, 0.0121%, 8160795, 42963415.08, 1336.30, 74106532724.05
15-Nov-2012, 166.08, $1710.00, 96.888460, 165.67927396, 166.119, $166.06, -0.0356%, 9523780, 43069992.38, 1339.62, 73611301419.07
16-Nov-2012, 165.88, $1713.50, 96.887510, 166.01674105, 165.943, $165.86, -0.0501%, 6703460, 43166879.89, 1342.63, 73927254789.60
19-Nov-2012, 167.90, $1730.50, 96.884850, 167.6592258, 167.848, $167.87, 0.0130%, 6816696, 43152988.94, 1342.20, 74658653247.28
20-Nov-2012, 167.39, $1732.25, 96.883810, 167.82697501, 167.393, $167.41, 0.0102%, 5535870, 43152988.94, 1342.20, 74733351973.30
21-Nov-2012, 167.56, $1724.00, 96.882630, 167.02565623, 167.544, $167.56, 0.0096%, 3651760, 43152988.94, 1342.20, 74376524720.40
22-Nov-2012, HOLIDAY, HOLIDAY, HOLIDAY, HOLIDAY, HOLIDAY, HOLIDAY, HOLIDAY, HOLIDAY, HOLIDAY, HOLIDAY, HOLIDAY
23-Nov-2012, 169.63, $1734.50, 96.880660, 168.03950745, 169.347, $169.62, 0.1610%, 6109829, 43152988.94, 1342.20, 74827992666.94
26-Nov-2012, 169.43, $1750.50, 96.877740, 169.58448878, 169.405, $169.43, 0.0146%, 4971777, 43152988.94, 1342.20, 75515972852.04
27-Nov-2012, 168.71, $1746.25, 96.876610, 169.17077721, 168.672, $168.74, 0.0404%, 6378561, 43269240.87, 1345.81, 75534752022.84
28-Nov-2012, 166.55, $1708.00, 96.874850, 165.46224841, 166.650, $166.56, -0.0540%, 12245879, 43307990.81, 1347.02, 73945078816.35
29-Nov-2012, 167.23, $1725.00, 96.874110, 167.10784568, 167.183, $167.21, 0.0159%, 7443424, 43307990.81, 1347.02, 74680496234.81
30-Nov-2012, 166.05, $1726.00, 96.873070, 167.20292086, 166.121, $166.04, -0.0487%, 7604795, 43366114.66, 1348.83, 74823307085.92
03-Dec-2012, 166.13, $1720.00, 96.869760, 166.6159851, 166.198, $166.11, -0.0532%, 4818976, 43366114.66, 1348.83, 74560653332.07
04-Dec-2012, 164.41, $1697.75, 96.868200, 164.4579905, 164.439, $164.43, -0.0052%, 10032560, 43443609.22, 1351.24, 73726517141.37
05-Dec-2012, 164.12, $1694.00, 96.867050, 164.09278927, 164.069, $164.11, 0.0253%, 10800412, 43453295.92, 1351.54, 73579206708.59
06-Dec-2012, 164.50, $1694.25, 96.866000, 164.11521759, 164.541, $164.50, -0.0252%, 6940073, 43453295.92, 1351.54, 73589263566.05
07-Dec-2012, 165.13, $1701.50, 96.865110, 164.81599029, 165.121, $165.15, 0.0175%, 7286701, 43511414.99, 1353.35, 74002379642.15
10-Dec-2012, 165.80, $1712.50, 96.862210, 165.87654128, 165.780, $165.80, 0.0123%, 4265054, 43511414.99, 1353.35, 74478567033.51
11-Dec-2012, 165.65, $1710.00, 96.861090, 165.63245764, 165.637, $165.63, -0.0044%, 4517775, 43449599.66, 1351.42, 74286157252.72
12-Dec-2012, 165.79, $1716.25, 96.860080, 166.2361208, 165.805, $165.77, -0.0212%, 13672778, 43449599.66, 1351.42, 74556900179.71
13-Dec-2012, 164.39, $1692.75, 96.858780, 163.95770059, 164.408, $164.38, -0.0171%, 9364644, 43449599.66, 1351.42, 73535028715.55
14-Dec-2012, 164.15, $1696.25, 96.857760, 164.29497165, 164.145, $164.13, -0.0090%, 5328092, 43449599.66, 1351.42, 73686294784.47
17-Dec-2012, 164.46, $1695.75, 96.854570, 164.24113196, 164.464, $164.44, -0.0145%, 8198869, 43420543.29, 1350.52, 73612875345.04
18-Dec-2012, 162.06, $1694.00, 96.853480, 164.0697981, 162.046, $162.08, 0.0213%, 23974067, 43420543.29, 1350.52, 73536083510.56
19-Dec-2012, 161.69, $1665.00, 96.852000, 161.25858028, 161.651, $161.68, 0.0180%, 12214663, 43420543.29, 1350.52, 72276095679.73
20-Dec-2012, 159.71, $1650.50, 96.850710, 159.85210316, 159.721, $159.73, 0.0054%, 24545562, 43420543.29, 1350.52, 71645712634.94
21-Dec-2012, 160.33, $1651.50, 96.849670, 159.9472279, 160.393, $160.31, -0.0516%, 12019701, 43430228.26, 1350.82, 71704342266.90
24-Dec-2012, 160.62, $1651.50, 96.846680, 161.00761134, 160.664, $160.62, -0.0273%, 3699191, 43430228.26, 1350.82, 72179712165.08
25-Dec-2012, HOLIDAY, HOLIDAY, HOLIDAY, HOLIDAY, HOLIDAY, HOLIDAY, HOLIDAY, HOLIDAY, HOLIDAY, HOLIDAY, HOLIDAY
26-Dec-2012, 160.80, $1651.50, 96.844560, 161.00408243, 160.794, $160.78, -0.0087%, 4711239, 43430228.26, 1350.82, 72178130152.66
27-Dec-2012, 161.16, $1655.50, 96.843360, 160.32418223, 161.186, $161.18, -0.0038%, 8494132, 43430228.26, 1350.82, 71873330893.31
28-Dec-2012, 160.54, $1657.50, 96.842340, 160.51617833, 160.555, $160.55, -0.0031%, 6878109, 43430228.26, 1350.82, 71959402744.97
31-Dec-2012, 162.01, $1657.50, 96.839300, 161.14059864, 162.015, $162.05, 0.0216%, 11928933, 43430228.26, 1350.82, 72239330372.33
01-Jan-2013, HOLIDAY, HOLIDAY, HOLIDAY, HOLIDAY, HOLIDAY, HOLIDAY, HOLIDAY, HOLIDAY, HOLIDAY, HOLIDAY, HOLIDAY
02-Jan-2013, 163.17, $1693.75, 96.837870, 164.01914652, 163.196, $163.16, -0.0221%, 10372818, 43401176.89, 1349.92, 73480577641.65
03-Jan-2013, 161.22, $1679.50, 96.836470, 162.63685804, 161.146, $161.24, 0.0586%, 16026642, 43091300.19, 1340.28, 72340874457.66
04-Jan-2013, 160.47, $1648.00, 96.834620, 159.58345459, 160.402, $160.44, 0.0239%, 19247822, 43149400.96, 1342.09, 71078470672.59
07-Jan-2013, 159.43, $1645.25, 96.831360, 159.31179686, 159.525, $159.44, -0.0532%, 8101802, 43106141.92, 1340.74, 70909680780.98
08-Jan-2013, 160.56, $1656.00, 96.830390, 160.35113376, 160.574, $160.57, -0.0024%, 7207626, 43077092.80, 1339.84, 71324184298.21
09-Jan-2013, 160.49, $1657.75, 96.829350, 160.5188551, 160.498, $160.50, 0.0015%, 8001913, 43077092.80, 1339.84, 71398786749.60
10-Jan-2013, 161.98, $1675.00, 96.828460, 162.18767087, 162.009, $161.99, -0.0114%, 10333030, 43009312.88, 1337.73, 72027544635.28
11-Jan-2013, 161.06, $1657.50, 96.827210, 160.49110688, 161.024, $161.07, 0.0288%, 13115131, 43009312.88, 1337.73, 71274100565.28
14-Jan-2013, 161.54, $1666.50, 96.824140, 161.35743505, 161.501, $161.53, 0.0181%, 7018520, 43009312.88, 1337.73, 71658836906.77
15-Jan-2013, 162.54, $1680.50, 96.823260, 162.71149603, 162.581, $162.56, -0.0128%, 10042948, 42980265.90, 1336.83, 72211361939.54
16-Jan-2013, 162.65, $1676.25, 96.822150, 162.29812178, 162.656, $162.63, -0.0162%, 8670800, 42902808.18, 1334.42, 71898067950.75
17-Jan-2013, 163.35, $1675.00, 96.821070, 162.17528691, 163.352, $163.33, -0.0133%, 14581775, 42844715.54, 1332.61, 71746346928.84
18-Jan-2013, 163.09, $1688.50, 96.820210, 163.4809177, 163.074, $163.07, -0.0026%, 9997045, 42844715.54, 1332.61, 72323957988.62
21-Jan-2013, HOLIDAY, HOLIDAY, HOLIDAY, HOLIDAY, HOLIDAY, HOLIDAY, HOLIDAY, HOLIDAY, HOLIDAY, HOLIDAY, HOLIDAY
22-Jan-2013, 163.67, $1690.50, 96.816000, 163.66744268, 163.672, $163.69, 0.0108%, 8580149, 42951213.14, 1335.92, 72586510829.80
23-Jan-2013, 163.21, $1690.25, 96.814930, 163.64143783, 163.225, $163.23, 0.0030%, 6685284, 42893124.18, 1334.11, 72476792814.32
24-Jan-2013, 161.42, $1671.00, 96.813510, 161.7753781, 161.422, $161.44, 0.0111%, 12735011, 42815673.37, 1331.71, 71520894656.11
25-Jan-2013, 160.65, $1660.00, 96.812230, 160.70830949, 160.689, $160.63, -0.0367%, 8978516, 42757586.04, 1329.90, 70952718638.63
28-Jan-2013, 160.29, $1656.50, 96.808980, 160.36406808, 160.282, $160.29, 0.0051%, 7773260, 42699500.65, 1328.09, 70704517615.74
29-Jan-2013, 160.99, $1663.50, 96.808070, 161.04022681, 160.995, $160.98, -0.0091%, 7202813, 42699500.65, 1328.09, 71002636000.67
30-Jan-2013, 162.19, $1677.50, 96.807330, 162.39429428, 162.293, $162.19, -0.0632%, 11850010, 42699500.65, 1328.09, 71599644347.51
31-Jan-2013, 161.20, $1664.75, 96.805970, 161.15773878, 161.158, $161.19, 0.0200%, 8943168, 42699500.65, 1328.09, 71054447026.85
01-Feb-2013, 161.45, $1669.00, 96.805010, 161.56756461, 161.485, $161.47, -0.0095%, 12729370, 42699500.65, 1328.09, 71235139236.98
04-Feb-2013, 162.00, $1666.00, 96.801750, 161.27171737, 162.027, $161.98, -0.0289%, 7254491, 42699500.65, 1328.09, 71104700187.34
05-Feb-2013, 161.96, $1673.50, 96.800890, 161.99628873, 161.972, $161.98, 0.0049%, 8322651, 42699500.65, 1328.09, 71424163703.06
06-Feb-2013, 162.39, $1674.25, 96.799850, 162.06714731, 162.445, $162.38, -0.0398%, 6128024, 42699500.65, 1328.09, 71455405247.03
07-Feb-2013, 161.84, $1668.00, 96.798610, 161.46008894, 161.852, $161.85, -0.0013%, 12826160, 42757579.81, 1329.90, 71284629268.56
08-Feb-2013, 161.57, $1668.25, 96.797560, 161.4825308, 161.526, $161.56, 0.0210%, 6085836, 42660782.25, 1326.89, 71133054815.48
11-Feb-2013, 159.73, $1652.00, 96.793880, 159.90348719, 159.691, $159.71, 0.0122%, 11894018, 42660782.25, 1326.89, 70437486105.63
12-Feb-2013, 159.89, $1647.50, 96.792670, 159.46593138, 159.872, $159.87, -0.0015%, 7455630, 42660782.25, 1326.89, 70244742771.66
13-Feb-2013, 159.05, $1645.00, 96.791530, 159.22207078, 159.051, $159.04, -0.0068%, 8972878, 42631744.80, 1325.99, 70089555559.36
14-Feb-2013, 158.32, $1646.00, 96.790500, 159.31717115, 158.364, $158.34, -0.0150%, 12404519, 42534954.30, 1322.97, 69972101569.22
15-Feb-2013, 155.76, $1612.25, 96.788270, 156.04689384, 155.819, $155.74, -0.0510%, 23167362, 42534954.30, 1322.97, 68535795776.33
18-Feb-2013, HOLIDAY, HOLIDAY, HOLIDAY, HOLIDAY, HOLIDAY, HOLIDAY, HOLIDAY, HOLIDAY, HOLIDAY, HOLIDAY, HOLIDAY
19-Feb-2013, 155.35, $1607.75, 96.783860, 155.60425095, 155.322, $155.34, 0.0118%, 11802450, 42438170.44, 1319.96, 68185782768.42
20-Feb-2013, 151.41, $1588.50, 96.782040, 153.73826949, 151.435, $151.44, 0.0034%, 30818633, 41770374.36, 1299.19, 66307315632.08
21-Feb-2013, 152.62, $1577.00, 96.780500, 152.62284938, 152.597, $152.60, 0.0022%, 17257058, 41484641.62, 1290.31, 65398890959.85
22-Feb-2013, 152.97, $1576.50, 96.779430, 152.57277051, 152.934, $152.96, 0.0172%, 10079050, 41174947.45, 1280.67, 64889199297.72
25-Feb-2013, 154.34, $1586.25, 96.776470, 153.51167958, 154.383, $154.32, -0.0406%, 9392455, 40923328.62, 1272.85, 64889386959.25
26-Feb-2013, 156.22, $1590.50, 96.775510, 153.92145277, 156.189, $156.20, 0.0071%, 18102159, 40845908.22, 1270.44, 64939460924.39
27-Feb-2013, 154.57, $1604.25, 96.774780, 155.25094659, 154.564, $154.56, -0.0025%, 9553818, 40458809.10, 1258.40, 64879370578.91
28-Feb-2013, 152.96, $1588.50, 96.773330, 153.72443242, 153.023, $152.95, -0.0476%, 14832484, 40333003.77, 1254.49, 64041598547.02
01-Mar-2013, 152.44, $1582.25, 96.772100, 153.11766253, 152.508, $152.48, -0.0184%, 11119428, 40313649.35, 1253.88, 63758194679.23
04-Mar-2013, 152.30, $1574.25, 96.768700, 152.33811931, 152.367, $152.31, -0.0375%, 6625645, 40294295.61, 1253.28, 63403125256.76
05-Mar-2013, 152.38, $1579.75, 96.767800, 152.86892505, 152.492, $152.42, -0.0469%, 10797687, 40023345.77, 1244.86, 63196013615.38
06-Mar-2013, 153.23, $1574.00, 96.766560, 152.31056928, 153.240, $153.22, -0.0127%, 10824305, 40023345.77, 1244.86, 62965189340.19
07-Mar-2013, 152.69, $1579.50, 96.765670, 152.84137712, 152.696, $152.68, -0.0106%, 6506352, 39965286.37, 1243.05, 63092920474.61
08-Mar-2013, 152.71, $1581.75, 96.764680, 153.05753381, 152.709, $152.71, 0.0005%, 11859095, 39858845.22, 1239.74, 63013786668.37
11-Mar-2013, 152.99, $1579.00, 96.761410, 152.78626276, 153.048, $153.01, -0.0245%, 4808532, 39762083.81, 1236.73, 62749318115.43
12-Mar-2013, 154.19, $1594.00, 96.760860, 154.23680344, 154.082, $154.18, 0.0636%, 7264351, 39748497.42, 1236.31, 63345055172.55
13-Mar-2013, 153.66, $1589.25, 96.759730, 153.77540221, 153.625, $153.68, 0.0355%, 7370978, 39748497.42, 1236.31, 63155557686.51
14-Mar-2013, 153.68, $1586.00, 96.758620, 153.45917792, 153.861, $153.69, -0.1110%, 11337738, 39748497.42, 1236.31, 63025684369.89
15-Mar-2013, 153.97, $1595.50, 96.757700, 154.37691812, 154.004, $154.00, -0.0029%, 5668973, 39642063.95, 1233.00, 63232785663.38
18-Mar-2013, 155.38, $1603.75, 96.754660, 155.17028871, 155.335, $155.36, 0.0162%, 9301423, 39206667.98, 1219.45, 62859483956.67
19-Mar-2013, 156.08, $1610.75, 96.753720, 155.84605961, 156.044, $156.08, 0.0228%, 11015743, 39293746.33, 1222.16, 63273500202.89
20-Mar-2013, 155.38, $1607.50, 96.752610, 155.52981458, 155.484, $155.37, -0.0735%, 8220958, 39293746.33, 1222.16, 63145104718.59
21-Mar-2013, 156.21, $1613.75, 96.751660, 156.13299493, 156.223, $156.23, 0.0045%, 5701573, 39264720.83, 1221.26, 63343156043.24
22-Mar-2013, 155.55, $1607.75, 96.750490, 155.55059435, 155.618, $155.55, -0.0439%, 4728296, 39264720.83, 1221.26, 63106876128.48
25-Mar-2013, 155.24, $1599.25, 96.747120, 154.72283691, 155.245, $155.25, 0.0030%, 6789587, 39264720.83, 1221.26, 62771054935.09
26-Mar-2013, 154.72, $1598.00, 96.746040, 154.60016433, 154.736, $154.74, 0.0028%, 7383067, 39264720.83, 1221.26, 62721286669.95
27-Mar-2013, 155.36, $1603.00, 96.745090, 155.08237803, 155.300, $155.34, 0.0257%, 6678556, 39264720.83, 1221.26, 62916920766.05
28-Mar-2013, 154.45, $1598.25, 96.743920, 154.62096595, 154.442, $154.46, 0.0117%, 6651072, 39264720.83, 1221.26, 62729725885.52
29-Mar-2013, HOLIDAY, HOLIDAY, HOLIDAY, HOLIDAY, HOLIDAY, HOLIDAY, HOLIDAY, HOLIDAY, HOLIDAY, HOLIDAY, HOLIDAY
01-Apr-2013, 154.67, $1598.25, 96.739680, 154.61418814, 154.605, $154.68, 0.0488%, 4288086, 39129285.28, 1217.05, 62510516263.53
02-Apr-2013, 152.43, $1583.50, 96.738210, 153.18496316, 152.419, $152.44, 0.0139%, 9392599, 38868092.11, 1208.92, 61519081204.00
03-Apr-2013, 150.73, $1574.75, 96.736910, 152.33644158, 150.745, $150.73, -0.0100%, 15663867, 38781028.89, 1206.22, 61041212139.27
04-Apr-2013, 150.29, $1546.50, 96.735000, 149.60067665, 150.220, $150.26, 0.0268%, 12411745, 38781028.89, 1206.22, 59944991134.47
05-Apr-2013, 152.81, $1568.00, 96.734600, 151.67985322, 152.795, $152.81, 0.0097%, 14417856, 38752008.51, 1205.31, 60732613230.94
08-Apr-2013, 152.16, $1575.00, 96.731650, 152.35234179, 152.118, $152.17, 0.0340%, 5697249, 38752008.51, 1205.31, 61001877651.00
09-Apr-2013, 153.34, $1577.25, 96.730660, 152.56843206, 153.328, $153.35, 0.0145%, 7039971, 38593255.69, 1200.37, 60859547550.66
10-Apr-2013, 150.75, $1575.00, 96.729570, 152.34907683, 150.821, $150.76, -0.0403%, 18499313, 38051570.10, 1183.53, 59918891915.64
11-Apr-2013, 151.05, $1565.00, 96.728390, 151.37992305, 150.911, $151.03, 0.0790%, 8039962, 37983860.22, 1181.42, 59431757788.09
12-Apr-2013, 143.95, $1535.50, 96.726920, 148.52418461, 144.046, $143.92, -0.0873%, 54735613, 37248735.63, 1158.56, 57181811073.31
15-Apr-2013, 131.31, $1395.00, 96.721200, 134.92608091, 131.459, $131.33, -0.0978%, 93241654, 37113325.95, 1154.34, 51757644637.17
16-Apr-2013, 132.80, $1380.00, 96.719830, 133.47336717, 132.767, $132.84, 0.0547%, 45431355, 36842510.43, 1145.92, 50826658218.57
17-Apr-2013, 132.87, $1392.00, 96.719030, 134.63289526, 132.902, $132.82, -0.0614%, 25320161, 36484650.02, 1134.79, 50770064802.05
18-Apr-2013, 134.30, $1393.75, 96.718010, 134.80073153, 134.247, $134.35, 0.0764%, 19991956, 36426619.21, 1132.99, 50752475419.73
19-Apr-2013, 135.47, $1405.50, 96.717230, 135.93606188, 135.467, $135.48, 0.0096%, 15640781, 36107452.35, 1123.06, 50731338293.05
22-Apr-2013, 137.90, $1424.50, 96.714520, 137.7698407, 137.857, $137.88, 0.0168%, 16565174, 35517493.78, 1104.71, 50575308522.28
23-Apr-2013, 136.88, $1408.00, 96.713030, 136.17194784, 136.878, $136.86, -0.0131%, 14644282, 35275711.20, 1097.19, 49648292181.73
24-Apr-2013, 138.38, $1428.50, 96.712530, 138.15384597, 138.362, $138.36, -0.0013%, 10326266, 35140313.66, 1092.98, 50177476856.82
25-Apr-2013, 141.63, $1451.00, 96.712080, 140.32922905, 141.509, $141.61, 0.0713%, 18879402, 35053272.79, 1090.27, 50841279684.04
26-Apr-2013, 140.91, $1471.50, 96.711580, 142.31108675, 140.938, $140.93, -0.0055%, 19250419, 34821165.00, 1083.05, 51217760120.59
29-Apr-2013, 142.30, $1467.50, 96.708280, 141.91940299, 142.272, $142.25, -0.0157%, 10789041, 34743798.37, 1080.64, 50963257613.21
30-Apr-2013, 142.77, $1469.00, 96.707270, 142.06297476, 142.658, $142.75, 0.0647%, 11260882, 34676103.28, 1078.54, 50915370152.45
01-May-2013, 141.11, $1454.75, 96.705760, 140.68271096, 141.060, $141.10, 0.0285%, 13886932, 34569726.95, 1075.23, 50265932624.36
02-May-2013, 141.92, $1469.25, 96.705170, 142.08406746, 141.891, $141.89, -0.0005%, 11490845, 34376316.61, 1069.21, 50482469170.27
03-May-2013, 142.09, $1469.25, 96.704110, 142.08251037, 142.092, $142.07, -0.0156%, 11627176, 34260271.68, 1065.61, 50311416921.40
06-May-2013, 142.15, $1469.25, 96.700930, 142.07783921, 142.100, $142.13, 0.0211%, 7725857, 34153900.65, 1062.30, 50153477240.00
07-May-2013, 140.38, $1444.25, 96.698960, 139.65747722, 140.523, $140.40, -0.0875%, 13608617, 34008852.21, 1057.79, 49089603244.29
08-May-2013, 142.46, $1468.00, 96.698790, 141.95381693, 142.384, $142.45, 0.0463%, 11153883, 33805784.75, 1051.47, 49598663634.66
09-May-2013, 140.81, $1465.50, 96.697630, 141.71037936, 140.826, $140.83, 0.0031%, 8204740, 33892812.62, 1054.18, 49641145891.06
10-May-2013, 139.60, $1426.50, 96.695040, 137.93547437, 139.608, $139.63, 0.0155%, 14642697, 33811468.47, 1051.65, 48222241839.79
13-May-2013, 138.43, $1430.75, 96.691930, 138.34197264, 138.473, $138.42, -0.0379%, 6671490, 33811468.47, 1051.65, 48364353634.59
14-May-2013, 137.81, $1433.75, 96.690910, 138.63059756, 137.862, $137.84, -0.0159%, 9870549, 33811468.47, 1051.65, 48465256908.09
15-May-2013, 134.65, $1410.00, 96.689450, 136.33212875, 134.659, $134.66, 0.0004%, 18966485, 33666434.30, 1047.13, 47457214019.31
16-May-2013, 134.09, $1381.00, 96.687860, 133.52593521, 134.065, $134.10, 0.0258%, 12739437, 33482727.36, 1041.42, 46226678769.31
17-May-2013, 131.07, $1368.75, 96.686560, 132.33972634, 131.121, $131.06, -0.0469%, 20224683, 33386040.80, 1038.41, 45683673531.34
20-May-2013, 135.16, $1354.75, 96.683060, 130.98137943, 135.243, $135.12, -0.0911%, 21530043, 33163669.76, 1031.50, 44913515006.10
21-May-2013, 132.89, $1360.75, 96.682150, 131.56022929, 132.938, $132.87, -0.0511%, 13982844, 32892959.74, 1023.08, 44743633981.45
22-May-2013, 131.94, $1408.50, 96.682220, 136.1769046, 132.000, $131.97, -0.0229%, 25789039, 32796277.52, 1020.07, 46177588348.63
23-May-2013, 134.61, $1380.50, 96.680480, 133.46740368, 134.589, $134.62, 0.0231%, 9716189, 32747937.28, 1018.57, 45192062884.42
24-May-2013, 133.76, $1390.25, 96.679670, 134.40890879, 133.814, $133.80, -0.0107%, 5501534, 32670593.55, 1016.16, 45403329389.38
27-May-2013, HOLIDAY, HOLIDAY, HOLIDAY, HOLIDAY, HOLIDAY, HOLIDAY, HOLIDAY, HOLIDAY, HOLIDAY, HOLIDAY, HOLIDAY
28-May-2013, 133.49, $1376.50, 96.675040, 133.07318945, 133.537, $133.51, -0.0204%, 12464978, 32544916.00, 1012.25, 44779128250.53
29-May-2013, 134.83, $1382.50, 96.674160, 133.65202044, 134.807, $134.84, 0.0243%, 8718997, 32573918.24, 1013.15, 45014000484.25
30-May-2013, 136.70, $1413.50, 96.674010, 136.64871609, 136.663, $136.73, 0.0489%, 8043205, 32573918.24, 1013.15, 46023287579.46
31-May-2013, 133.92, $1394.50, 96.672380, 134.80963643, 133.954, $133.91, -0.0329%, 9549456, 32573918.24, 1013.15, 45403885550.56
03-Jun-2013, 136.51, $1402.50, 96.669460, 135.57892318, 136.444, $136.50, 0.0410%, 9131627, 32573918.24, 1013.15, 45662981326.57
04-Jun-2013, 135.23, $1399.50, 96.668300, 135.28729285, 135.253, $135.22, -0.0247%, 5494459, 32486916.77, 1010.45, 45443001669.27
05-Jun-2013, 135.52, $1404.00, 96.667400, 135.72102765, 135.537, $135.54, 0.0019%, 7431600, 32486916.77, 1010.45, 45588693187.16
06-Jun-2013, 136.53, $1400.00, 96.666200, 135.33268039, 136.544, $136.54, -0.0029%, 9842982, 32399917.19, 1007.74, 45336447930.04
07-Jun-2013, 133.28, $1386.00, 96.664640, 133.97718574, 133.276, $133.30, 0.0177%, 11037362, 32380584.27, 1007.14, 44855561784.28
10-Jun-2013, 133.96, $1383.25, 96.661350, 133.70681441, 133.934, $133.98, 0.0344%, 6137850, 32467579.48, 1009.85, 44885377597.31
11-Jun-2013, 133.25, $1374.25, 96.659930, 132.83491418, 133.313, $133.28, -0.0250%, 6831178, 32467579.48, 1009.85, 44592680689.74
12-Jun-2013, 134.25, $1382.75, 96.659220, 133.65553591, 134.187, $134.24, 0.0394%, 6527076, 32467579.48, 1009.85, 44868163404.02
13-Jun-2013, 133.74, $1385.00, 96.658250, 133.87167995, 133.725, $133.73, 0.0039%, 7096420, 32264597.16, 1003.53, 44659592431.27
14-Jun-2013, 134.43, $1391.25, 96.657450, 134.47468385, 134.473, $134.42, -0.0392%, 4242645, 32264597.16, 1003.53, 44860754533.37
17-Jun-2013, 133.77, $1384.75, 96.653990, 133.84161299, 133.817, $133.80, -0.0130%, 4049705, 32252855.33, 1003.17, 44649562092.21
18-Jun-2013, 132.13, $1366.75, 96.652570, 132.09990333, 132.235, $132.14, -0.0720%, 7364382, 32204529.04, 1001.66, 44002477798.26
19-Jun-2013, 130.59, $1372.75, 96.651640, 132.67853688, 130.601, $130.62, 0.0149%, 12956455, 32136872.89, 999.56, 44102345658.86
20-Jun-2013, 123.60, $1292.50, 96.648740, 124.91849143, 123.594, $123.61, 0.0126%, 28771137, 32001564.66, 995.35, 41348020663.61
21-Jun-2013, 125.05, $1295.25, 96.647750, 125.18299355, 125.004, $125.08, 0.0606%, 16583945, 31827598.71, 989.94, 41210241476.26
24-Jun-2013, 123.93, $1286.75, 96.644330, 124.35709299, 124.004, $123.94, -0.0519%, 12734458, 31692296.65, 985.73, 40764255081.32
25-Jun-2013, 123.47, $1279.00, 96.643040, 123.60645447, 123.455, $123.47, 0.0124%, 9355853, 31170424.23, 969.50, 39850720922.38
26-Jun-2013, 118.28, $1236.25, 96.640620, 119.47197115, 118.269, $118.30, 0.0264%, 24008047, 31170424.23, 969.50, 38517763499.48
27-Jun-2013, 115.92, $1232.75, 96.639450, 119.13227698, 115.965, $115.94, -0.0219%, 29636817, 31170424.23, 969.50, 38408246097.79
28-Jun-2013, 119.15, $1192.00, 96.636920, 115.19120446, 119.144, $119.14, -0.0031%, 32916582, 31170424.23, 969.50, 37137644318.11
01-Jul-2013, 121.13, $1242.75, 96.635690, 120.09399832, 121.056, $121.13, 0.0615%, 15925526, 31131769.95, 968.30, 38670267460.08
02-Jul-2013, 120.07, $1252.50, 96.634990, 121.03532642, 120.079, $120.09, 0.0095%, 10547598, 31015807.97, 964.69, 38828132716.99
03-Jul-2013, 120.74, $1250.00, 96.633840, 120.79229593, 121.048, $121.09, 0.0344%, 6736185, 31015807.97, 964.69, 38750168533.06
04-Jul-2013, HOLIDAY, HOLIDAY, HOLIDAY, HOLIDAY, HOLIDAY, HOLIDAY, HOLIDAY, HOLIDAY, HOLIDAY, HOLIDAY, HOLIDAY
05-Jul-2013, 118.09, $1212.75, 96.630180, 117.18825575, 118.097, $118.09, -0.0056%, 11538361, 30928840.80, 961.99, 37488523012.97
08-Jul-2013, 119.51, $1235.25, 96.628000, 119.3597432, 119.524, $119.50, -0.0201%, 8650146, 30445700.80, 946.96, 37586383133.86
09-Jul-2013, 120.62, $1255.50, 96.627840, 121.3162589, 120.596, $120.61, 0.0113%, 8196158, 30213793.99, 939.75, 37911330905.63
10-Jul-2013, 120.95, $1256.00, 96.626810, 121.36327094, 120.933, $120.91, -0.0193%, 14613949, 30192195.27, 939.07, 37913885843.09
11-Jul-2013, 124.25, $1285.00, 96.626180, 124.16464762, 124.136, $124.24, 0.0841%, 11252499, 30192195.27, 939.07, 38789035916.05
12-Jul-2013, 124.13, $1279.75, 96.625040, 123.65590122, 124.009, $124.11, 0.0818%, 6426106, 30192195.27, 939.07, 38630103542.61
15-Jul-2013, 124.18, $1284.75, 96.621960, 124.13506033, 124.159, $124.19, 0.0248%, 4124415, 30192195.27, 939.07, 38779792847.74
16-Jul-2013, 124.90, $1291.50, 96.621020, 124.78605298, 124.832, $124.89, 0.0461%, 5502543, 30143884.76, 937.57, 38920769924.73
17-Jul-2013, 123.32, $1297.25, 96.620080, 125.34039382, 123.398, $123.33, -0.0554%, 10756153, 30095574.72, 936.07, 39030998634.26
18-Jul-2013, 124.05, $1283.25, 96.618730, 123.98599059, 124.029, $124.02, -0.0076%, 6137923, 30066589.10, 935.17, 38572041672.99
19-Jul-2013, 125.11, $1295.75, 96.617940, 125.19269434, 125.125, $125.10, -0.0200%, 5696168, 29979632.96, 932.46, 38834773784.60
22-Jul-2013, 128.84, $1327.00, 96.615480, 128.20873727, 128.861, $128.85, -0.0085%, 10779324, 29940986.77, 931.26, 39719066805.06
23-Jul-2013, 129.71, $1333.50, 96.614570, 128.83552552, 129.800, $129.73, -0.0537%, 8809128, 29892679.48, 929.76, 39848828044.26
24-Jul-2013, 127.50, $1335.00, 96.613540, 128.97908139, 127.639, $127.51, -0.1011%, 9652585, 29892679.48, 929.76, 39893229872.61
25-Jul-2013, 128.67, $1326.00, 96.612260, 128.10786137, 128.610, $128.66, 0.0387%, 4678795, 29815389.67, 927.35, 39521275234.12
26-Jul-2013, 128.80, $1331.00, 96.611330, 128.58968376, 128.694, $128.79, 0.0746%, 6138445, 29815389.67, 927.35, 39669917438.89
29-Jul-2013, 128.47, $1329.75, 96.608120, 128.46464962, 128.494, $128.46, -0.0262%, 3440816, 29815389.67, 927.35, 39631344408.06
30-Jul-2013, 128.12, $1324.15, 96.606900, 127.92202833, 128.173, $128.12, -0.0415%, 4313801, 29815389.67, 927.35, 39463945739.55
31-Jul-2013, 127.96, $1314.50, 96.605550, 126.98799968, 127.650, $127.90, 0.1960%, 13956670, 29815389.67, 927.35, 39175797900.70
01-Aug-2013, 126.62, $1315.00, 96.604510, 127.03493066, 126.566, $126.60, 0.0265%, 9961326, 29612520.20, 921.05, 38923502753.97
02-Aug-2013, 126.36, $1309.25, 96.603270, 126.47782659, 126.372, $126.34, -0.0250%, 6423842, 29535237.59, 918.64, 38651623804.88
05-Aug-2013, 125.69, $1304.75, 96.599930, 126.03876299, 125.705, $125.71, 0.0036%, 4000914, 29486937.62, 917.14, 38454426588.55
06-Aug-2013, 123.97, $1280.50, 96.597990, 123.6937226, 123.969, $123.99, 0.0169%, 6011242, 29419319.03, 915.04, 37652369160.79
07-Aug-2013, 124.15, $1282.50, 96.597000, 123.88565879, 124.137, $124.13, -0.0055%, 5183689, 29274423.53, 910.53, 37524966046.58
08-Aug-2013, 126.86, $1298.25, 96.596550, 125.40647717, 126.884, $126.84, -0.0350%, 8636916, 29235784.91, 909.33, 37935459343.37
09-Aug-2013, 126.86, $1309.00, 96.595910, 126.4440491, 126.864, $126.85, -0.0112%, 6177236, 29293742.45, 911.13, 38325191283.58
12-Aug-2013, 129.13, $1341.00, 96.594010, 129.53256607, 129.098, $129.13, 0.0249%, 7260337, 29293742.45, 911.13, 39261320776.74
13-Aug-2013, 127.74, $1328.50, 96.592450, 128.32307076, 127.772, $127.72, -0.0411%, 6652479, 29293742.45, 911.13, 38894722747.86
14-Aug-2013, 129.00, $1326.50, 96.591310, 128.12837236, 128.969, $129.00, 0.0243%, 8644082, 29361356.37, 913.23, 38925399522.38
15-Aug-2013, 131.67, $1329.75, 96.590390, 128.4410675, 131.633, $131.64, 0.0050%, 17199163, 29351264.91, 912.92, 39020396305.12
16-Aug-2013, 132.58, $1369.25, 96.590000, 132.25586221, 132.652, $132.62, -0.0240%, 14412522, 29428536.91, 915.32, 40285135628.93
19-Aug-2013, 132.01, $1365.00, 96.586750, 131.84091033, 131.928, $132.00, 0.0547%, 8118408, 29331950.16, 912.32, 40026900375.65
20-Aug-2013, 132.45, $1372.50, 96.585840, 132.56406108, 132.417, $132.44, 0.0172%, 7803605, 29389901.67, 914.12, 40325987379.29
21-Aug-2013, 132.07, $1363.00, 96.584580, 131.64478779, 132.111, $132.10, -0.0085%, 10704709, 29370584.75, 913.52, 40020015488.09
22-Aug-2013, 132.81, $1375.50, 96.583790, 132.85100394, 132.788, $132.78, -0.0062%, 5570182, 29370584.75, 913.52, 40386705198.60
23-Aug-2013, 134.90, $1377.50, 96.582780, 133.0427735, 134.868, $134.88, 0.0088%, 11596915, 29583066.87, 920.13, 40737697245.12
26-Aug-2013, 135.45, $1377.50, 96.579600, 133.03839954, 135.487, $135.49, 0.0024%, 7277545, 29583066.87, 920.13, 40736357938.24
27-Aug-2013, 136.72, $1419.25, 96.579540, 137.0705128, 136.650, $136.73, 0.0583%, 11245625, 29612040.73, 921.03, 42012112172.47
28-Aug-2013, 136.69, $1419.50, 96.578490, 137.09316377, 136.697, $136.71, 0.0094%, 12741428, 29612040.73, 921.03, 42019054694.83
29-Aug-2013, 135.86, $1407.75, 96.577140, 135.95646508, 135.918, $135.88, -0.0278%, 7578862, 29612040.73, 921.03, 41670656546.52
30-Aug-2013, 134.62, $1394.75, 96.575740, 134.69901328, 134.678, $134.65, -0.0206%, 7140038, 29612040.73, 921.03, 41285247571.01
02-Sep-2013, HOLIDAY, HOLIDAY, HOLIDAY, HOLIDAY, HOLIDAY, HOLIDAY, HOLIDAY, HOLIDAY, HOLIDAY, HOLIDAY, HOLIDAY
03-Sep-2013, 136.42, $1399.50, 96.571650, 135.15202055, 136.359, $136.38, 0.0153%, 8096363, 29554097.74, 919.23, 41343003085.28
04-Sep-2013, 134.62, $1390.00, 96.570300, 134.23272036, 134.651, $134.64, -0.0081%, 7841147, 29554097.74, 919.23, 41061789159.61
05-Sep-2013, 132.20, $1385.00, 96.569090, 133.74818666, 132.193, $132.21, 0.0125%, 10505828, 29554097.74, 919.23, 40913570298.12
06-Sep-2013, 134.15, $1387.00, 96.568090, 133.93994599, 134.083, $134.13, 0.0352%, 8055489, 29554097.74, 919.23, 40972229477.94
09-Sep-2013, 133.91, $1390.00, 96.565020, 134.22538014, 133.878, $133.91, 0.0241%, 5013993, 29486502.23, 917.13, 40965586017.61
10-Sep-2013, 131.74, $1358.25, 96.562830, 131.15645771, 131.702, $131.75, 0.0364%, 7807887, 29486502.23, 917.13, 40028950893.73
11-Sep-2013, 131.70, $1363.75, 96.561970, 131.68638993, 131.660, $131.69, 0.0225%, 4744170, 29486502.23, 917.13, 40190686205.25
12-Sep-2013, 127.67, $1328.00, 96.559520, 128.23104475, 127.729, $127.67, -0.0461%, 13015886, 29486502.23, 917.13, 39136114857.08
13-Sep-2013, 127.82, $1318.50, 96.558070, 127.31181938, 127.841, $127.82, -0.0164%, 11905974, 29293386.09, 911.12, 38600943636.26
16-Sep-2013, 126.45, $1324.00, 96.555140, 127.8390054, 126.405, $126.45, 0.0355%, 9922262, 29293386.09, 911.12, 38760786435.89
17-Sep-2013, 126.50, $1312.25, 96.553550, 126.70240154, 126.529, $126.51, -0.0147%, 8112462, 29293386.09, 911.12, 38416168145.66
18-Sep-2013, 132.16, $1301.00, 96.551970, 125.61411664, 131.972, $132.01, 0.0287%, 24911414, 29293386.09, 911.12, 38086200164.64
19-Sep-2013, 131.77, $1365.50, 96.553850, 131.84427929, 131.864, $131.78, -0.0634%, 14250764, 29321592.38, 912.00, 40027923190.95
20-Sep-2013, 127.90, $1349.25, 96.552480, 130.27343173, 128.027, $127.97, -0.0443%, 19157190, 29263660.89, 910.19, 39472849814.14
23-Sep-2013, 127.53, $1323.00, 96.548720, 127.73395845, 127.483, $127.56, 0.0605%, 7356838, 29244351.14, 909.59, 38677842619.53
24-Sep-2013, 127.67, $1314.25, 96.547460, 126.887495, 127.732, $127.69, -0.0331%, 7315185, 29244351.14, 909.59, 38421533484.50
25-Sep-2013, 128.79, $1322.75, 96.546610, 127.70702341, 128.656, $128.76, 0.0808%, 7478200, 29244351.14, 909.59, 38669686687.19
26-Sep-2013, 127.79, $1333.00, 96.545800, 128.69555556, 127.827, $127.81, -0.0130%, 9469645, 29244351.14, 909.59, 38969014224.04
27-Sep-2013, 128.97, $1341.00, 96.544950, 129.46677479, 129.003, $128.99, -0.0104%, 7373556, 29128497.20, 905.99, 39047179278.07
30-Sep-2013, 128.17, $1326.50, 96.541370, 128.06212523, 128.173, $128.18, 0.0053%, 9242843, 29128497.20, 905.99, 38623536968.45
01-Oct-2013, 124.59, $1290.75, 96.539240, 124.60802829, 124.550, $124.58, 0.0240%, 16641793, 29128497.20, 905.99, 37581781333.76
02-Oct-2013, 127.06, $1306.25, 96.538670, 126.10363473, 127.067, $127.04, -0.0213%, 12007523, 28993343.07, 901.79, 37856311144.66
03-Oct-2013, 127.18, $1316.00, 96.537920, 127.04389832, 127.266, $127.19, -0.0597%, 10705933, 28935420.31, 899.99, 38062351936.32
04-Oct-2013, 126.53, $1309.75, 96.536660, 126.43888658, 126.461, $126.53, 0.0545%, 6842849, 28935420.31, 899.99, 37881090419.57
07-Oct-2013, 127.64, $1323.50, 96.533960, 127.76269258, 127.661, $127.67, 0.0068%, 6726301, 28935420.31, 899.99, 38277702696.70
08-Oct-2013, 127.40, $1329.50, 96.533110, 128.34076713, 127.409, $127.39, -0.0151%, 6987911, 28877500.45, 898.18, 38373889372.45
09-Oct-2013, 126.11, $1304.00, 96.531130, 125.87659079, 126.094, $126.10, 0.0049%, 10679724, 28877500.45, 898.18, 37637100645.13
10-Oct-2013, 124.27, $1298.50, 96.529860, 125.34402566, 124.248, $124.28, 0.0254%, 10468534, 28819582.53, 896.38, 37402657257.93
11-Oct-2013, 122.60, $1265.50, 96.527490, 122.15553471, 122.643, $122.61, -0.0269%, 15955976, 28645833.05, 890.98, 36231331595.19
14-Oct-2013, 122.87, $1285.50, 96.525170, 124.08311135, 122.872, $122.84, -0.0258%, 6112415, 28586470.34, 889.13, 36741009270.63
15-Oct-2013, 123.73, $1270.50, 96.523900, 122.63361794, 123.700, $123.72, 0.0160%, 8376346, 28586470.34, 889.13, 36311814273.42
16-Oct-2013, 123.54, $1273.50, 96.522890, 122.92190073, 123.525, $123.56, 0.0282%, 8520279, 28470642.88, 885.53, 36249668526.43
17-Oct-2013, 127.43, $1319.25, 96.522540, 127.33736491, 127.400, $127.40, -0.0001%, 11751453, 28364468.08, 882.23, 37411717810.06
18-Oct-2013, 126.85, $1316.50, 96.521440, 127.07047783, 126.892, $126.89, -0.0015%, 5338800, 28364468.08, 882.23, 37333306386.21
21-Oct-2013, 126.98, $1317.50, 96.518290, 127.1628438, 127.013, $127.01, -0.0026%, 3350973, 28026654.07, 871.72, 36915373555.77
22-Oct-2013, 129.34, $1333.00, 96.517530, 128.65786219, 129.362, $129.36, -0.0019%, 8809145, 28238992.63, 878.32, 37632424689.56
23-Oct-2013, 128.69, $1331.25, 96.516430, 128.48750285, 128.671, $128.70, 0.0226%, 5078960, 28238992.63, 878.32, 37582594583.88
24-Oct-2013, 129.90, $1344.75, 96.515650, 129.7894186, 129.860, $129.90, 0.0309%, 10204651, 28181083.24, 876.52, 37885531290.35
25-Oct-2013, 130.45, $1347.75, 96.514650, 130.07762397, 130.464, $130.46, -0.0028%, 8762531, 28036311.27, 872.02, 37774542000.38
28-Oct-2013, 130.56, $1361.00, 96.511780, 131.35253845, 130.532, $130.58, 0.0366%, 6805997, 28036311.27, 872.02, 38144777164.51
29-Oct-2013, 129.77, $1349.25, 96.510450, 130.21672208, 129.790, $129.79, -0.0001%, 5294316, 28036311.27, 872.02, 37814936092.31
30-Oct-2013, 129.60, $1354.75, 96.509530, 130.74627997, 129.707, $129.60, -0.0824%, 8963669, 28036311.27, 872.02, 37968719704.17
31-Oct-2013, 127.74, $1324.00, 96.507670, 127.77615869, 127.639, $127.75, 0.0869%, 7611436, 28036311.27, 872.02, 37106196484.97
01-Nov-2013, 126.95, $1306.75, 96.506140, 126.10939659, 127.017, $126.97, -0.0367%, 9506788, 27852949.60, 866.32, 36382560915.31
04-Nov-2013, 126.81, $1320.50, 96.503380, 127.43271629, 126.820, $126.84, 0.0158%, 3889542, 27852949.60, 866.32, 36764338649.45
05-Nov-2013, 126.56, $1307.25, 96.501910, 126.15212553, 126.555, $126.54, -0.0122%, 4933448, 27852949.60, 866.32, 36394888214.76
06-Nov-2013, 127.20, $1319.00, 96.501230, 127.28512283, 127.082, $127.16, 0.0610%, 3604233, 27920500.46, 868.42, 36810857523.61
07-Nov-2013, 126.16, $1307.25, 96.499790, 126.14934935, 126.075, $126.18, 0.0832%, 7697168, 27920500.46, 868.42, 36482391831.75
08-Nov-2013, 124.26, $1285.50, 96.497990, 124.04815973, 124.285, $124.29, 0.0044%, 8380942, 27920500.46, 868.42, 35874727794.68
11-Nov-2013, 123.87, $1282.50, 96.494700, 123.75445291, 123.885, $123.90, 0.0123%, 3283832, 27920500.46, 868.42, 35789787781.03
12-Nov-2013, 122.45, $1281.25, 96.493590, 123.63241812, 122.455, $122.47, 0.0121%, 7690647, 27920500.46, 868.42, 35754495321.07
13-Nov-2013, 122.85, $1272.50, 96.492190, 122.78631324, 122.854, $122.87, 0.0131%, 5799362, 27833532.95, 865.71, 35411572739.82
14-Nov-2013, 124.27, $1286.00, 96.491320, 124.08784065, 124.271, $124.27, -0.0009%, 7638154, 27833532.95, 865.71, 35786933244.78
15-Nov-2013, 124.32, $1287.25, 96.490280, 124.20711718, 124.270, $124.31, 0.0323%, 4499958, 27833532.95, 865.71, 35821332594.10
18-Nov-2013, 122.90, $1283.50, 96.487050, 123.84112452, 122.939, $122.92, -0.0154%, 5785769, 27794938.13, 864.51, 35666243863.19
19-Nov-2013, 122.97, $1275.75, 96.485850, 123.09182149, 122.928, $122.96, 0.0262%, 3659851, 27746695.20, 863.01, 35388898678.84
20-Nov-2013, 120.09, $1257.00, 96.484430, 121.28092528, 120.138, $120.08, -0.0479%, 14252946, 27659859.22, 860.31, 34759113185.94
21-Nov-2013, 119.94, $1240.00, 96.483020, 119.6389386, 119.871, $119.96, 0.0747%, 7557493, 27544079.59, 856.71, 34144953076.76
22-Nov-2013, 119.92, $1246.25, 96.482100, 120.2408111, 119.971, $119.94, -0.0256%, 6729208, 27399356.44, 852.21, 34136366270.68
25-Nov-2013, 120.46, $1243.00, 96.478840, 119.92320205, 120.483, $120.49, 0.0060%, 7239986, 27293229.72, 848.91, 33914281540.99
26-Nov-2013, 119.82, $1247.50, 96.477900, 120.35618128, 119.937, $119.82, -0.0971%, 9083058, 27293229.72, 848.91, 34036728065.40
27-Nov-2013, 119.46, $1245.00, 96.476780, 120.11358815, 119.419, $119.47, 0.0427%, 5958288, 27109923.84, 843.21, 33739906910.53
28-Nov-2013, HOLIDAY, HOLIDAY, HOLIDAY, HOLIDAY, HOLIDAY, HOLIDAY, HOLIDAY, HOLIDAY, HOLIDAY, HOLIDAY, HOLIDAY
29-Nov-2013, 120.70, $1253.00, 96.474890, 120.88303409, 120.893, $120.68, -0.1759%, 2362171, 27109923.84, 843.21, 33956044275.15
02-Dec-2013, 117.58, $1229.50, 96.470990, 118.61107759, 117.752, $117.60, -0.1295%, 8913533, 27109923.84, 843.21, 33317851695.86
03-Dec-2013, 117.97, $1217.25, 96.469530, 117.42753164, 117.876, $117.97, 0.0796%, 6978647, 27052042.12, 841.41, 32914937119.89
04-Dec-2013, 119.96, $1227.50, 96.468820, 118.41547198, 119.993, $119.93, -0.0523%, 9078292, 26965220.18, 838.71, 33085282872.35
05-Dec-2013, 118.30, $1222.50, 96.467590, 117.93162373, 118.325, $118.31, -0.0129%, 10386914, 26965220.18, 838.71, 32950095670.55
06-Dec-2013, 118.55, $1233.00, 96.466900, 118.94368748, 118.524, $118.54, 0.0135%, 7909514, 26868753.28, 835.71, 33113922594.96
09-Dec-2013, 118.96, $1237.00, 96.463880, 119.32581812, 119.649, $119.71, 0.0510%, 5485125, 26868753.28, 835.71, 33220307765.30
10-Dec-2013, 121.82, $1266.25, 96.463920, 122.1474358, 121.810, $121.81, 0.0002%, 9228230, 26868753.28, 835.71, 34005846127.89
11-Dec-2013, 120.86, $1260.75, 96.462650, 121.61529074, 120.868, $120.86, -0.0064%, 9641578, 26801229.43, 833.60, 33772566237.33
12-Dec-2013, 118.29, $1225.25, 96.460180, 118.18783909, 118.251, $118.30, 0.0418%, 8717728, 26608309.07, 827.60, 32584387238.08
13-Dec-2013, 119.38, $1232.00, 96.459410, 118.83799154, 119.301, $119.38, 0.0662%, 6578436, 26608309.07, 827.60, 32763634266.82
16-Dec-2013, 119.69, $1234.75, 96.456360, 119.09948916, 119.604, $119.67, 0.0552%, 8189352, 26328585.62, 818.90, 32490340643.60
17-Dec-2013, 118.65, $1231.75, 96.455170, 118.80864989, 118.599, $118.63, 0.0258%, 8574629, 26261552.86, 816.82, 32339714500.41
18-Dec-2013, 117.67, $1230.50, 96.454080, 118.68675062, 117.693, $117.65, -0.0368%, 16229544, 26126517.15, 812.62, 32140372067.64
19-Dec-2013, 114.82, $1196.00, 96.452310, 115.35696041, 114.778, $114.86, 0.0712%, 15949204, 26001129.14, 808.72, 31088700829.26
20-Dec-2013, 115.94, $1195.25, 96.451230, 115.28333762, 115.884, $115.93, 0.0395%, 11995433, 26174741.36, 814.12, 31276369496.81
23-Dec-2013, 115.57, $1199.00, 96.448160, 115.64133961, 115.559, $115.59, 0.0265%, 6237166, 25904686.51, 805.72, 31049699685.54
24-Dec-2013, 116.10, $1199.00, 96.447030, 115.39887675, 116.209, $116.14, -0.0594%, 3351555, 25904686.51, 805.72, 30984598408.31
25-Dec-2013, HOLIDAY, HOLIDAY, HOLIDAY, HOLIDAY, HOLIDAY, HOLIDAY, HOLIDAY, HOLIDAY, HOLIDAY, HOLIDAY, HOLIDAY
26-Dec-2013, 116.74, $1199.00, 96.444920, 115.39634748, 116.648, $116.72, 0.0616%, 3868208, 25856464.05, 804.22, 30926221124.14
27-Dec-2013, 117.12, $1214.50, 96.444370, 117.13169203, 117.079, $117.10, 0.0182%, 4191110, 25760019.68, 801.22, 31274161771.70
30-Dec-2013, 115.40, $1204.50, 96.440890, 116.16305701, 115.425, $115.40, -0.0219%, 6693450, 25663578.79, 798.22, 30899373165.58
31-Dec-2013, 116.17, $1204.50, 96.439740, 115.87234831, 116.087, $116.14, 0.0453%, 8056480, 25663578.79, 798.22, 30822044649.68
01-Jan-2014, HOLIDAY, HOLIDAY, HOLIDAY, HOLIDAY, HOLIDAY, HOLIDAY, HOLIDAY, HOLIDAY, HOLIDAY, HOLIDAY, HOLIDAY
02-Jan-2014, 118.00, $1225.00, 96.438410, 118.13705488, 117.997, $118.07, 0.0617%, 7549626, 25547852.70, 794.62, 31282692131.29
03-Jan-2014, 119.29, $1234.50, 96.437670, 119.05230834, 119.327, $119.31, -0.0144%, 5940519, 25547852.70, 794.62, 31525051248.10
06-Jan-2014, 119.50, $1246.25, 96.434920, 120.18201963, 119.430, $119.52, 0.0755%, 10103742, 25547852.70, 794.62, 31824198798.88
07-Jan-2014, 118.82, $1227.50, 96.433180, 118.37172603, 118.868, $118.83, -0.0323%, 6469872, 25547852.70, 794.62, 31344833052.03
08-Jan-2014, 118.12, $1221.00, 96.431870, 117.74331694, 118.144, $118.15, 0.0055%, 7427185, 25499636.76, 793.12, 31119558667.71
09-Jan-2014, 118.46, $1226.00, 96.431010, 118.2244208, 118.437, $118.45, 0.0113%, 3998394, 25499636.76, 793.12, 31246714418.02
10-Jan-2014, 120.26, $1244.25, 96.430670, 119.98386402, 120.235, $120.28, 0.0378%, 7778755, 25499636.76, 793.12, 31711735259.23
13-Jan-2014, 121.02, $1248.00, 96.427660, 120.34171503, 121.020, $121.02, 0.0003%, 5856072, 25499636.76, 793.12, 31806315282.98
14-Jan-2014, 119.89, $1251.50, 96.426750, 120.67807213, 119.916, $119.91, -0.0053%, 7494834, 25385022.33, 789.56, 31762468585.83
15-Jan-2014, 119.66, $1236.00, 96.425430, 119.18182739, 119.645, $119.66, 0.0128%, 5535514, 25385022.33, 789.56, 31368656969.83
16-Jan-2014, 119.79, $1241.50, 96.424470, 119.71097757, 119.778, $119.80, 0.0180%, 3683443, 25385022.33, 789.56, 31507929296.49
17-Jan-2014, 120.93, $1250.00, 96.423570, 120.52946174, 120.881, $120.94, 0.0485%, 7895919, 25626081.26, 797.05, 32024677985.55
20-Jan-2014, HOLIDAY, HOLIDAY, HOLIDAY, HOLIDAY, HOLIDAY, HOLIDAY, HOLIDAY, HOLIDAY, HOLIDAY, HOLIDAY, HOLIDAY
21-Jan-2014, 119.70, $1238.00, 96.419080, 119.36681583, 119.733, $119.67, -0.0528%, 6669208, 25626081.26, 797.05, 31715762967.27
22-Jan-2014, 119.19, $1241.00, 96.418090, 119.65484681, 119.221, $119.20, -0.0176%, 4853641, 25587514.02, 795.85, 31744430858.67
23-Jan-2014, 121.79, $1263.00, 96.417540, 121.77535665, 121.751, $121.77, 0.0154%, 11023717, 25413962.45, 790.46, 32087806478.44
24-Jan-2014, 122.29, $1267.00, 96.416580, 122.1598086, 122.290, $122.31, 0.0164%, 7708228, 25413962.45, 790.46, 32189109567.02
27-Jan-2014, 120.96, $1260.50, 96.413240, 121.52888942, 121.056, $120.94, -0.0962%, 6311291, 25413962.45, 790.46, 32022862360.91
28-Jan-2014, 120.95, $1251.25, 96.411930, 120.63542637, 120.867, $120.95, 0.0688%, 4555068, 25413962.45, 790.46, 31787434848.99
29-Jan-2014, 122.47, $1264.00, 96.411230, 121.86379871, 122.392, $122.47, 0.0636%, 10362869, 25481450.31, 792.56, 32196415620.07
30-Jan-2014, 119.76, $1242.50, 96.409550, 119.788863, 119.813, $119.78, -0.0275%, 8745588, 25500732.22, 793.16, 31672175378.01
31-Jan-2014, 120.09, $1251.00, 96.408750, 120.60734544, 119.961, $120.07, 0.0905%, 6771583, 25500732.22, 793.16, 31888582134.14
03-Feb-2014, 121.32, $1262.00, 96.405940, 121.66429173, 121.301, $121.33, 0.0240%, 9550269, 25500732.22, 793.16, 32168038734.24
04-Feb-2014, 120.99, $1250.25, 96.404490, 120.52971214, 120.983, $120.98, -0.0023%, 5926672, 25626058.06, 797.05, 32024744515.57
05-Feb-2014, 121.29, $1254.50, 96.403580, 120.93828797, 121.235, $121.27, 0.0287%, 6421222, 25626058.06, 797.05, 32133303112.67
06-Feb-2014, 121.24, $1256.50, 96.402590, 121.12985518, 121.186, $121.22, 0.0282%, 4476039, 25626058.06, 797.05, 32184202521.32
07-Feb-2014, 122.17, $1259.25, 96.401630, 121.39375501, 122.141, $122.17, 0.0239%, 6822802, 25626058.06, 797.05, 32254320705.09
10-Feb-2014, 122.92, $1277.00, 96.399130, 123.10168553, 122.909, $122.91, 0.0009%, 6672767, 25626058.06, 797.05, 32708117846.39
11-Feb-2014, 124.36, $1282.00, 96.398260, 123.58256789, 124.407, $124.37, -0.0296%, 11543743, 25683897.01, 798.85, 32910037828.96
12-Feb-2014, 124.43, $1289.50, 96.397490, 124.30455985, 124.367, $124.43, 0.0505%, 6698691, 25683897.01, 798.85, 33102304287.60
13-Feb-2014, 125.49, $1296.00, 96.396680, 124.93009772, 125.523, $125.52, -0.0023%, 9357353, 25924888.71, 806.35, 33581210266.87
14-Feb-2014, 127.15, $1320.00, 96.396530, 127.2434255, 127.123, $127.13, 0.0056%, 11174793, 25761014.61, 801.25, 33986718950.77
17-Feb-2014, HOLIDAY, HOLIDAY, HOLIDAY, HOLIDAY, HOLIDAY, HOLIDAY, HOLIDAY, HOLIDAY, HOLIDAY, HOLIDAY, HOLIDAY
18-Feb-2014, 127.40, $1320.75, 96.392330, 127.31017439, 127.421, $127.41, -0.0086%, 7440738, 25761014.61, 801.25, 34004547578.38
19-Feb-2014, 126.29, $1320.50, 96.391270, 127.28466767, 126.301, $126.27, -0.0249%, 9384098, 25579641.67, 795.61, 33768622333.06
20-Feb-2014, 127.60, $1316.25, 96.390120, 126.87350162, 127.596, $127.63, 0.0263%, 8541983, 25579641.67, 795.61, 33659539980.28
21-Feb-2014, 127.58, $1323.25, 96.389210, 127.54702839, 127.603, $127.58, -0.0180%, 7284542, 25666391.95, 798.31, 33953018957.92
24-Feb-2014, 128.99, $1334.75, 96.386310, 128.65162652, 128.888, $128.99, 0.0793%, 7284542, 25772416.90, 801.61, 34388579769.30
25-Feb-2014, 129.21, $1339.00, 96.385350, 129.05998682, 129.176, $129.23, 0.0421%, 5358894, 25839886.64, 803.70, 34588076468.17
26-Feb-2014, 128.11, $1331.75, 96.384120, 128.35955334, 128.056, $128.10, 0.0344%, 6592431, 25839886.64, 803.70, 34400360295.64
27-Feb-2014, 128.20, $1332.25, 96.383080, 128.40635488, 128.231, $128.24, 0.0071%, 4988338, 25839886.64, 803.70, 34412903107.13
28-Feb-2014, 127.62, $1326.50, 96.381870, 127.85055321, 127.672, $127.59, -0.0644%, 8323166, 25839886.64, 803.70, 34263948259.51
03-Mar-2014, 130.29, $1349.50, 96.379350, 130.06392786, 130.276, $130.31, 0.0261%, 10939606, 25839886.64, 803.70, 34857132665.54
04-Mar-2014, 128.68, $1334.75, 96.377870, 128.64036014, 128.621, $128.68, 0.0458%, 5884493, 25839886.64, 803.70, 34475616518.47
05-Mar-2014, 128.89, $1337.00, 96.376880, 128.85588736, 128.822, $128.91, 0.0682%, 4465433, 25839886.64, 803.70, 34533377811.29
06-Mar-2014, 130.17, $1345.25, 96.376070, 129.64991079, 130.166, $130.16, -0.0042%, 4939065, 25839886.64, 803.70, 34746176091.88
07-Mar-2014, 129.09, $1335.25, 96.374710, 128.68432567, 129.104, $129.07, -0.0260%, 7630289, 25888074.00, 805.20, 34551741443.00
10-Mar-2014, 129.13, $1344.00, 96.371830, 129.52373809, 129.119, $129.15, 0.0240%, 4214560, 26129003.57, 812.70, 35100933021.63
11-Mar-2014, 129.86, $1346.25, 96.370850, 129.73925449, 129.990, $129.85, -0.1076%, 6983581, 26129003.57, 812.70, 35159337967.62
12-Mar-2014, 131.76, $1366.00, 96.370460, 131.64204732, 131.712, $131.78, 0.0513%, 10291933, 26080818.34, 811.20, 35609173800.82
13-Mar-2014, 132.21, $1368.75, 96.369500, 131.90574873, 132.045, $132.19, 0.1094%, 7483662, 26148276.99, 813.30, 35772839054.92
14-Mar-2014, 133.10, $1385.00, 96.369000, 133.47106148, 133.365, $133.11, -0.1912%, 11043421, 26254282.89, 816.59, 36344170039.86
17-Mar-2014, 131.64, $1378.50, 96.365590, 132.83997141, 131.722, $131.64, -0.0623%, 12439652, 26131551.33, 812.78, 36012916248.53
18-Mar-2014, 130.62, $1355.75, 96.364110, 130.6456485, 130.646, $130.59, -0.0426%, 5977026, 26131551.33, 812.78, 35418035308.77
19-Mar-2014, 128.09, $1338.00, 96.362700, 128.93329846, 128.119, $128.07, -0.0383%, 11798758, 26131551.33, 812.78, 34953817213.00
20-Mar-2014, 127.86, $1327.00, 96.361420, 127.87159809, 127.968, $127.89, -0.0609%, 6975505, 26131551.33, 812.78, 34665990242.99
21-Mar-2014, 128.43, $1336.00, 96.360560, 128.73770465, 128.632, $128.46, -0.1335%, 6071295, 26266456.11, 816.97, 35081024517.72
24-Mar-2014, 126.18, $1310.75, 96.356770, 126.29963463, 126.073, $126.19, 0.0926%, 11059848, 26410991.27, 821.47, 34606099887.50
25-Mar-2014, 126.41, $1313.50, 96.355780, 126.56332145, 126.316, $126.40, 0.0668%, 5107934, 26324271.06, 818.77, 34564443087.27
26-Mar-2014, 125.41, $1304.00, 96.354470, 125.64623386, 125.670, $125.39, -0.2231%, 7681683, 26266458.38, 816.97, 34238598727.03
27-Mar-2014, 124.59, $1296.00, 96.353190, 124.87373998, 124.406, $124.58, 0.1395%, 6620784, 26266458.38, 816.97, 34028094145.30
28-Mar-2014, 124.56, $1294.75, 96.352100, 124.75188448, 124.800, $124.57, -0.1843%, 6811420, 26266458.38, 816.97, 33994888521.51
31-Mar-2014, 123.61, $1291.75, 96.348840, 124.45861425, 123.736, $123.63, -0.0857%, 12363786, 26141204.89, 813.08, 33753176183.71
01-Apr-2014, 123.39, $1283.75, 96.347520, 123.68613179, 123.315, $123.40, 0.0688%, 5423525, 26073761.63, 810.98, 33457098648.44
02-Apr-2014, 124.32, $1292.00, 96.346740, 124.47999324, 124.311, $124.32, 0.0069%, 4375154, 26073761.63, 810.98, 33671838171.35
03-Apr-2014, 123.92, $1284.00, 96.345410, 123.70750964, 123.987, $123.94, -0.0378%, 3298489, 26073761.63, 810.98, 33462881357.83
04-Apr-2014, 125.57, $1297.25, 96.344820, 124.98332051, 125.557, $125.58, 0.0187%, 6544864, 26015954.73, 809.18, 33732998206.14
07-Apr-2014, 124.91, $1299.00, 96.341720, 125.14789407, 124.897, $124.90, 0.0021%, 3611340, 26015954.73, 809.18, 33777416610.08
08-Apr-2014, 126.09, $1309.50, 96.341060, 126.15861792, 126.067, $126.08, 0.0102%, 6938407, 25929247.78, 806.48, 33936668221.43
09-Apr-2014, 126.32, $1301.75, 96.339710, 125.41021132, 126.277, $126.34, 0.0497%, 4661293, 25929247.78, 806.48, 33735346844.65
10-Apr-2014, 127.00, $1320.50, 96.339380, 127.2161532, 126.985, $127.01, 0.0197%, 4608696, 25920818.80, 806.22, 34221145210.15
11-Apr-2014, 126.93, $1318.00, 96.338290, 126.97386188, 126.984, $126.94, -0.0343%, 3783741, 25863015.83, 804.42, 34079784527.33
14-Apr-2014, 127.85, $1325.75, 96.335260, 127.71646902, 127.856, $127.84, -0.0126%, 6679670, 25920816.99, 806.22, 34355730167.00
15-Apr-2014, 125.49, $1298.00, 96.333680, 125.04111107, 125.497, $125.51, 0.0105%, 8824010, 25940083.72, 806.82, 33661067100.58
16-Apr-2014, 125.54, $1301.50, 96.332690, 125.3769967, 125.481, $125.56, 0.0629%, 3741974, 25670352.19, 798.43, 33400431921.35
17-Apr-2014, 124.75, $1299.00, 96.331580, 125.13472491, 124.764, $124.75, -0.0111%, 4888255, 25564387.45, 795.14, 33198242517.36
18-Apr-2014, HOLIDAY, HOLIDAY, HOLIDAY, HOLIDAY, HOLIDAY, HOLIDAY, HOLIDAY, HOLIDAY, HOLIDAY, HOLIDAY, HOLIDAY
21-Apr-2014, 124.24, $1299.00, 96.327360, 125.12923963, 124.243, $124.26, 0.0137%, 6200182, 25468060.09, 792.14, 33071658035.22
22-Apr-2014, 123.78, $1286.75, 96.325990, 123.9474661, 123.793, $123.77, -0.0189%, 6314525, 25468060.09, 792.14, 32759315288.97
23-Apr-2014, 123.76, $1285.25, 96.324890, 123.80156871, 123.761, $123.75, -0.0090%, 3394327, 25468060.09, 792.14, 32720754611.29
24-Apr-2014, 124.56, $1291.50, 96.324010, 124.40245804, 124.600, $124.55, -0.0401%, 8249089, 25468060.09, 792.14, 32879569658.87
25-Apr-2014, 125.43, $1301.25, 96.323230, 125.34059856, 125.379, $125.45, 0.0565%, 7212372, 25468060.09, 792.14, 33127520199.46
28-Apr-2014, 124.88, $1299.00, 96.319990, 125.11966924, 124.959, $124.88, -0.0631%, 4387208, 25468060.09, 792.14, 33069128580.22
29-Apr-2014, 124.86, $1297.75, 96.318900, 124.99784886, 124.873, $124.85, -0.0181%, 4933425, 25468060.09, 792.14, 33036931452.56
30-Apr-2014, 124.22, $1288.50, 96.317540, 124.10515489, 124.389, $124.24, -0.1200%, 7254105, 25333215.54, 787.94, 32627245219.45
01-May-2014, 123.80, $1278.50, 96.316150, 123.14019887, 123.790, $123.78, -0.0083%, 6672066, 25256162.62, 785.55, 32275046123.27
02-May-2014, 125.06, $1281.25, 96.315190, 123.40383866, 125.041, $125.05, 0.0070%, 9907065, 25169478.95, 782.85, 32233082656.69
05-May-2014, 126.22, $1281.25, 96.312020, 123.39978159, 126.125, $126.25, 0.0988%, 4527231, 25169478.95, 782.85, 32232022950.52
06-May-2014, 125.98, $1306.25, 96.311910, 125.8074265, 125.937, $125.97, 0.0258%, 3284539, 25169478.95, 782.85, 32860899800.77
07-May-2014, 124.17, $1296.00, 96.310460, 124.81835892, 124.188, $124.19, 0.0020%, 7541093, 25169478.95, 782.85, 32602555349.37
08-May-2014, 124.17, $1287.00, 96.309050, 123.94975204, 124.166, $124.16, -0.0052%, 3500977, 25169478.95, 782.85, 32375675233.06
09-May-2014, 124.10, $1291.25, 96.308170, 124.35792322, 124.194, $124.13, -0.0517%, 2823068, 25169478.95, 782.85, 32482289544.38
12-May-2014, 124.94, $1298.75, 96.305320, 125.07653395, 124.749, $124.92, 0.1370%, 3475975, 25092434.69, 780.46, 32569929441.09
13-May-2014, 124.60, $1296.50, 96.304170, 124.85835311, 124.642, $124.59, -0.0415%, 2184067, 25092434.69, 780.46, 32513115151.01
14-May-2014, 125.81, $1305.25, 96.303490, 125.70013533, 125.792, $125.79, -0.0013%, 3300005, 25092434.69, 780.46, 32732315240.31
15-May-2014, 124.77, $1299.00, 96.302160, 125.09650742, 124.817, $124.79, -0.0218%, 5858698, 25150215.99, 782.25, 32650188435.37
16-May-2014, 124.50, $1291.50, 96.300760, 124.37243706, 124.536, $124.52, -0.0130%, 3475010, 25141595.87, 781.98, 32461206072.33
19-May-2014, 124.58, $1302.00, 96.297830, 125.37978057, 124.633, $124.58, -0.0429%, 3628005, 25141595.87, 781.98, 32724122729.96
20-May-2014, 124.69, $1295.50, 96.296630, 124.75228171, 124.670, $124.68, 0.0077%, 3581711, 25083817.90, 780.19, 32485494156.66
21-May-2014, 124.39, $1287.25, 96.295370, 123.95621706, 124.365, $124.38, 0.0117%, 6824830, 24977892.99, 776.89, 32141847084.94
22-May-2014, 124.68, $1298.50, 96.294600, 125.03853861, 124.668, $124.68, 0.0098%, 3221150, 24977892.99, 776.89, 32422493062.16
23-May-2014, 124.51, $1291.50, 96.293360, 124.36287857, 124.507, $124.50, -0.0059%, 1919996, 24977892.99, 776.89, 32247294412.37
26-May-2014, HOLIDAY, HOLIDAY, HOLIDAY, HOLIDAY, HOLIDAY, HOLIDAY, HOLIDAY, HOLIDAY, HOLIDAY, HOLIDAY, HOLIDAY
27-May-2014, 121.85, $1275.50, 96.288670, 122.81619345, 121.863, $121.87, 0.0058%, 10889671, 25247501.26, 785.28, 32190124303.48
28-May-2014, 121.20, $1263.50, 96.287240, 121.65892728, 121.192, $121.21, 0.0149%, 6293600, 25247501.26, 785.28, 31886804840.05
29-May-2014, 120.94, $1255.00, 96.285910, 120.83881719, 120.964, $120.94, -0.0198%, 5223417, 25247501.26, 785.28, 31671853986.70
30-May-2014, 120.43, $1250.50, 96.284700, 120.40402284, 120.404, $120.45, 0.0382%, 7566168, 25247501.26, 785.28, 31557894387.28
02-Jun-2014, 119.70, $1247.25, 96.281420, 120.08700267, 119.726, $119.72, -0.0050%, 5140005, 25247501.26, 785.28, 31474803398.94
03-Jun-2014, 120.01, $1242.75, 96.280200, 119.65221656, 119.989, $120.02, 0.0257%, 4615505, 25305269.38, 787.08, 31432637290.13
04-Jun-2014, 119.76, $1245.25, 96.279240, 119.89172175, 119.723, $119.75, 0.0224%, 3597844, 25305269.38, 787.08, 31495555303.04
05-Jun-2014, 120.66, $1252.50, 96.278460, 120.58877556, 120.685, $120.66, -0.0208%, 3841343, 25305269.38, 787.08, 31678671338.73
06-Jun-2014, 120.61, $1247.50, 96.277210, 120.10582115, 120.587, $120.62, 0.0272%, 4476796, 25305269.38, 787.08, 31551799214.89
09-Jun-2014, 120.65, $1253.50, 96.274300, 120.67983197, 120.680, $120.67, -0.0081%, 2146048, 25305269.38, 787.08, 31702591859.22
10-Jun-2014, 121.39, $1259.50, 96.273500, 121.25646892, 121.382, $121.38, -0.0013%, 3084299, 25305269.38, 787.08, 31854074385.95
11-Jun-2014, 121.41, $1262.00, 96.272550, 121.49595653, 121.332, $121.40, 0.0558%, 3272082, 25305269.38, 787.08, 31916987780.37
12-Jun-2014, 122.64, $1265.75, 96.271660, 121.85584974, 122.689, $122.63, -0.0478%, 6598654, 25305269.38, 787.08, 32011531725.42
13-Jun-2014, 122.96, $1273.00, 96.270920, 122.55288202, 122.938, $122.93, -0.0065%, 3498176, 25305269.38, 787.08, 32194642106.58
16-Jun-2014, 122.42, $1276.25, 96.267910, 122.86191428, 122.395, $122.44, 0.0367%, 5333144, 25170494.31, 782.88, 32103818200.22
17-Jun-2014, 122.28, $1267.50, 96.266440, 122.01770749, 122.297, $122.28, -0.0138%, 3765664, 25162030.61, 782.62, 31883226965.94
18-Jun-2014, 122.67, $1269.75, 96.265430, 122.23303295, 122.700, $122.66, -0.0325%, 4190810, 25162030.61, 782.62, 31939491509.16
19-Jun-2014, 126.94, $1293.00, 96.264920, 124.47054071, 126.877, $126.93, 0.0416%, 21744427, 25162030.61, 782.62, 32524152287.90
20-Jun-2014, 126.50, $1312.50, 96.264320, 126.34691955, 126.578, $126.51, -0.0537%, 8652177, 25162030.61, 782.62, 33014450078.66
23-Jun-2014, 126.85, $1313.50, 96.261180, 126.43906023, 126.814, $126.85, 0.0280%, 4650816, 25239039.56, 785.02, 33139677686.77
24-Jun-2014, 126.98, $1318.50, 96.260260, 126.91914661, 126.987, $126.98, -0.0051%, 5850674, 25239039.56, 785.02, 33265508327.05
25-Jun-2014, 126.99, $1316.75, 96.259150, 126.74924051, 126.995, $126.98, -0.0116%, 6502612, 25239039.56, 785.02, 33220975938.35
26-Jun-2014, 126.73, $1311.75, 96.257960, 126.26637947, 126.704, $126.71, 0.0045%, 5245104, 25239039.56, 785.02, 33094418058.03
27-Jun-2014, 126.66, $1317.50, 96.257070, 126.81868854, 126.679, $126.67, -0.0072%, 4069330, 25239039.56, 785.02, 33239178266.51
30-Jun-2014, 128.04, $1315.00, 96.253830, 126.57378322, 127.748, $128.01, 0.2050%, 18081846, 25421921.83, 790.70, 33415478770.44
01-Jul-2014, 127.70, $1327.50, 96.253160, 127.77607238, 127.747, $127.71, -0.0291%, 7936219, 25604802.84, 796.39, 33975657646.67
02-Jul-2014, 127.70, $1326.50, 96.252080, 127.67837829, 127.669, $127.70, 0.0245%, 5495297, 25604802.84, 796.39, 33949680788.46
03-Jul-2014, 127.00, $1317.50, 96.250730, 126.81033485, 127.012, $127.04, 0.0217%, 5048162, 25604802.84, 796.39, 33718868037.04
04-Jul-2014, HOLIDAY, HOLIDAY, HOLIDAY, HOLIDAY, HOLIDAY, HOLIDAY, HOLIDAY, HOLIDAY, HOLIDAY, HOLIDAY, HOLIDAY
07-Jul-2014, 127.02, $1313.00, 96.246340, 126.37144847, 126.983, $127.02, 0.0294%, 4068239, 25662550.64, 798.19, 33677991017.45
08-Jul-2014, 127.07, $1323.00, 96.245650, 127.3330005, 127.011, $127.06, 0.0389%, 6210906, 25729922.60, 800.28, 34023377734.11
09-Jul-2014, 127.84, $1322.80, 96.244590, 127.30753168, 127.765, $127.83, 0.0511%, 8051630, 25729922.60, 800.28, 34016572465.01
10-Jul-2014, 128.54, $1340.30, 96.244190, 128.99127392, 128.573, $128.56, -0.0098%, 6080968, 25722320.36, 800.05, 34466468391.56
11-Jul-2014, 128.78, $1335.00, 96.243050, 128.48446847, 128.725, $128.75, 0.0194%, 4117806, 25722320.36, 800.05, 34331049974.87
14-Jul-2014, 125.72, $1306.00, 96.239320, 125.68855602, 125.775, $125.73, -0.0359%, 10601188, 26001414.39, 808.73, 33948478980.04
15-Jul-2014, 124.53, $1310.00, 96.238350, 126.07223791, 124.590, $124.53, -0.0483%, 9842091, 26001414.39, 808.73, 34052111459.68
16-Jul-2014, 124.97, $1301.00, 96.237100, 125.20447288, 124.916, $124.96, 0.0354%, 3822996, 25914801.00, 806.03, 33705044100.49
17-Jul-2014, 127.07, $1302.50, 96.236080, 125.34749818, 127.032, $127.07, 0.0302%, 10868957, 25828188.53, 803.34, 33630733760.86
18-Jul-2014, 126.13, $1307.25, 96.235140, 125.80338337, 126.087, $126.16, 0.0577%, 5642841, 25885929.61, 805.14, 33828529787.97
21-Jul-2014, 126.34, $1311.50, 96.232080, 126.20837347, 126.353, $126.35, -0.0022%, 3182179, 25828190.36, 803.34, 33861706600.76
22-Jul-2014, 125.74, $1310.25, 96.230990, 126.08665907, 125.697, $125.73, 0.0263%, 3695260, 25876305.86, 804.84, 33892093956.73
23-Jul-2014, 125.62, $1308.00, 96.229880, 125.86868113, 125.570, $125.63, 0.0475%, 3075787, 25895551.83, 805.44, 33858675223.01
24-Jul-2014, 124.35, $1292.75, 96.228400, 124.39926144, 124.375, $124.37, -0.0042%, 7642514, 25780077.75, 801.84, 33314122214.38
25-Jul-2014, 125.79, $1294.75, 96.227400, 124.59042837, 125.793, $125.80, 0.0054%, 5289495, 25780077.75, 801.84, 33365316718.58
28-Jul-2014, 125.58, $1304.50, 96.224540, 125.52491707, 125.602, $125.60, -0.0015%, 3058265, 25780077.75, 801.84, 33615572792.20
29-Jul-2014, 125.20, $1299.25, 96.223320, 125.01814965, 125.158, $125.19, 0.0258%, 5106623, 25780077.75, 801.84, 33479860477.40
30-Jul-2014, 124.83, $1294.50, 96.222110, 124.55952034, 124.781, $124.85, 0.0554%, 5178893, 25780077.75, 801.84, 33357039547.45
31-Jul-2014, 123.39, $1285.25, 96.220740, 123.66770308, 123.538, $123.39, -0.1196%, 8632094, 25780077.75, 801.84, 33118210884.97
01-Aug-2014, 124.39, $1291.25, 96.219890, 124.24393845, 124.475, $124.40, -0.0601%, 6854486, 25780077.75, 801.84, 33272526717.06
04-Aug-2014, 123.99, $1290.50, 96.216700, 124.16765494, 123.970, $124.01, 0.0319%, 6496247, 25722347.73, 800.05, 33177597400.53
05-Aug-2014, 123.87, $1284.75, 96.215430, 123.61276921, 123.954, $123.90, -0.0438%, 7305535, 25722347.73, 800.05, 33029331931.80
06-Aug-2014, 125.67, $1306.50, 96.215220, 125.705183, 125.715, $125.73, 0.0121%, 8752486, 25645375.56, 797.65, 33487860750.71
07-Aug-2014, 126.18, $1305.25, 96.214120, 125.58347369, 126.194, $126.21, 0.0123%, 6999493, 25645375.56, 797.65, 33455437392.32
08-Aug-2014, 126.19, $1309.75, 96.213240, 126.0152916, 126.174, $126.19, 0.0126%, 5735520, 25587647.61, 795.86, 33494864508.05
11-Aug-2014, 125.96, $1307.25, 96.209970, 125.77048496, 125.905, $125.98, 0.0594%, 3070873, 25587647.61, 795.86, 33429794901.07
12-Aug-2014, 125.99, $1315.75, 96.209280, 126.58736331, 125.996, $126.00, 0.0034%, 4386517, 25587647.61, 795.86, 33646921168.37
13-Aug-2014, 126.20, $1312.00, 96.208060, 126.22498047, 126.215, $126.19, -0.0201%, 3678567, 25579227.46, 795.60, 33550599807.99
14-Aug-2014, 126.31, $1313.50, 96.207040, 126.3679479, 126.339, $126.31, -0.0230%, 3186311, 25579227.46, 795.60, 33588600550.89
15-Aug-2014, 125.48, $1296.00, 96.205610, 124.68247134, 125.510, $125.50, -0.0078%, 12576726, 25579227.46, 795.60, 33140600881.70
18-Aug-2014, 124.96, $1296.75, 96.202470, 124.75054761, 124.929, $124.97, 0.0332%, 4809236, 25646569.19, 797.69, 33246020937.08
19-Aug-2014, 124.68, $1296.50, 96.201410, 124.72512206, 124.701, $124.69, -0.0089%, 5023156, 25694669.89, 799.19, 33301607589.12
20-Aug-2014, 124.22, $1295.00, 96.200310, 124.57940471, 124.219, $124.23, 0.0091%, 4228160, 25723529.99, 800.08, 33300074877.98
21-Aug-2014, 122.88, $1275.25, 96.198730, 122.67742535, 122.903, $122.90, -0.0028%, 7458496, 25723529.99, 800.08, 32791675795.99
22-Aug-2014, 123.19, $1277.25, 96.197730, 122.86854819, 123.239, $123.21, -0.0235%, 4535034, 25723529.99, 800.08, 32842762931.32
25-Aug-2014, 122.74, $1277.25, 96.194570, 122.8645087, 122.764, $122.75, -0.0110%, 4754204, 25627335.42, 797.09, 32718818666.55
26-Aug-2014, 123.35, $1286.00, 96.193790, 123.70520777, 123.378, $123.36, -0.0147%, 3726817, 25579238.52, 795.60, 32880844224.67
27-Aug-2014, 123.33, $1282.75, 96.192630, 123.39109207, 123.367, $123.32, -0.0381%, 2705363, 25579238.52, 795.60, 32797352272.48
28-Aug-2014, 124.00, $1292.00, 96.191880, 124.27990298, 124.049, $124.02, -0.0234%, 3027713, 25579238.52, 795.60, 33033598212.81
29-Aug-2014, 123.86, $1285.75, 96.190610, 123.67707943, 123.855, $123.85, -0.0041%, 3682647, 25560000.40, 795.00, 32848632296.66
01-Sep-2014, HOLIDAY, HOLIDAY, HOLIDAY, HOLIDAY, HOLIDAY, HOLIDAY, HOLIDAY, HOLIDAY, HOLIDAY, HOLIDAY, HOLIDAY
02-Sep-2014, 121.65, $1267.00, 96.185690, 121.8672719, 121.742, $121.68, -0.0511%, 9172912, 25502288.99, 793.20, 32294827053.25
03-Sep-2014, 122.15, $1265.50, 96.184580, 121.72158537, 122.135, $122.14, 0.0039%, 3241928, 25415722.86, 790.51, 32146670695.68
04-Sep-2014, 121.48, $1271.50, 96.183760, 122.29765649, 121.446, $121.47, 0.0194%, 7033052, 25261828.85, 785.72, 32103134828.06
05-Sep-2014, 122.06, $1266.00, 96.182490, 121.76702658, 122.022, $122.03, 0.0066%, 3480324, 25261828.85, 785.72, 31963844476.84
08-Sep-2014, 120.73, $1259.00, 96.179020, 121.08938194, 120.753, $120.77, 0.0143%, 7011841, 25261828.85, 785.72, 31785962758.21
09-Sep-2014, 120.87, $1255.75, 96.177820, 120.77529286, 120.862, $120.86, -0.0015%, 5981094, 25261828.85, 785.72, 31703514374.88
10-Sep-2014, 120.26, $1251.00, 96.176540, 120.31685548, 120.240, $120.28, 0.0333%, 6795288, 25358005.39, 788.72, 31703491418.63
11-Sep-2014, 119.47, $1241.25, 96.175030, 119.3772529, 119.440, $119.48, 0.0337%, 7461368, 25347990.48, 788.40, 31455906140.06
12-Sep-2014, 118.38, $1231.50, 96.173800, 118.43803119, 118.332, $118.37, 0.0319%, 7554959, 25347990.48, 788.40, 31208421219.03
15-Sep-2014, 118.64, $1234.25, 96.170690, 118.69867708, 118.665, $118.65, -0.0127%, 4454782, 25347990.48, 788.40, 31277101409.89
16-Sep-2014, 118.83, $1232.25, 96.169600, 118.50498373, 118.818, $118.81, -0.0063%, 6386131, 25213353.04, 784.22, 31060156236.32
17-Sep-2014, 117.54, $1236.00, 96.168630, 118.86442155, 117.576, $117.55, -0.0219%, 8119583, 25213353.04, 784.22, 31154364888.78
18-Sep-2014, 117.78, $1220.50, 96.167210, 117.37207471, 117.814, $117.78, -0.0292%, 5135816, 25213353.04, 784.22, 30763220781.78
19-Sep-2014, 117.09, $1219.75, 96.166130, 117.29864118, 117.073, $117.10, 0.0234%, 10887356, 24963321.10, 776.44, 30438997386.66
22-Sep-2014, 116.85, $1213.50, 96.162800, 116.69355536, 116.857, $116.86, 0.0025%, 7417384, 24905623.42, 774.65, 30211961481.73
23-Sep-2014, 117.60, $1222.00, 96.161990, 117.50994928, 117.596, $117.59, -0.0055%, 4493555, 24867158.63, 773.45, 30376321890.12
24-Sep-2014, 117.05, $1217.25, 96.160790, 117.05172646, 117.047, $117.05, 0.0026%, 5584808, 24867158.63, 773.45, 30257871289.91
25-Sep-2014, 117.39, $1213.75, 96.159630, 116.71375472, 117.430, $117.40, -0.0257%, 7408266, 24867158.63, 773.45, 30170505595.43
26-Sep-2014, 117.06, $1213.75, 96.158580, 116.71247567, 117.063, $117.08, 0.0141%, 3995241, 24828695.19, 772.25, 30123489969.15
29-Sep-2014, 117.03, $1219.50, 96.155610, 117.26177083, 117.002, $117.00, -0.0018%, 3445258, 24828695.19, 772.25, 30265263051.51
30-Sep-2014, 116.21, $1216.50, 96.154460, 116.97189502, 116.251, $116.22, -0.0264%, 9784405, 24751771.63, 769.86, 30096868587.62
01-Oct-2014, 116.77, $1216.50, 96.153400, 116.97061313, 116.802, $116.79, -0.0106%, 7009230, 24713310.27, 768.66, 30049750514.50
02-Oct-2014, 116.74, $1211.75, 96.152170, 116.51239496, 116.690, $116.73, 0.0340%, 6109966, 24674849.40, 767.47, 29885429308.05
03-Oct-2014, 114.61, $1195.00, 96.150470, 114.89981520, 114.592, $114.60, 0.0069%, 10923342, 24674849.40, 767.47, 29471803318.43
06-Oct-2014, 116.03, $1195.75, 96.147350, 114.96818841, 116.059, $116.05, -0.0082%, 7301796, 24674849.40, 767.47, 29489340327.29
07-Oct-2014, 116.36, $1210.50, 96.146910, 116.38583702, 116.395, $116.37, -0.0219%, 5085992, 24674849.40, 767.47, 29852967196.51
08-Oct-2014, 117.49, $1217.00, 96.146130, 117.00984329, 117.500, $117.47, -0.0257%, 10188099, 24501786.36, 762.08, 29802407091.76
09-Oct-2014, 117.64, $1226.75, 96.145500, 117.94648720, 117.663, $117.65, -0.0109%, 6253842, 24501786.36, 762.08, 30040970289.11
10-Oct-2014, 117.59, $1219.00, 96.144100, 117.19966356, 117.680, $117.60, -0.0683%, 4438246, 24416747.43, 759.44, 29756994583.34
13-Oct-2014, 118.52, $1229.00, 96.141150, 118.15746782, 118.523, $118.52, -0.0024%, 5393347, 24474432.12, 761.23, 30071075564.45
14-Oct-2014, 118.59, $1234.75, 96.140210, 118.70912558, 118.599, $118.58, -0.0157%, 5006647, 24474432.12, 761.23, 30211472460.90
15-Oct-2014, 118.99, $1237.50, 96.139220, 118.97228026, 118.987, $119.00, 0.0112%, 9270501, 24407134.67, 759.14, 30195164727.70
16-Oct-2014, 119.22, $1237.75, 96.138170, 118.99501788, 119.221, $119.19, -0.0260%, 6542336, 24464817.57, 760.93, 30272332550.53
17-Oct-2014, 118.99, $1234.25, 96.137030, 118.65713395, 118.998, $119.00, 0.0013%, 6091822, 24464817.57, 760.93, 30186374875.81
20-Oct-2014, 119.80, $1244.50, 96.134140, 119.63893117, 119.807, $119.80, -0.0060%, 2724077, 24176415.15, 751.96, 30077227278.24
21-Oct-2014, 120.02, $1250.25, 96.133230, 120.19057489, 120.027, $120.01, -0.0143%, 4145445, 24176415.15, 751.96, 30215910528.49
22-Oct-2014, 119.34, $1243.75, 96.132000, 119.56417828, 119.367, $119.35, -0.0143%, 3834033, 24109122.75, 749.87, 29974739496.38
23-Oct-2014, 118.52, $1232.75, 96.130630, 118.50504014, 118.539, $118.50, -0.0326%, 5728196, 24109122.75, 749.87, 29709213562.13
24-Oct-2014, 118.35, $1232.75, 96.129580, 118.50374145, 118.360, $118.36, 0.0004%, 3607576, 23964928.38, 745.39, 29531132372.08
27-Oct-2014, 118.06, $1228.75, 96.126290, 118.11517991, 117.904, $118.07, 0.1410%, 2197587, 23964928.38, 745.39, 29434302833.16
28-Oct-2014, 118.10, $1229.25, 96.125250, 118.16196869, 118.099, $118.11, 0.0089%, 2816495, 23907253.23, 743.59, 29375065420.20
29-Oct-2014, 116.41, $1223.50, 96.124000, 117.60771642, 116.522, $116.43, -0.0785%, 7835790, 23868803.63, 742.40, 29190235216.47
30-Oct-2014, 115.19, $1202.00, 96.122170, 115.53884637, 115.231, $115.20, -0.0271%, 7136013, 23830354.76, 741.20, 28630526129.95
31-Oct-2014, 112.66, $1164.25, 96.119640, 111.90728950, 112.748, $112.64, -0.0961%, 16757315, 23830354.76, 741.20, 27730626336.99
03-Nov-2014, 112.15, $1167.75, 96.116630, 112.24019364, 112.130, $112.17, 0.0360%, 6397709, 23830654.76, 741.21, 27813120282.80
04-Nov-2014, 112.22, $1166.50, 96.115520, 112.11875652, 112.191, $112.21, 0.0171%, 5974426, 23753762.35, 738.82, 27693332861.20
05-Nov-2014, 109.79, $1142.00, 96.113350, 109.76144098, 109.752, $109.81, 0.0530%, 12117376, 23657349.00, 735.82, 27001314477.05
06-Nov-2014, 109.88, $1145.00, 96.112440, 110.04873919, 109.943, $109.89, -0.0482%, 6361446, 23561236.56, 732.83, 26961941097.64
07-Nov-2014, 112.97, $1154.50, 96.111840, 110.96112212, 112.999, $112.95, -0.0431%, 9168874, 23378624.06, 727.15, 26974648792.04
10-Nov-2014, 110.46, $1162.00, 96.109060, 111.67873189, 110.376, $110.44, 0.0576%, 7565037, 23320958.63, 725.36, 27082092486.31
11-Nov-2014, 112.04, $1156.50, 96.107730, 111.14858486, 112.062, $112.06, -0.0014%, 8011747, 23292126.31, 724.46, 26920187252.53
12-Nov-2014, 111.50, $1164.50, 96.107090, 111.91671018, 111.518, $111.51, -0.0070%, 4564800, 23234462.05, 722.67, 27039077181.41
13-Nov-2014, 111.67, $1161.75, 96.105890, 111.65102149, 111.637, $111.68, 0.0389%, 4499920, 23168508.44, 720.62, 26907896181.70
14-Nov-2014, 114.47, $1169.00, 96.105020, 112.34676824, 114.461, $114.46, -0.0009%, 13318601, 23168508.44, 720.62, 27075571146.07
17-Nov-2014, 114.05, $1182.50, 96.102230, 113.64088148, 114.064, $114.03, -0.0296%, 4982472, 23245390.23, 723.01, 27478365145.94
18-Nov-2014, 115.05, $1192.75, 96.101450, 114.62500683, 114.985, $115.04, 0.0475%, 5021275, 23245390.23, 723.01, 27716326651.85
19-Nov-2014, 113.68, $1196.00, 96.100490, 114.93618528, 113.668, $113.70, 0.0285%, 11252491, 23178119.88, 720.91, 27711114271.38
20-Nov-2014, 114.86, $1190.00, 96.099260, 114.35812274, 114.858, $114.85, -0.0068%, 5093330, 23178119.88, 720.91, 27571743392.68
21-Nov-2014, 115.39, $1203.75, 96.098620, 115.67870963, 115.376, $115.40, 0.0208%, 6253478, 23178119.88, 720.91, 27890136892.38
24-Nov-2014, 115.11, $1197.50, 96.095260, 115.07407011, 115.113, $115.12, 0.0065%, 4403970, 23178119.88, 720.91, 27744358304.69
25-Nov-2014, 115.38, $1199.00, 96.094250, 115.21700977, 115.294, $115.37, 0.0660%, 8378865, 23178119.88, 720.91, 27778821055.75
26-Nov-2014, 115.16, $1197.50, 96.093150, 115.07154638, 115.144, $115.15, 0.0055%, 3181169, 23110854.68, 718.82, 27663199748.52
27-Nov-2014, HOLIDAY, HOLIDAY, HOLIDAY, HOLIDAY, HOLIDAY, HOLIDAY, HOLIDAY, HOLIDAY, HOLIDAY, HOLIDAY, HOLIDAY
28-Nov-2014, 112.11, $1182.75, 96.090510, 113.65105142, 112.181, $112.10, -0.0721%, 9604771, 23072418.47, 717.63, 27276252340.55
01-Dec-2014, 116.62, $1194.00, 96.087790, 114.72882275, 116.612, $116.57, -0.0361%, 13651226, 23072418.47, 717.63, 27534917460.17
02-Dec-2014, 115.14, $1195.00, 96.086780, 114.82369947, 115.112, $115.16, 0.0417%, 6363382, 23149287.90, 720.02, 27649546834.95
03-Dec-2014, 116.33, $1204.75, 96.086110, 115.75974630, 116.341, $116.33, -0.0095%, 5119137, 23149287.90, 720.02, 27874946909.74
04-Dec-2014, 115.88, $1209.00, 96.085230, 116.16704662, 115.922, $115.89, -0.0276%, 3355388, 23149287.90, 720.02, 27973024826.24
05-Dec-2014, 114.43, $1194.00, 96.083560, 114.72376561, 114.484, $114.43, -0.0468%, 5251967, 23178112.97, 720.91, 27659899890.63
08-Dec-2014, 115.78, $1193.00, 96.080350, 114.62386012, 115.815, $115.78, -0.0304%, 5216071, 23120464.76, 719.12, 27567038360.54
09-Dec-2014, 118.19, $1227.00, 96.080810, 117.89115777, 118.160, $118.17, 0.0083%, 10463224, 23206937.49, 721.81, 28458925481.46
10-Dec-2014, 117.95, $1229.00, 96.079850, 118.08213326, 118.034, $117.97, -0.0543%, 4121157, 23303017.34, 724.80, 28623109104.79
11-Dec-2014, 117.69, $1216.25, 96.078220, 116.85513701, 117.696, $117.71, 0.0120%, 4712142, 23333519.88, 725.75, 28372427265.93
12-Dec-2014, 117.41, $1217.00, 96.077180, 116.92593197, 117.464, $117.39, -0.0630%, 4657985, 23333519.88, 725.75, 28389616283.35
15-Dec-2014, 114.42, $1209.25, 96.073850, 116.17730700, 114.501, $114.39, -0.0968%, 8751585, 23256660.80, 723.36, 28114908296.51
16-Dec-2014, 114.95, $1202.50, 96.072640, 115.52735309, 114.980, $114.96, -0.0172%, 9168929, 23199017.22, 721.56, 27888303038.13
17-Dec-2014, 114.27, $1195.75, 96.071420, 114.87740581, 114.306, $114.26, -0.0400%, 8091401, 23199017.22, 721.56, 27731405762.77
18-Dec-2014, 115.15, $1199.00, 96.070450, 115.18847488, 115.179, $115.14, -0.0337%, 4661311, 23199017.22, 721.56, 27806497836.63
19-Dec-2014, 114.77, $1195.50, 96.069310, 114.85085931, 114.851, $114.82, -0.0269%, 4639359, 23295086.53, 724.55, 27839848297.58
22-Dec-2014, 112.55, $1195.25, 96.066140, 114.82305824, 112.638, $112.58, -0.0511%, 6385951, 23295086.53, 724.55, 27833109317.10
23-Dec-2014, 112.74, $1175.75, 96.064500, 112.94783452, 112.761, $112.76, -0.0005%, 7760476, 22920434.98, 712.90, 26938058527.69
24-Dec-2014, 112.77, $1175.75, 96.063490, 113.06672346, 112.884, $112.76, -0.1100%, 1492616, 22920434.98, 712.90, 26966413545.83
25-Dec-2014, HOLIDAY, HOLIDAY, HOLIDAY, HOLIDAY, HOLIDAY, HOLIDAY, HOLIDAY, HOLIDAY, HOLIDAY, HOLIDAY, HOLIDAY
26-Dec-2014, 114.83, $1175.75, 96.061380, 113.06424530, 114.832, $114.81, -0.0190%, 3705059, 22901222.70, 712.30, 26943209655.54
29-Dec-2014, 113.67, $1185.50, 96.058530, 113.87739035, 113.714, $113.69, -0.0212%, 11922684, 22901222.70, 712.30, 27136982120.78
30-Dec-2014, 115.20, $1206.00, 96.058230, 115.84622178, 115.155, $115.22, 0.0568%, 7977987, 22853193.59, 710.81, 27548231536.93
31-Dec-2014, 113.58, $1206.00, 96.056920, 115.19626691, 113.712, $113.57, -0.1250%, 7602791, 22795559.43, 709.02, 27324554515.52
01-Jan-2015, HOLIDAY, HOLIDAY, HOLIDAY, HOLIDAY, HOLIDAY, HOLIDAY, HOLIDAY, HOLIDAY, HOLIDAY, HOLIDAY, HOLIDAY
02-Jan-2015, 114.08, $1172.00, 96.053730, 112.57497233, 114.016, $114.07, 0.0476%, 6711056, 22795559.43, 709.02, 26702783437.36
05-Jan-2015, 115.80, $1200.00, 96.051760, 115.26211727, 115.742, $115.85, 0.0930%, 8170353, 22853190.49, 710.81, 27409331483.77
06-Jan-2015, 117.12, $1210.25, 96.051140, 116.24589463, 117.077, $117.10, 0.0199%, 11232282, 22757139.35, 707.82, 27527027850.79
07-Jan-2015, 116.43, $1210.50, 96.050100, 116.26864615, 116.451, $116.44, -0.0096%, 6430296, 22661089.25, 704.83, 27416146761.15
08-Jan-2015, 115.94, $1215.50, 96.049270, 116.74788174, 115.970, $115.95, -0.0171%, 6075677, 22661089.25, 704.83, 27529150514.78
09-Jan-2015, 117.26, $1217.75, 96.048310, 116.96283171, 117.256, $117.28, 0.0207%, 7081171, 22757137.56, 707.82, 27696798547.01
12-Jan-2015, 118.56, $1226.50, 96.045560, 117.79987647, 118.549, $118.53, -0.0161%, 7204953, 22757137.56, 707.82, 27895010748.75
13-Jan-2015, 118.16, $1231.50, 96.044740, 118.27909413, 118.183, $118.18, -0.0026%, 7025916, 22757137.56, 707.82, 28008489490.84
14-Jan-2015, 117.97, $1235.00, 96.043850, 118.61415396, 117.999, $117.94, -0.0504%, 6430290, 22749770.73, 707.59, 28087831657.08
15-Jan-2015, 120.94, $1259.00, 96.043330, 120.91854881, 120.890, $120.95, 0.0498%, 15812974, 23057109.38, 717.15, 29020451727.05
16-Jan-2015, 122.52, $1277.50, 96.042680, 122.69452310, 122.483, $122.54, 0.0463%, 14420996, 23498905.71, 730.89, 30011080352.69
19-Jan-2015, HOLIDAY, HOLIDAY, HOLIDAY, HOLIDAY, HOLIDAY, HOLIDAY, HOLIDAY, HOLIDAY, HOLIDAY, HOLIDAY, HOLIDAY
20-Jan-2015, 124.20, $1288.75, 96.038750, 123.76993286, 124.140, $124.18, 0.0325%, 14960939, 23863852.96, 742.24, 30744451346.36
21-Jan-2015, 124.23, $1293.50, 96.037810, 124.22490531, 124.215, $124.23, 0.0118%, 11080734, 23806230.27, 740.45, 30782931535.85
22-Jan-2015, 125.23, $1295.75, 96.036810, 124.43969984, 125.184, $125.20, 0.0128%, 10020344, 23806230.27, 740.45, 30836157619.78
23-Jan-2015, 124.23, $1294.75, 96.035730, 124.34226683, 124.241, $124.25, 0.0069%, 6264921, 23844644.57, 741.65, 30861750624.47
26-Jan-2015, 122.98, $1281.25, 96.032190, 123.04124427, 122.960, $122.99, 0.0247%, 6179633, 23902263.88, 743.44, 30612661574.81
27-Jan-2015, 124.40, $1288.50, 96.031350, 123.73639714, 124.361, $124.38, 0.0156%, 9568477, 24199961.07, 752.70, 31169198430.51
28-Jan-2015, 123.42, $1288.00, 96.030280, 123.68700676, 123.423, $123.43, 0.0057%, 8510219, 24199961.07, 752.70, 31156757002.32
29-Jan-2015, 120.76, $1268.75, 96.028630, 121.83632955, 120.742, $120.73, -0.0096%, 11221332, 24382415.46, 758.37, 30922060429.29
30-Jan-2015, 123.45, $1260.25, 96.027310, 121.01841331, 123.337, $123.47, 0.1074%, 14664799, 24382415.46, 758.37, 30714473297.21
02-Feb-2015, 122.42, $1272.50, 96.024580, 122.19127200, 122.393, $122.43, 0.0303%, 8882575, 24651284.29, 766.73, 31354280412.08
03-Feb-2015, 121.05, $1264.25, 96.023230, 121.39737310, 121.066, $121.07, 0.0032%, 7598299, 24593670.35, 764.94, 31077727515.78
04-Feb-2015, 121.58, $1268.50, 96.022330, 121.80433161, 121.588, $121.56, -0.0233%, 5383102, 24689692.68, 767.93, 31303713217.07
05-Feb-2015, 121.79, $1259.25, 96.020940, 120.91436968, 121.735, $121.81, 0.0613%, 6876799, 24862530.37, 773.31, 31292638871.86
06-Feb-2015, 118.64, $1241.00, 96.019190, 119.15981349, 118.603, $118.65, 0.0397%, 11441086, 24862530.37, 773.31, 30838559732.08
09-Feb-2015, 119.17, $1238.50, 96.015930, 118.91572731, 119.156, $119.16, 0.0036%, 4685502, 24862530.37, 773.31, 30775390227.97
10-Feb-2015, 118.47, $1234.50, 96.014710, 118.53015430, 118.501, $118.48, -0.0180%, 4085261, 24862530.37, 773.31, 30675603931.81
11-Feb-2015, 117.07, $1223.75, 96.013180, 117.49613017, 117.107, $117.08, -0.0233%, 6106249, 24862530.37, 773.31, 30407998488.34
12-Feb-2015, 117.34, $1222.50, 96.012070, 117.37475822, 117.365, $117.33, -0.0300%, 4342604, 24804923.13, 771.51, 30306162574.28
13-Feb-2015, 117.98, $1232.50, 96.011480, 118.33414781, 117.969, $117.96, -0.0079%, 3569423, 24700421.88, 768.26, 30435542815.78
16-Feb-2015, HOLIDAY, HOLIDAY, HOLIDAY, HOLIDAY, HOLIDAY, HOLIDAY, HOLIDAY, HOLIDAY, HOLIDAY, HOLIDAY, HOLIDAY
17-Feb-2015, 116.01, $1209.50, 96.006750, 116.12016360, 116.019, $116.03, 0.0092%, 7217091, 24700421.88, 768.26, 29866106079.20
18-Feb-2015, 116.34, $1206.00, 96.005610, 115.78276925, 116.272, $116.32, 0.0409%, 8320428, 24690821.32, 767.96, 29767749973.66
19-Feb-2015, 115.94, $1209.50, 96.004650, 116.11762225, 115.930, $115.96, 0.0255%, 6525849, 24738823.65, 769.46, 29911899491.43
20-Feb-2015, 115.28, $1208.25, 96.003560, 115.99630629, 115.358, $115.31, -0.0415%, 6679394, 24796425.78, 771.25, 29950246279.93
23-Feb-2015, 115.43, $1204.50, 96.000300, 115.63236269, 115.416, $115.44, 0.0205%, 4891839, 24796425.78, 771.25, 29856276047.44
24-Feb-2015, 115.26, $1192.50, 95.998890, 114.47867935, 115.237, $115.26, 0.0199%, 7634980, 24796425.78, 771.25, 29558395006.88
25-Feb-2015, 115.70, $1204.75, 95.998220, 115.65384960, 115.697, $115.67, -0.0234%, 4608826, 24796425.78, 771.25, 29861823966.27
26-Feb-2015, 116.07, $1208.25, 95.997270, 115.98870353, 116.022, $116.05, 0.0239%, 4092808, 24796425.78, 771.25, 29948283252.54
27-Feb-2015, 116.16, $1214.00, 95.996400, 116.53963183, 116.252, $116.19, -0.0530%, 6450281, 24796425.78, 771.25, 30090532937.92
02-Mar-2015, 115.68, $1212.50, 95.993190, 116.39174841, 115.701, $115.70, -0.0005%, 6977500, 24546843.49, 763.49, 29749730908.43
03-Mar-2015, 115.47, $1212.75, 95.992150, 116.41448172, 115.459, $115.51, 0.0439%, 4083419, 24460450.55, 760.80, 29650768495.67
04-Mar-2015, 115.11, $1199.50, 95.990610, 115.14073866, 115.131, $115.12, -0.0097%, 4409508, 24460450.55, 760.80, 29326346137.70
05-Mar-2015, 115.00, $1202.00, 95.989650, 115.37956501, 115.053, $115.04, -0.0115%, 4087856, 24460450.55, 760.80, 29387175209.32
06-Mar-2015, 111.86, $1175.75, 95.987560, 112.85737482, 111.893, $111.87, -0.0203%, 11182291, 24316469.21, 756.32, 28575487307.11
09-Mar-2015, 111.97, $1168.50, 95.984090, 112.15740671, 112.047, $111.99, -0.0509%, 5521960, 24210886.72, 753.04, 28274882229.44
10-Mar-2015, 111.42, $1162.00, 95.982740, 111.53194498, 111.494, $111.44, -0.0480%, 5521960, 24210886.72, 753.04, 28117203328.67
11-Mar-2015, 110.75, $1150.00, 95.981120, 110.37829329, 110.877, $110.77, -0.0969%, 6618492, 24210886.72, 753.04, 27826367738.26
12-Mar-2015, 110.72, $1152.25, 95.980180, 110.59316418, 110.713, $110.70, -0.0119%, 6626352, 24143700.59, 750.95, 27803121476.21
13-Mar-2015, 110.88, $1152.00, 95.979120, 110.56794322, 111.125, $110.89, -0.2111%, 4517410, 24134783.84, 750.67, 27796780925.45
16-Mar-2015, 110.81, $1150.75, 95.975940, 110.44430756, 110.833, $110.84, 0.0063%, 3057035, 24134783.84, 750.67, 27765698919.52
17-Mar-2015, 110.21, $1150.75, 95.974880, 110.44309721, 110.333, $110.21, -0.1112%, 8477022, 24048406.45, 747.98, 27665995854.05
18-Mar-2015, 112.37, $1147.25, 95.973750, 110.10588489, 112.059, $112.40, 0.3043%, 12408067, 24105990.70, 749.77, 27647587695.70
19-Mar-2015, 112.29, $1166.00, 95.973150, 111.90468770, 112.385, $112.30, -0.0752%, 6645042, 24105990.70, 749.77, 28099267080.77
20-Mar-2015, 113.57, $1183.10, 95.972500, 113.54506996, 113.497, $113.55, 0.0466%, 8030798, 23933240.20, 744.40, 28306785950.62
23-Mar-2015, 114.29, $1186.25, 95.969430, 113.84373930, 114.156, $114.27, 0.1002%, 4297098, 23933240.20, 744.40, 28381244207.20
24-Mar-2015, 114.57, $1191.50, 95.968520, 114.34649544, 114.514, $114.56, 0.0398%, 2972996, 23933240.20, 744.40, 28506581313.93
25-Mar-2015, 114.73, $1195.60, 95.967590, 114.73884526, 114.710, $114.75, 0.0348%, 3019777, 23894853.16, 743.21, 28558498582.27
26-Mar-2015, 115.48, $1203.15, 95.966750, 115.46239364, 115.621, $115.49, -0.1131%, 5492671, 23702919.66, 737.24, 28507664986.23
27-Mar-2015, 115.06, $1195.75, 95.965480, 114.75072049, 115.043, $115.04, -0.0030%, 4922482, 23702919.66, 737.24, 28331952890.16
30-Mar-2015, 113.75, $1185.50, 95.961990, 113.76293712, 113.734, $113.77, 0.0315%, 3667931, 23702919.66, 737.24, 28088069174.85
31-Mar-2015, 113.66, $1187.00, 95.960990, 113.90569198, 113.618, $113.67, 0.0459%, 3663183, 23702919.66, 737.24, 28123315350.27
01-Apr-2015, 115.60, $1197.00, 95.960280, 114.86445423, 115.560, $115.59, 0.0258%, 7565981, 23702919.66, 737.24, 28360033748.61
02-Apr-2015, 115.28, $1198.50, 95.959280, 115.00719702, 115.314, $115.28, -0.0297%, 7487100, 23702919.66, 737.24, 28395276943.58
03-Apr-2015, HOLIDAY, HOLIDAY, HOLIDAY, HOLIDAY, HOLIDAY, HOLIDAY, HOLIDAY, HOLIDAY, HOLIDAY, HOLIDAY, HOLIDAY
06-Apr-2015, 116.69, $1198.50, 95.955070, 115.00215569, 116.681, $116.67, -0.0097%, 5913203, 23645346.62, 735.45, 28325030948.73
07-Apr-2015, 116.11, $1211.00, 95.954510, 116.20090999, 116.143, $116.14, -0.0029%, 2467494, 23568583.01, 733.06, 28527323401.82
08-Apr-2015, 115.47, $1207.25, 95.953310, 115.83963159, 115.427, $115.47, 0.0372%, 4987173, 23568583.01, 733.06, 28438629555.90
09-Apr-2015, 114.67, $1194.80, 95.951750, 114.64314565, 114.653, $114.69, 0.0325%, 4706013, 23664534.76, 736.04, 28259535407.73
10-Apr-2015, 115.96, $1207.35, 95.951220, 115.84670333, 115.957, $115.97, 0.0112%, 3925254, 23608157.09, 734.29, 28498289018.04
13-Apr-2015, 115.14, $1198.90, 95.947930, 115.03197300, 115.118, $115.13, 0.0101%, 3028803, 23608157.09, 734.29, 28297865357.01
14-Apr-2015, 114.44, $1194.75, 95.946810, 114.63244905, 114.426, $114.43, 0.0034%, 3649158, 23665725.18, 736.08, 28268361935.90
15-Apr-2015, 115.43, $1192.90, 95.945720, 114.45365383, 115.423, $115.41, -0.0110%, 3648740, 23665725.18, 736.08, 28224271033.86
16-Apr-2015, 115.03, $1204.35, 95.944880, 115.55122186, 115.009, $115.05, 0.0355%, 3119020, 23665725.18, 736.08, 28494931310.51
17-Apr-2015, 115.60, $1203.35, 95.943810, 115.45398853, 115.555, $115.58, 0.0219%, 3057953, 23761668.99, 739.06, 28586407555.24
20-Apr-2015, 114.72, $1196.50, 95.940510, 114.79281942, 114.706, $114.72, 0.0118%, 3525441, 23761668.99, 739.06, 28422702089.62
21-Apr-2015, 115.38, $1195.30, 95.939430, 114.67640112, 115.329, $115.35, 0.0184%, 3315124, 23867202.36, 742.35, 28520020958.38
22-Apr-2015, 113.83, $1189.25, 95.938230, 114.09454531, 113.850, $113.84, -0.0087%, 5003864, 23867202.36, 742.35, 28375313418.34
23-Apr-2015, 114.66, $1185.75, 95.937100, 113.75741119, 114.626, $114.63, 0.0038%, 3623938, 23867202.36, 742.35, 28291468163.18
24-Apr-2015, 113.05, $1183.00, 95.935970, 113.49225586, 113.046, $113.06, 0.0123%, 7410028, 23867202.36, 742.35, 28225524032.49
27-Apr-2015, 115.33, $1200.00, 95.933300, 115.11996009, 115.369, $115.35, -0.0168%, 7466739, 23761675.73, 739.06, 28503702117.90
28-Apr-2015, 116.33, $1209.00, 95.932510, 115.98240100, 116.270, $116.34, 0.0600%, 7541405, 23761675.73, 739.06, 28717242486.55
29-Apr-2015, 115.51, $1209.00, 95.931460, 115.98112996, 115.501, $115.52, 0.0160%, 6501188, 23761675.73, 739.06, 28716927777.04
30-Apr-2015, 113.47, $1180.25, 95.929510, 113.22080929, 113.528, $113.48, -0.0421%, 9434323, 23771268.68, 739.36, 28044794460.62
01-May-2015, 113.08, $1175.95, 95.928320, 112.80691072, 113.028, $113.08, 0.0464%, 8451389, 23848011.34, 741.75, 28032517311.57
04-May-2015, 114.10, $1175.95, 95.925170, 112.80320203, 114.036, $114.08, 0.0387%, 2727061, 23848011.34, 741.75, 28031595704.66
05-May-2015, 114.42, $1197.00, 95.924870, 114.82206699, 114.458, $114.45, -0.0066%, 3214701, 23848011.34, 741.75, 28533283646.43
06-May-2015, 114.36, $1194.25, 95.923720, 114.55689996, 114.351, $114.34, -0.0093%, 2897411, 23848011.34, 741.75, 28467389640.43
07-May-2015, 113.42, $1187.00, 95.922400, 113.85988524, 113.457, $113.44, -0.0150%, 4282967, 23761681.18, 739.07, 28191707581.67
08-May-2015, 113.97, $1186.00, 95.921310, 113.76267048, 113.955, $113.98, 0.0224%, 9963722, 23416364.46, 728.32, 27758091585.50
11-May-2015, 113.53, $1189.25, 95.918290, 114.07082521, 113.538, $113.53, -0.0075%, 2666352, 23416364.46, 728.32, 27833281351.21
12-May-2015, 114.50, $1191.50, 95.917330, 114.28550234, 114.477, $114.48, 0.0023%, 2598681, 23416364.46, 728.32, 27885662571.60
13-May-2015, 116.55, $1210.50, 95.917090, 116.10763535, 116.554, $116.54, -0.0117%, 11139311, 23416364.46, 728.32, 28330263024.38
14-May-2015, 117.18, $1225.00, 95.916650, 117.49789393, 117.157, $117.21, 0.0449%, 5478472, 23274469.36, 723.91, 28504989064.78
15-May-2015, 117.53, $1220.50, 95.915520, 117.06489166, 117.497, $117.50, 0.0030%, 4194292, 23274469.36, 723.91, 28399942716.99
18-May-2015, 117.52, $1223.50, 95.912430, 117.34885273, 117.531, $117.53, -0.0009%, 5079579, 23092235.74, 718.24, 28245868842.96
19-May-2015, 115.89, $1214.30, 95.911180, 116.46494831, 115.899, $115.90, 0.0008%, 5014931, 23092235.74, 718.24, 28033113058.57
20-May-2015, 116.08, $1210.50, 95.910050, 116.09911222, 116.070, $116.07, -0.0003%, 4424296, 22996325.69, 715.26, 27828957196.66
21-May-2015, 115.69, $1205.00, 95.908870, 115.57018697, 115.724, $115.70, -0.0204%, 2286343, 22996325.69, 715.26, 27702173816.55
22-May-2015, 115.60, $1204.10, 95.907800, 115.48257724, 115.617, $115.61, -0.0059%, 1776225, 22996325.69, 715.26, 27681173764.78
25-May-2015, HOLIDAY, HOLIDAY, HOLIDAY, HOLIDAY, HOLIDAY, HOLIDAY, HOLIDAY, HOLIDAY, HOLIDAY, HOLIDAY, HOLIDAY
26-May-2015, 113.91, $1185.40, 95.903070, 113.68349514, 113.904, $113.91, 0.0052%, 5762894, 23015506.31, 715.86, 27272670485.42
27-May-2015, 113.89, $1185.85, 95.902030, 113.72542089, 113.903, $113.90, -0.0025%, 2693082, 23015506.31, 715.86, 27282728471.19
28-May-2015, 114.02, $1185.00, 95.900950, 113.64262825, 113.997, $114.02, 0.0198%, 4533934, 23015506.31, 715.86, 27262866516.41
29-May-2015, 114.10, $1191.40, 95.900100, 114.25537879, 114.112, $114.11, -0.0013%, 2802975, 23015506.31, 715.86, 27409865371.40
01-Jun-2015, 114.00, $1199.90, 95.897230, 115.06708585, 114.060, $113.99, -0.0615%, 8698003, 22957967.97, 714.07, 27535553642.95
02-Jun-2015, 114.46, $1192.80, 95.895940, 114.38467237, 114.428, $114.46, 0.0281%, 3417568, 22823713.65, 709.89, 27212113549.07
03-Jun-2015, 113.64, $1190.00, 95.894790, 114.11479460, 113.655, $113.67, 0.0136%, 4885074, 22823713.65, 709.89, 27147909636.24
04-Jun-2015, 112.84, $1176.00, 95.893220, 112.77042302, 112.809, $112.87, 0.0543%, 4992381, 22823713.65, 709.89, 26828083635.47
05-Jun-2015, 112.24, $1164.60, 95.891720, 111.67550292, 112.280, $112.27, -0.0086%, 4642593, 22785356.97, 708.70, 26522931945.97
08-Jun-2015, 112.57, $1172.80, 95.888910, 112.45851726, 112.583, $112.57, -0.0117%, 3110646, 22785356.97, 708.70, 26708897848.28
09-Jun-2015, 112.82, $1177.40, 95.888060, 112.89859639, 112.841, $112.81, -0.0275%, 3536401, 22689468.91, 705.72, 26700518039.61
10-Jun-2015, 113.78, $1188.50, 95.887480, 113.96226544, 113.780, $113.77, -0.0089%, 5402267, 22641525.17, 704.22, 26895094641.03
11-Jun-2015, 113.26, $1178.50, 95.885990, 113.00164038, 113.308, $113.29, -0.0163%, 4433282, 22641525.17, 704.22, 26668387129.86
12-Jun-2015, 113.23, $1182.80, 95.885130, 113.41293375, 113.269, $113.24, -0.0257%, 3073498, 22633793.87, 703.98, 26765452364.84
15-Jun-2015, 113.73, $1181.40, 95.881950, 113.27493835, 113.802, $113.71, -0.0811%, 4310596, 22566676.51, 701.90, 26653592995.24
16-Jun-2015, 113.32, $1177.75, 95.880830, 112.92364401, 113.336, $113.32, -0.0141%, 4032573, 22566676.51, 701.90, 26570933434.49
17-Jun-2015, 113.85, $1178.00, 95.879780, 112.94638272, 113.838, $113.82, -0.0159%, 6820852, 22566676.51, 701.90, 26576283853.48
18-Jun-2015, 115.32, $1201.85, 95.879250, 115.23247745, 115.271, $115.29, 0.0166%, 6594002, 22566676.51, 701.90, 27114201942.91
19-Jun-2015, 115.12, $1203.40, 95.878230, 115.37986726, 115.111, $115.12, 0.0075%, 3321935, 22566676.51, 701.90, 27148882766.25
22-Jun-2015, 113.64, $1185.50, 95.874630, 113.65937581, 113.635, $113.64, 0.0040%, 4888351, 22681726.06, 705.47, 26880442376.00
23-Jun-2015, 112.89, $1178.00, 95.873380, 112.93884446, 112.900, $112.91, 0.0084%, 3805892, 22681726.06, 705.47, 26710036714.59
24-Jun-2015, 112.59, $1173.75, 95.872210, 112.53001151, 112.611, $112.60, -0.0102%, 3036151, 22710487.72, 706.37, 26647106724.47
25-Jun-2015, 112.44, $1172.65, 95.871130, 112.42328310, 112.476, $112.47, -0.0053%, 2021673, 22930991.32, 713.23, 26880406984.01
26-Jun-2015, 112.56, $1170.50, 95.870020, 112.21585660, 112.599, $112.60, 0.0006%, 4390289, 22873469.31, 711.44, 26763481798.11
29-Jun-2015, 113.07, $1176.00, 95.867040, 112.73964199, 113.027, $113.08, 0.0467%, 5278911, 22873469.31, 711.44, 26888404615.00
30-Jun-2015, 112.37, $1171.00, 95.865830, 112.25888409, 112.398, $112.38, -0.0159%, 7221958, 22873469.31, 711.44, 26773743854.34
01-Jul-2015, 111.98, $1168.00, 95.864680, 111.96994041, 112.013, $112.01, -0.0028%, 3687157, 22873469.31, 711.44, 26704830787.53
02-Jul-2015, 111.76, $1165.25, 95.863530, 111.70497602, 111.748, $111.75, 0.0017%, 3791432, 22815951.19, 709.65, 26574613793.57
03-Jul-2015, HOLIDAY, HOLIDAY, HOLIDAY, HOLIDAY, HOLIDAY, HOLIDAY, HOLIDAY, HOLIDAY, HOLIDAY, HOLIDAY, HOLIDAY
06-Jul-2015, 112.06, $1166.00, 95.859350, 111.77199936, 112.055, $112.07, 0.0136%, 4341718, 22815951.19, 709.65, 26590558648.75
07-Jul-2015, 110.76, $1156.25, 95.857910, 110.83570475, 110.812, $110.77, -0.0377%, 9064750, 22815951.19, 709.65, 26367814159.11
08-Jul-2015, 111.09, $1158.50, 95.856950, 111.05027543, 111.117, $111.08, -0.0336%, 5675515, 22806914.85, 709.37, 26418860524.35
09-Jul-2015, 111.36, $1164.25, 95.855950, 111.60029141, 111.346, $111.34, -0.0056%, 3798146, 22749401.28, 707.58, 26482749151.97
10-Jul-2015, 111.49, $1159.30, 95.854850, 111.12452856, 111.441, $111.50, 0.0531%, 3159494, 22749401.28, 707.58, 26369850627.80
13-Jul-2015, 110.99, $1154.00, 95.851630, 110.61278204, 110.967, $111.00, 0.0293%, 3827544, 22797327.10, 709.07, 26303719568.36
14-Jul-2015, 110.74, $1157.40, 95.850630, 110.93751628, 110.736, $110.75, 0.0124%, 2611230, 22797327.10, 709.07, 26380941371.11
15-Jul-2015, 110.16, $1147.40, 95.849430, 109.97763453, 110.160, $110.18, 0.0184%, 7792881, 22797327.10, 709.07, 26152681492.28
16-Jul-2015, 109.76, $1144.40, 95.848330, 109.68882950, 109.756, $109.75, -0.0054%, 3857856, 22758987.77, 707.88, 26040128124.22
17-Jul-2015, 108.65, $1132.80, 95.847080, 108.57557451, 108.662, $108.67, 0.0075%, 13167953, 22385184.15, 696.25, 25352396656.40
20-Jul-2015, 105.70, $1104.60, 95.843340, 105.86855626, 105.715, $105.70, -0.0144%, 15677405, 22327678.15, 694.46, 24656786754.89
21-Jul-2015, 105.37, $1105.60, 95.842310, 105.96326310, 105.340, $105.39, 0.0472%, 8366353, 22174330.45, 689.69, 24509302764.30
22-Jul-2015, 104.80, $1088.60, 95.840860, 104.33235920, 104.826, $104.82, -0.0057%, 8455246, 22097657.77, 687.31, 24048608794.45
23-Jul-2015, 104.33, $1097.40, 95.840030, 105.17484818, 104.351, $104.32, -0.0293%, 5752053, 22011401.74, 684.63, 24148145141.29
24-Jul-2015, 105.35, $1080.80, 95.838540, 103.58229634, 105.346, $105.34, -0.0054%, 11445336, 21867643.93, 680.15, 23627121798.44
27-Jul-2015, 104.86, $1100.00, 95.835950, 105.41954926, 104.888, $104.85, -0.0359%, 8212214, 21867643.93, 680.15, 24046199187.10
28-Jul-2015, 105.02, $1096.20, 95.834790, 105.05409702, 104.997, $105.00, 0.0032%, 5524125, 21867643.93, 680.15, 23962839530.83
29-Jul-2015, 105.17, $1090.25, 95.833560, 104.48253340, 105.110, $105.17, 0.0568%, 5524125, 21867643.93, 680.15, 23832465868.89
30-Jul-2015, 104.27, $1087.50, 95.832420, 104.21775243, 104.304, $104.25, -0.0518%, 6296210, 21867643.93, 680.15, 23772069329.41
31-Jul-2015, 104.93, $1098.40, 95.831730, 105.26156738, 104.955, $104.94, -0.0142%, 5602331, 21628064.60, 672.70, 23747009589.68
03-Aug-2015, 104.10, $1091.90, 95.828340, 104.63496452, 104.113, $104.09, -0.0218%, 3278394, 21628064.60, 672.70, 23605647995.35
04-Aug-2015, 104.31, $1090.65, 95.827240, 104.51398280, 104.298, $104.30, 0.0016%, 2854350, 21560985.54, 670.62, 23505194733.32
05-Aug-2015, 103.93, $1085.10, 95.825980, 103.98076916, 103.895, $103.94, 0.0438%, 5032977, 21474742.15, 667.93, 23291692289.99
06-Aug-2015, 104.39, $1089.75, 95.825110, 104.42541739, 104.392, $104.38, -0.0114%, 3894065, 21474742.15, 667.93, 23391293495.25
07-Aug-2015, 104.65, $1093.50, 95.824220, 104.78377925, 104.678, $104.67, -0.0080%, 4382901, 21467043.90, 667.69, 23471566552.87
10-Aug-2015, 105.72, $1097.00, 95.821110, 105.11575323, 105.691, $105.75, 0.0561%, 5887234, 21467043.90, 667.69, 23545928723.65
11-Aug-2015, 106.26, $1108.25, 95.820200, 106.19273341, 106.226, $106.25, 0.0223%, 4007277, 21467043.90, 667.69, 23787172283.36
12-Aug-2015, 107.75, $1119.00, 95.819290, 107.22178480, 107.710, $107.76, 0.0460%, 10192821, 21601190.91, 671.87, 24167790294.70
13-Aug-2015, 106.86, $1116.75, 95.818210, 107.00498356, 106.852, $106.85, -0.0016%, 4669830, 21601190.91, 671.87, 24118923295.29
14-Aug-2015, 106.85, $1118.25, 95.817180, 107.14756171, 106.874, $106.87, -0.0042%, 3497579, 21601190.91, 671.87, 24151060409.60
17-Aug-2015, 107.13, $1118.80, 95.814040, 107.19674772, 107.096, $107.12, 0.0223%, 5728847, 21601190.91, 671.87, 24162146935.63
18-Aug-2015, 107.11, $1111.45, 95.812850, 106.49119402, 107.090, $107.11, 0.0187%, 3734267, 21601190.91, 671.87, 24003115131.73
19-Aug-2015, 108.55, $1126.15, 95.812090, 107.89878487, 108.541, $108.54, -0.0007%, 6460039, 21601190.91, 671.87, 24320386110.39
20-Aug-2015, 110.44, $1147.70, 95.811470, 109.96282231, 110.413, $110.42, 0.0062%, 11259616, 21716164.67, 675.44, 24917575537.21
21-Aug-2015, 111.13, $1156.50, 95.810600, 110.80495420, 111.112, $111.11, -0.0014%, 12873471, 21792813.15, 677.83, 25197046589.86
24-Aug-2015, 110.53, $1166.50, 95.807670, 111.75964790, 110.581, $110.50, -0.0734%, 16642336, 21898201.59, 681.10, 25537079558.00
25-Aug-2015, 109.16, $1137.50, 95.805930, 108.97925080, 109.171, $109.17, -0.0008%, 8759333, 21898201.59, 681.10, 24901758813.00
26-Aug-2015, 107.67, $1120.75, 95.804460, 107.37284490, 107.675, $107.69, 0.0143%, 10009495, 21898201.59, 681.10, 24534695060.00
27-Aug-2015, 107.73, $1119.00, 95.803360, 107.20395950, 107.750, $107.71, -0.0372%, 8093182, 21946103.27, 682.59, 24549706734.00
28-Aug-2015, 108.70, $1135.00, 95.802750, 108.73612010, 108.717, $108.67, -0.0432%, 7027704, 21946103.27, 682.59, 24900571500.00
31-Aug-2015, 108.82, $1135.00, 95.799600, 108.73254520, 108.790, $108.83, 0.0367%, 3781255, 21946103.27, 682.59, 24899752860.00
01-Sep-2015, 109.20, $1142.30, 95.798770, 109.43093790, 109.249, $109.19, -0.0539%, 6601713, 21946103.27, 682.59, 25059684784.00
02-Sep-2015, 108.62, $1137.75, 95.797580, 108.99369643, 108.625, $108.61, -0.0137%, 3791822, 21946103.27, 682.59, 24959556481.94
03-Sep-2015, 107.84, $1128.00, 95.796210, 108.05812572, 107.756, $107.82, 0.0591%, 3842965, 21946103.27, 682.59, 24745310790.60
04-Sep-2015, 107.49, $1118.25, 95.794830, 107.12256527, 107.491, $107.50, 0.0080%, 3803657, 21938357.20, 682.35, 24531067447.14
07-Sep-2015, HOLIDAY, HOLIDAY, HOLIDAY, HOLIDAY, HOLIDAY, HOLIDAY, HOLIDAY, HOLIDAY, HOLIDAY, HOLIDAY, HOLIDAY
08-Sep-2015, 107.52, $1121.15, 95.790650, 107.39568720, 107.530, $107.51, -0.0184%, 5829059, 21938357.20, 682.35, 24593612368.51
09-Sep-2015, 106.13, $1109.85, 95.789500, 106.31197437, 106.140, $106.12, -0.0184%, 7827865, 21804251.90, 678.18, 24196605362.62
10-Sep-2015, 106.38, $1109.50, 95.788440, 106.27727939, 106.378, $106.39, 0.0114%, 5273401, 21804251.90, 678.18, 24188708789.81
11-Sep-2015, 106.16, $1100.25, 95.787300, 105.48576714, 106.137, $106.15, 0.0121%, 3855584, 21804251.90, 678.18, 24008560601.21
14-Sep-2015, 106.22, $1104.80, 95.784200, 105.82238811, 106.225, $106.21, -0.0138%, 2255186, 21804251.90, 678.18, 24085175533.30
15-Sep-2015, 105.90, $1105.95, 95.783170, 105.93139807, 105.869, $105.90, 0.0292%, 2897582, 21804251.90, 678.18, 24109986201.07
16-Sep-2015, 107.31, $1117.60, 95.782300, 107.04630375, 107.310, $107.30, -0.0090%, 4889937, 21804251.90, 678.18, 24363738732.93
17-Sep-2015, 108.41, $1117.50, 95.781250, 107.03555067, 108.357, $108.41, 0.0486%, 6385252, 21804251.90, 678.18, 24361291331.76
18-Sep-2015, 109.21, $1141.50, 95.780610, 109.33357060, 109.176, $109.20, 0.0224%, 6070148, 21804251.90, 678.18, 24884320669.56
21-Sep-2015, 108.53, $1133.25, 95.777300, 108.53962855, 108.540, $108.55, 0.0096%, 3737961, 21689319.14, 674.61, 24573371906.75
22-Sep-2015, 107.79, $1122.90, 95.776040, 107.54691085, 107.758, $107.79, 0.0300%, 4988387, 21727629.56, 675.80, 24391639382.62
23-Sep-2015, 108.22, $1131.35, 95.775170, 108.35524045, 108.236, $108.22, -0.0143%, 2521235, 21746784.59, 676.40, 24596639582.44
24-Sep-2015, 110.49, $1154.50, 95.774640, 110.57181752, 110.481, $110.47, -0.0098%, 8044515, 21871291.63, 680.27, 25243545944.86
25-Sep-2015, 109.81, $1146.65, 95.773410, 109.81857882, 109.895, $109.84, -0.0502%, 4445099, 21995797.06, 684.14, 25214345700.30
28-Sep-2015, 108.42, $1131.05, 95.769860, 108.32049682, 108.359, $108.41, 0.0472%, 2379412, 21995797.06, 684.14, 24870386070.86
29-Sep-2015, 107.98, $1132.10, 95.768840, 108.41989918, 107.979, $107.99, 0.0098%, 3351342, 21995797.06, 684.14, 24893208852.49
30-Sep-2015, 106.86, $1114.00, 95.767270, 106.68474079, 106.857, $106.89, 0.0308%, 6434986, 22101141.06, 687.42, 24612169699.11
01-Oct-2015, 106.73, $1119.00, 95.766370, 107.16257135, 106.708, $106.74, 0.0303%, 3932397, 22158600.88, 689.20, 24786702752.03
02-Oct-2015, 108.99, $1140.75, 95.765970, 109.24503312, 109.006, $108.97, -0.0327%, 7060946, 22158600.88, 689.20, 25268376160.97
05-Oct-2015, 108.77, $1139.75, 95.762800, 109.14565214, 108.763, $108.79, 0.0252%, 5225521, 22151494.43, 688.98, 25245389339.97
06-Oct-2015, 109.86, $1147.50, 95.761800, 109.88666511, 109.839, $109.86, 0.0193%, 5617676, 22151494.43, 688.98, 25416785639.70
07-Oct-2015, 109.70, $1144.60, 95.760730, 109.60773553, 109.742, $109.72, -0.0199%, 5193948, 22094037.99, 687.20, 25286504589.91
08-Oct-2015, 109.14, $1140.00, 95.759650, 109.16600247, 109.171, $109.15, -0.0190%, 4123135, 22094037.99, 687.20, 25184596770.63
09-Oct-2015, 110.87, $1151.55, 95.758700, 110.27093576, 110.850, $110.86, 0.0088%, 6462176, 22094037.99, 687.20, 25439504879.05
12-Oct-2015, 111.31, $1164.90, 95.755710, 111.54583004, 111.306, $111.32, 0.0122%, 5615037, 22094037.99, 687.20, 25733622989.70
13-Oct-2015, 111.86, $1165.20, 95.754670, 111.57334151, 111.846, $111.86, 0.0123%, 4325617, 22094037.99, 687.20, 25739969886.88
14-Oct-2015, 113.81, $1173.90, 95.753730, 112.40530822, 113.803, $113.80, -0.0029%, 8077632, 22342997.69, 694.94, 26224158395.02
15-Oct-2015, 113.29, $1184.25, 95.752820, 113.39528200, 113.266, $113.26, -0.0053%, 12246987, 22505777.49, 700.00, 26647891262.03
16-Oct-2015, 112.49, $1180.85, 95.751730, 113.06843073, 112.508, $112.47, -0.0340%, 5659060, 22304698.85, 693.75, 26333637517.30
19-Oct-2015, 112.02, $1175.40, 95.748500, 112.54278595, 112.026, $112.02, -0.0051%, 3590430, 22419597.05, 697.32, 26346266192.84
20-Oct-2015, 112.73, $1177.75, 95.747490, 112.76661142, 112.733, $112.72, -0.0116%, 4276945, 22419597.05, 697.32, 26398663732.77
21-Oct-2015, 111.73, $1167.10, 95.746250, 111.74544692, 111.745, $111.75, 0.0041%, 3890841, 22419597.05, 697.32, 26159609123.67
22-Oct-2015, 111.69, $1167.00, 95.745200, 111.73464883, 111.658, $111.67, 0.0107%, 3194231, 22419597.05, 697.32, 26157081291.10
23-Oct-2015, 111.50, $1161.25, 95.744030, 111.18276013, 111.489, $111.47, -0.0172%, 4445491, 22362150.64, 695.54, 25961174494.28
26-Oct-2015, 111.43, $1166.40, 95.741020, 111.67232178, 111.385, $111.40, 0.0134%, 2278261, 22362150.64, 695.54, 26075487134.67
27-Oct-2015, 111.68, $1165.70, 95.739950, 111.60406348, 111.709, $111.66, -0.0442%, 2301728, 22362150.64, 695.54, 26059548822.30
28-Oct-2015, 110.78, $1179.60, 95.739250, 112.93402362, 110.679, $110.76, 0.0729%, 7678518, 22323854.94, 694.34, 26324920907.51
29-Oct-2015, 109.72, $1148.60, 95.737390, 109.96396939, 109.734, $109.70, -0.0312%, 4721370, 22323854.94, 694.34, 25632601263.74
30-Oct-2015, 109.30, $1142.35, 95.736170, 109.36421518, 109.335, $109.28, -0.0508%, 4848027, 22256839.62, 692.26, 25416243607.87
02-Nov-2015, 108.59, $1134.00, 95.732770, 108.56096264, 108.599, $108.60, 0.0007%, 5428122, 22161106.85, 689.28, 25121006756.63
03-Nov-2015, 106.98, $1134.00, 95.731370, 107.51589795, 106.932, $106.99, 0.0543%, 6415070, 22065375.48, 686.30, 24771662883.80
04-Nov-2015, 105.97, $1114.70, 95.730030, 106.71026487, 106.007, $105.99, -0.0157%, 6885968, 21866068.01, 680.11, 24372624498.03
05-Nov-2015, 105.64, $1106.30, 95.728940, 105.90492630, 105.623, $105.62, -0.0024%, 4264373, 21598026.97, 671.77, 23892151372.98
06-Nov-2015, 104.10, $1088.90, 95.727780, 104.23798180, 104.123, $104.11, -0.0126%, 7327402, 21511871.97, 669.09, 23422274512.73
09-Nov-2015, 104.40, $1089.60, 95.724650, 104.30157865, 104.455, $104.43, -0.0237%, 3070323, 21416147.32, 666.11, 23332263144.87
10-Nov-2015, 104.18, $1087.10, 95.723580, 104.06110132, 104.152, $104.17, 0.0172%, 3579362, 21329996.10, 663.43, 23184813370.86
11-Nov-2015, 103.83, $1085.90, 95.722520, 103.94508200, 103.845, $103.81, -0.0333%, 3183127, 21329996.10, 663.43, 23158964269.34
12-Nov-2015, 103.85, $1087.40, 95.721490, 104.08754852, 103.843, $103.84, -0.0033%, 6297410, 21282135.35, 661.94, 23138662036.27
13-Nov-2015, 103.56, $1081.50, 95.720360, 103.52157413, 103.574, $103.59, 0.0152%, 3174602, 21282135.35, 661.94, 23012845928.42
16-Nov-2015, 103.71, $1084.75, 95.717280, 103.82931894, 103.681, $103.69, 0.0087%, 2782395, 21282135.35, 661.94, 23081257601.10
17-Nov-2015, 102.34, $1079.20, 95.716140, 103.29685464, 102.344, $102.37, 0.0249%, 8062200, 21282135.35, 661.94, 22962890786.59
18-Nov-2015, 102.43, $1067.75, 95.714880, 102.19955933, 102.420, $102.41, -0.0095%, 4735869, 21282135.35, 661.94, 22718962039.40
19-Nov-2015, 103.56, $1082.60, 95.714120, 103.62010797, 103.615, $103.58, -0.0341%, 4629112, 21282135.35, 661.94, 23034750000.76
20-Nov-2015, 103.09, $1081.75, 95.713060, 103.53760071, 103.116, $103.11, -0.0063%, 5354860, 21243850.13, 660.75, 22974993596.45
23-Nov-2015, 102.26, $1070.50, 95.709660, 102.45718623, 102.275, $102.25, -0.0248%, 3599260, 21081143.71, 655.69, 22561072399.43
24-Nov-2015, 102.95, $1076.40, 95.708760, 103.02090472, 102.920, $102.96, 0.0385%, 2897357, 21081143.71, 655.69, 22685203218.89
25-Nov-2015, 102.46, $1068.00, 95.707490, 102.21560228, 102.460, $102.47, 0.0101%, 2658492, 21081143.71, 655.69, 22507875621.34
26-Nov-2015, HOLIDAY, HOLIDAY, HOLIDAY, HOLIDAY, HOLIDAY, HOLIDAY, HOLIDAY, HOLIDAY, HOLIDAY, HOLIDAY, HOLIDAY
27-Nov-2015, 101.25, $1057.40, 95.705100, 101.19857074, 101.299, $101.26, -0.0386%, 4991803, 21052432.18, 654.80, 22253565704.49
30-Nov-2015, 101.92, $1061.90, 95.702100, 101.62606183, 101.928, $101.94, 0.0122%, 5461603, 21052432.18, 654.80, 22347570996.79
01-Dec-2015, 102.28, $1065.40, 95.701170, 101.96002487, 102.319, $102.30, -0.0185%, 3609967, 21052432.18, 654.80, 22421009468.38
02-Dec-2015, 100.69, $1055.40, 95.699790, 101.00155711, 100.719, $100.71, -0.0092%, 9436198, 20545223.29, 639.02, 21674934149.72
03-Dec-2015, 101.76, $1055.45, 95.698740, 101.00524005, 101.752, $101.78, 0.0278%, 6033160, 20537959.87, 638.80, 21675724515.14
04-Dec-2015, 104.02, $1079.25, 95.697800, 103.28185333, 104.014, $104.02, 0.0058%, 9653520, 20537959.87, 638.80, 22164285724.72
07-Dec-2015, 102.67, $1075.80, 95.694640, 102.94829379, 102.661, $102.68, 0.0183%, 3758075, 20403987.37, 634.63, 21948576236.41
08-Dec-2015, 102.84, $1072.10, 95.693560, 102.59306957, 102.832, $102.84, 0.0075%, 3220755, 20403987.37, 634.63, 21872842433.06
09-Dec-2015, 102.64, $1081.00, 95.692600, 103.44370023, 102.640, $102.63, -0.0096%, 5827623, 20403987.37, 634.63, 22054196888.56
10-Dec-2015, 102.55, $1071.00, 95.691450, 102.48554510, 102.529, $102.55, 0.0209%, 3578493, 20403987.37, 634.63, 21849918215.31
11-Dec-2015, 103.11, $1072.50, 95.690420, 102.62797873, 103.102, $103.11, 0.0081%, 6539824, 20403987.37, 634.63, 21880285064.96
14-Dec-2015, 101.79, $1068.25, 95.687230, 102.21787846, 101.778, $101.79, 0.0121%, 4945607, 20403987.37, 634.63, 21792851687.80
15-Dec-2015, 101.52, $1061.50, 95.686080, 101.57076972, 101.470, $101.52, 0.0490%, 5629254, 20403987.37, 634.63, 21654888105.01
16-Dec-2015, 102.75, $1075.25, 95.685250, 102.88556848, 102.766, $102.71, -0.0545%, 7960826, 20403987.37, 634.63, 21935203199.75
17-Dec-2015, 100.50, $1049.40, 95.683760, 100.41053547, 100.521, $100.52, -0.0006%, 9643025, 20260461.73, 630.17, 21256910354.98
18-Dec-2015, 102.04, $1062.50, 95.682960, 101.66314212, 102.008, $102.02, 0.0122%, 7393958, 20863264.38, 648.91, 22162565000.53
21-Dec-2015, 103.15, $1078.75, 95.680150, 103.21496655, 103.162, $103.16, -0.0023%, 5695173, 20767584.23, 645.94, 22397647746.13
22-Dec-2015, 102.61, $1074.90, 95.679030, 102.84538543, 102.601, $102.60, -0.0014%, 3812947, 20767584.23, 645.94, 22317448637.64
23-Dec-2015, 102.31, $1068.25, 95.677830, 102.20784242, 102.342, $102.32, -0.0213%, 2664718, 20767584.23, 645.94, 22179101805.31
24-Dec-2015, 103.05, $1068.25, 95.676870, 102.55603809, 102.967, $103.02, 0.0510%, 1710142, 20729313.48, 644.75, 22213637849.98
25-Dec-2015, HOLIDAY, HOLIDAY, HOLIDAY, HOLIDAY, HOLIDAY, HOLIDAY, HOLIDAY, HOLIDAY, HOLIDAY, HOLIDAY, HOLIDAY
28-Dec-2015, 102.27, $1068.25, 95.672690, 102.55155484, 102.255, $102.26, 0.0049%, 3131171, 20691044.41, 643.56, 22171646155.34
29-Dec-2015, 102.20, $1070.10, 95.671590, 102.37817007, 102.187, $102.17, -0.0165%, 2803203, 20691044.41, 643.56, 22134160369.37
30-Dec-2015, 101.42, $1060.00, 95.670240, 101.41045884, 101.463, $101.44, -0.0227%, 3542474, 20691044.41, 643.56, 21924941201.41
31-Dec-2015, 101.46, $1060.00, 95.669270, 101.62468051, 101.452, $101.46, 0.0074%, 3302445, 20652776.70, 642.37, 21930606052.86
01-Jan-2016, HOLIDAY, HOLIDAY, HOLIDAY, HOLIDAY, HOLIDAY, HOLIDAY, HOLIDAY, HOLIDAY, HOLIDAY, HOLIDAY, HOLIDAY
04-Jan-2016, 102.89, $1082.25, 95.665770, 103.53428347, 102.860, $102.87, 0.0099%, 5786608, 20652776.70, 642.37, 22342698373.25
05-Jan-2016, 103.18, $1077.00, 95.664550, 103.03071501, 103.179, $103.19, 0.0107%, 3426252, 20652776.70, 642.37, 22234028298.09
06-Jan-2016, 104.67, $1091.40, 95.664010, 104.40770175, 104.652, $104.66, 0.0080%, 8940575, 20607670.85, 640.97, 22489418957.21
07-Jan-2016, 106.15, $1106.35, 95.663070, 105.83683604, 106.076, $106.15, 0.0698%, 11219713, 20741599.15, 645.13, 22945426055.88
08-Jan-2016, 105.68, $1101.85, 95.661990, 105.40516195, 105.616, $105.65, 0.0326%, 7112550, 20885092.13, 649.59, 23009946855.63
11-Jan-2016, 104.74, $1100.75, 95.658840, 105.29646857, 104.761, $104.76, -0.0007%, 5664248, 20952053.32, 651.68, 23059926616.81
12-Jan-2016, 104.21, $1085.40, 95.657620, 103.82677668, 104.224, $104.23, 0.0060%, 5183433, 20952053.32, 651.68, 22738064092.17
13-Jan-2016, 104.72, $1088.15, 95.656610, 104.08873564, 104.715, $104.72, 0.0045%, 6818102, 21028578.61, 654.06, 22878704097.80
14-Jan-2016, 103.02, $1088.40, 95.655560, 104.11151567, 103.045, $103.03, -0.0145%, 9621566, 21028578.61, 654.06, 22883711144.51
15-Jan-2016, 104.08, $1093.75, 95.654600, 104.62221436, 104.115, $104.10, -0.0146%, 9751810, 21152929.59, 657.92, 23131971599.71
18-Jan-2016, HOLIDAY, HOLIDAY, HOLIDAY, HOLIDAY, HOLIDAY, HOLIDAY, HOLIDAY, HOLIDAY, HOLIDAY, HOLIDAY, HOLIDAY
19-Jan-2016, 103.98, $1086.25, 95.650280, 103.90011848, 103.991, $104.00, 0.0087%, 4263955, 21152929.59, 657.92, 22972316196.34
20-Jan-2016, 105.37, $1101.75, 95.649530, 105.38187227, 105.329, $105.39, 0.0577%, 9608925, 21229449.21, 660.30, 23384237453.87
21-Jan-2016, 105.49, $1096.50, 95.648380, 104.87845200, 105.395, $105.48, 0.0807%, 4926678, 21286838.24, 662.09, 23335455567.34
22-Jan-2016, 105.00, $1096.25, 95.647330, 104.85338824, 104.997, $105.01, 0.0125%, 4028667, 21353791.37, 664.17, 23403276253.50
25-Jan-2016, 106.08, $1106.60, 95.644440, 105.84013560, 106.031, $106.07, 0.0364%, 5416196, 21353791.37, 664.17, 23623518266.64
26-Jan-2016, 107.28, $1113.60, 95.643560, 106.50866932, 107.288, $107.29, 0.0017%, 8438066, 21516385.43, 669.23, 23953799728.41
27-Jan-2016, 107.69, $1116.25, 95.642580, 106.76103040, 107.727, $107.72, -0.0065%, 7410780, 21516385.43, 669.23, 24010555736.47
28-Jan-2016, 106.54, $1114.00, 95.641480, 106.54460644, 106.535, $106.57, 0.0328%, 5369616, 21516385.43, 669.23, 23961881987.91
29-Jan-2016, 106.96, $1111.80, 95.640370, 106.33296834, 106.878, $106.95, 0.0673%, 7212909, 21516385.43, 669.23, 23914284578.82
01-Feb-2016, 108.05, $1126.50, 95.637660, 107.73582891, 108.008, $108.06, 0.0478%, 8799595, 21908499.83, 681.43, 24671504799.86
02-Feb-2016, 108.09, $1128.50, 95.636680, 107.92598990, 108.031, $108.07, 0.0359%, 6286562, 22042391.18, 685.59, 24866148077.45
03-Feb-2016, 109.25, $1132.00, 95.635740, 108.25965209, 109.125, $109.27, 0.1327%, 14792703, 22185844.79, 690.05, 25105413328.78
04-Feb-2016, 110.57, $1156.35, 95.635410, 110.58800504, 110.559, $110.56, 0.0006%, 13208208, 22300607.29, 693.62, 25778063976.90
05-Feb-2016, 112.32, $1150.35, 95.634180, 110.01278450, 112.337, $112.29, -0.0416%, 13882844, 22456245.42, 698.46, 25831001792.29
08-Feb-2016, 113.83, $1193.25, 95.631330, 114.11208383, 113.849, $113.82, -0.0256%, 26724595, 22618818.68, 703.52, 26987507826.95
09-Feb-2016, 113.58, $1191.00, 95.630270, 113.89564945, 113.738, $113.59, -0.1300%, 18053106, 22571003.55, 702.03, 26879373269.90
10-Feb-2016, 114.46, $1190.00, 95.629220, 113.79876589, 114.430, $114.46, 0.0263%, 12695948, 22571003.55, 702.03, 26856508749.39
11-Feb-2016, 119.05, $1241.00, 95.628610, 118.67510100, 118.881, $119.07, 0.1592%, 47619168, 23020458.01, 716.01, 28565096829.41
12-Feb-2016, 118.36, $1239.75, 95.627550, 118.55425586, 118.382, $118.38, -0.0018%, 16334842, 22857891.18, 710.95, 28334467150.85
16-Feb-2016, 114.77, $1209.50, 95.623010, 115.65603655, 114.829, $114.76, -0.0600%, 13984761, 22857891.18, 710.95, 27641792736.17
17-Feb-2016, 115.48, $1210.00, 95.621980, 115.70259189, 115.497, $115.50, 0.0026%, 10380824, 22857891.18, 710.95, 27652919460.76
18-Feb-2016, 118.29, $1210.10, 95.620930, 115.71089124, 118.264, $118.31, 0.0389%, 13577605, 22943950.01, 713.63, 27759042805.85
19-Feb-2016, 117.58, $1231.15, 95.620210, 117.72281908, 117.522, $117.58, 0.0493%, 15191128, 23565481.38, 732.96, 29006902637.79
22-Feb-2016, 115.49, $1211.00, 95.616720, 115.79185204, 115.448, $115.47, 0.0194%, 9912928, 24186990.06, 752.29, 29283759353.44
23-Feb-2016, 117.22, $1221.35, 95.615860, 116.78043465, 117.096, $117.21, 0.0974%, 8345973, 24186990.06, 752.29, 29533771923.56
24-Feb-2016, 117.61, $1250.75, 95.615350, 119.59090109, 117.554, $117.59, 0.0304%, 15463867, 24445151.50, 760.32, 30567434313.61
25-Feb-2016, 117.92, $1236.00, 95.614030, 118.17894444, 117.902, $117.91, 0.0071%, 11674521, 24445151.50, 760.32, 30206538199.21
26-Feb-2016, 117.11, $1226.50, 95.612800, 117.26909887, 117.054, $117.11, 0.0479%, 12497876, 24512080.46, 762.40, 30056070041.29
29-Feb-2016, 118.64, $1234.90, 95.609850, 118.06860645, 118.637, $118.63, -0.0063%, 11478731, 24990129.71, 777.27, 30851326851.57
01-Mar-2016, 117.77, $1236.50, 95.608840, 118.22033467, 117.919, $117.79, -0.1095%, 12769183, 25276956.23, 786.20, 31245634441.14
02-Mar-2016, 118.68, $1239.20, 95.607860, 118.47726067, 118.673, $118.68, 0.0057%, 7450118, 25353442.52, 788.57, 31408321802.83
03-Mar-2016, 120.73, $1250.25, 95.607080, 119.53274621, 120.694, $120.72, 0.0212%, 18203569, 25506413.85, 793.33, 31879383423.38
04-Mar-2016, 120.54, $1277.50, 95.606670, 122.13752229, 120.665, $120.56, -0.0872%, 16230710, 25499515.79, 793.12, 32574077196.06
07-Mar-2016, 121.14, $1267.90, 95.603490, 121.21566003, 121.154, $121.14, -0.0112%, 8862117, 25499515.79, 793.12, 32328216529.02
08-Mar-2016, 120.58, $1267.00, 95.602440, 121.12828610, 120.617, $120.60, -0.0139%, 11401726, 25423033.83, 790.74, 32208011268.61
09-Mar-2016, 119.58, $1246.40, 95.601250, 119.15739186, 119.535, $119.60, 0.0544%, 8032959, 25489954.71, 792.82, 31767360673.78
10-Mar-2016, 121.50, $1266.50, 95.600360, 121.07785439, 121.503, $121.52, 0.0138%, 17831418, 25681155.43, 798.77, 32521511691.59
11-Mar-2016, 119.41, $1264.75, 95.599300, 120.90921346, 119.423, $119.43, 0.0062%, 9643418, 25681155.43, 798.77, 32476214734.40
14-Mar-2016, 117.87, $1242.75, 95.595920, 118.80182691, 118.080, $117.88, -0.1694%, 13735608, 25403927.26, 790.14, 31565645401.62
15-Mar-2016, 117.96, $1232.00, 95.594740, 117.77271806, 117.840, $117.94, 0.0852%, 9936354, 25470843.58, 792.23, 31374652092.24
16-Mar-2016, 120.59, $1228.50, 95.593650, 117.43679513, 120.668, $120.55, -0.0977%, 16588676, 25566437.23, 795.20, 31402599020.66
17-Mar-2016, 120.13, $1266.50, 95.593130, 121.06869790, 120.256, $120.14, -0.0966%, 9379585, 25948809.75, 807.09, 32858044616.34
18-Mar-2016, 119.80, $1252.10, 95.591880, 119.69059225, 119.996, $119.82, -0.1471%, 9451369, 26331177.27, 818.98, 32962789107.19
21-Mar-2016, 118.96, $1244.90, 95.588620, 118.99827875, 118.879, $118.96, 0.0683%, 6933959, 26417207.03, 821.66, 32879224413.19
22-Mar-2016, 119.31, $1252.50, 95.587710, 119.72361077, 119.322, $119.33, 0.0066%, 6336089, 26417207.03, 821.66, 33079633656.59
23-Mar-2016, 116.61, $1217.60, 95.586010, 116.38552907, 116.653, $116.61, -0.0370%, 14861333, 26417207.03, 821.66, 32157321681.40
24-Mar-2016, 116.33, $1221.00, 95.585040, 116.70932956, 116.356, $116.34, -0.0135%, 6131461, 26484116.55, 823.74, 32328484291.21
25-Mar-2016, HOLIDAY, HOLIDAY, HOLIDAY, HOLIDAY, HOLIDAY, HOLIDAY, HOLIDAY, HOLIDAY, HOLIDAY, HOLIDAY, HOLIDAY
28-Mar-2016, 116.60, $1221.00, 95.580860, 116.70422761, 116.609, $116.62, 0.0097%, 3604564, 26484116.55, 823.74, 32327071047.31
29-Mar-2016, 118.76, $1226.00, 95.579930, 117.18099957, 118.720, $118.75, 0.0254%, 13243615, 26378978.63, 820.47, 32330237787.94
30-Mar-2016, 117.09, $1236.25, 95.579140, 118.15971739, 117.156, $117.12, -0.0308%, 10160672, 26340746.98, 819.28, 32553002143.22
31-Mar-2016, 117.64, $1237.00, 95.578120, 118.23013327, 117.666, $117.63, -0.0308%, 8104650, 26340746.98, 819.28, 32572401717.04
01-Apr-2016, 116.93, $1213.60, 95.576450, 115.99157529, 116.876, $116.95, 0.0636%, 10061459, 26302516.40, 818.09, 31909282359.72
04-Apr-2016, 116.13, $1219.75, 95.573500, 116.57577199, 116.131, $116.11, -0.0184%, 5849927, 26226057.60, 815.72, 31976734251.83
05-Apr-2016, 117.66, $1231.25, 95.572800, 117.67401074, 117.631, $117.63, -0.0009%, 8275417, 26217040.51, 815.43, 32277981145.50
06-Apr-2016, 116.94, $1221.40, 95.571710, 116.73129185, 116.922, $116.94, 0.0150%, 7111499, 26350840.90, 819.60, 32182817155.16
07-Apr-2016, 118.61, $1242.10, 95.570770, 118.70845802, 118.608, $118.60, -0.0068%, 10395676, 26350840.90, 819.60, 32727921875.75
08-Apr-2016, 118.43, $1239.50, 95.569710, 118.45866070, 118.521, $118.45, -0.0597%, 8561780, 26293499.08, 817.81, 32587977562.63
11-Apr-2016, 120.03, $1254.75, 95.566710, 119.91232495, 120.037, $120.05, 0.0112%, 9473964, 26293499.08, 817.81, 32987880594.70
12-Apr-2016, 120.05, $1254.60, 95.565660, 119.89667790, 120.112, $120.06, -0.0430%, 9307475, 26207489.98, 815.14, 32875669080.32
13-Apr-2016, 118.77, $1245.75, 95.564530, 119.04951142, 118.825, $118.78, -0.0378%, 7969197, 26045030.28, 810.08, 32440991859.34
14-Apr-2016, 117.10, $1233.85, 95.563350, 117.91084345, 117.056, $117.09, 0.0294%, 12749250, 25939910.60, 806.82, 32001002916.57
15-Apr-2016, 117.92, $1227.10, 95.562230, 117.26440934, 117.957, $117.92, -0.0316%, 7420196, 26121478.83, 812.46, 32048363079.53
18-Apr-2016, 117.74, $1234.30, 95.559200, 117.94871905, 117.662, $117.71, 0.0408%, 5694145, 26121478.83, 812.46, 32235384917.16
19-Apr-2016, 119.58, $1255.40, 95.558470, 119.96410464, 119.568, $119.57, 0.0021%, 20470089, 25882582.66, 805.03, 32486279539.53
20-Apr-2016, 118.97, $1252.00, 95.557370, 119.63783116, 118.931, $118.99, 0.0499%, 9772878, 25882582.66, 805.03, 32397924678.94
21-Apr-2016, 119.43, $1249.25, 95.556280, 119.37368641, 119.426, $119.46, 0.0283%, 13233964, 25882582.66, 805.03, 32326394278.84
22-Apr-2016, 117.89, $1243.25, 95.555130, 118.79891871, 117.901, $117.88, -0.0176%, 8873349, 25882582.66, 805.03, 32170747186.17
25-Apr-2016, 118.23, $1238.90, 95.551910, 118.37926298, 118.298, $118.25, -0.0406%, 4106131, 25806141.13, 802.65, 31962401005.99
26-Apr-2016, 118.70, $1241.70, 95.550930, 118.64558554, 118.703, $118.72, 0.0144%, 9673177, 25806141.13, 802.65, 32034308095.59
27-Apr-2016, 119.04, $1247.40, 95.550010, 119.18907922, 119.003, $119.01, 0.0061%, 7503503, 25806141.13, 802.65, 32181051390.72
28-Apr-2016, 121.32, $1256.00, 95.549160, 120.00974101, 121.238, $121.30, 0.0515%, 15037363, 25853915.71, 804.14, 32462634945.95
29-Apr-2016, 123.65, $1285.65, 95.548780, 122.84229348, 123.516, $123.62, 0.0843%, 17514071, 25853915.71, 804.14, 33228840386.09
02-May-2016, 123.21, $1285.65, 95.545650, 122.83826591, 123.249, $123.24, -0.0074%, 11495449, 26522735.26, 824.94, 34087618782.27
03-May-2016, 122.96, $1294.00, 95.544810, 123.63498616, 122.981, $122.99, 0.0077%, 8280828, 26522735.26, 824.94, 34308708659.04
04-May-2016, 122.21, $1283.00, 95.543490, 122.58229478, 122.238, $122.25, 0.0095%, 7896304, 26541843.96, 825.54, 34041103260.67
05-May-2016, 122.10, $1280.25, 95.542370, 122.31812011, 122.012, $122.08, 0.0554%, 8569781, 26667316.22, 829.44, 34138987320.44
06-May-2016, 123.18, $1289.00, 95.541360, 123.15281506, 123.143, $123.19, 0.0380%, 10726982, 26820182.40, 834.19, 34568995184.42
09-May-2016, 120.65, $1265.25, 95.538070, 120.87954904, 120.674, $120.64, -0.0283%, 8557290, 26906166.66, 836.87, 34039681005.41
10-May-2016, 120.98, $1262.80, 95.537010, 120.64413920, 120.955, $121.01, 0.0458%, 8812135, 26982596.27, 839.25, 34069904908.14
11-May-2016, 122.12, $1276.85, 95.536080, 121.98524750, 122.081, $122.11, 0.0239%, 7324607, 27068578.74, 841.92, 34558420613.20
12-May-2016, 121.16, $1279.25, 95.535060, 122.21322557, 121.129, $121.18, 0.0422%, 7169897, 27173667.31, 845.19, 34757441352.59
13-May-2016, 121.70, $1265.90, 95.533890, 120.93634668, 121.696, $121.72, 0.0198%, 7666789, 27364735.09, 851.13, 34636169698.65
16-May-2016, 121.80, $1285.75, 95.530990, 122.82897400, 121.788, $121.79, 0.0019%, 6714337, 27364735.09, 851.13, 35178218153.95
17-May-2016, 122.22, $1277.00, 95.529840, 121.99160223, 122.235, $122.25, 0.0121%, 8239431, 27517582.83, 855.89, 35133581446.45
18-May-2016, 120.10, $1272.90, 95.528740, 121.59852992, 120.132, $120.08, -0.0434%, 13364582, 27517582.83, 855.89, 35020376616.31
19-May-2016, 119.87, $1246.25, 95.527300, 119.05089692, 119.839, $119.85, 0.0092%, 12845308, 27660873.78, 860.34, 34465234658.56
20-May-2016, 119.71, $1254.20, 95.526380, 119.80918664, 119.656, $119.68, 0.0198%, 6996806, 27947452.92, 869.26, 35044187089.98
23-May-2016, 119.37, $1245.90, 95.523100, 119.01222834, 119.366, $119.36, -0.0047%, 7837068, 28052528.33, 872.52, 34941990241.97
24-May-2016, 117.30, $1236.85, 95.521880, 118.14623895, 117.287, $117.30, 0.0115%, 12132811, 27928349.89, 868.66, 34534145647.02
25-May-2016, 116.98, $1220.60, 95.520500, 116.59232808, 116.951, $116.97, 0.0167%, 10261968, 27928349.89, 868.66, 34079937498.92
26-May-2016, 116.58, $1223.85, 95.519530, 116.90157778, 116.529, $116.55, 0.0180%, 5677578, 27928349.89, 868.66, 34170331185.73
27-May-2016, 115.63, $1216.25, 95.518320, 116.17415190, 115.630, $115.64, 0.0089%, 8307777, 27928349.89, 868.66, 33957704600.07
30-May-2016, HOLIDAY, HOLIDAY, HOLIDAY, HOLIDAY, HOLIDAY, HOLIDAY, HOLIDAY, HOLIDAY, HOLIDAY, HOLIDAY, HOLIDAY
31-May-2016, 116.04, $1212.10, 95.514030, 115.77255816, 116.050, $116.05, 0.0004%, 7577008, 27928349.89, 868.66, 33840318749.24
01-Jun-2016, 115.94, $1214.50, 95.513050, 116.00060286, 115.919, $115.93, 0.0091%, 8025408, 27995209.02, 870.74, 33988176636.34
02-Jun-2016, 115.67, $1212.40, 95.511950, 115.79868903, 115.655, $115.68, 0.0213%, 4402970, 28138476.95, 875.20, 34102713916.69
03-Jun-2016, 118.88, $1240.50, 95.511690, 118.48225389, 118.826, $118.86, 0.0285%, 4402970, 28339051.50, 881.44, 35141836498.30
06-Jun-2016, 118.92, $1244.00, 95.508660, 118.81277787, 118.951, $118.94, -0.0095%, 9420385, 28329699.29, 881.15, 35239869915.76
07-Jun-2016, 118.82, $1241.00, 95.507610, 118.52493800, 118.816, $118.82, 0.0032%, 4223846, 28329699.29, 881.15, 35154496611.55
08-Jun-2016, 120.58, $1263.00, 95.506690, 120.62494600, 120.563, $120.59, 0.0225%, 10746746, 28329699.29, 881.15, 35777358982.28
09-Jun-2016, 121.25, $1263.90, 95.505650, 120.70959010, 121.259, $121.25, -0.0072%, 11814032, 28530261.16, 887.38, 36055954564.78
10-Jun-2016, 121.74, $1275.50, 95.504690, 121.81623007, 121.778, $121.75, -0.0230%, 13133594, 28740371.47, 893.92, 36654503633.70
13-Jun-2016, 122.67, $1280.80, 95.501610, 122.31845850, 122.667, $122.66, -0.0057%, 12090955, 28816772.76, 896.29, 36903478933.57
14-Jun-2016, 122.77, $1287.15, 95.500630, 122.92363316, 122.757, $122.78, 0.0191%, 11372623, 28893173.27, 898.67, 37184399032.77
15-Jun-2016, 123.68, $1283.30, 95.499540, 122.55456246, 123.596, $123.66, 0.0522%, 14504170, 28960022.94, 900.75, 37158543336.33
16-Jun-2016, 122.42, $1310.75, 95.498810, 125.17506983, 122.391, $122.39, -0.0010%, 25658266, 29017322.23, 902.53, 38028186212.95
17-Jun-2016, 123.95, $1290.70, 95.497530, 123.25865587, 123.975, $123.97, -0.0039%, 14011872, 29189217.78, 907.88, 37667845243.64
20-Jun-2016, 123.21, $1281.80, 95.494260, 122.40454531, 123.267, $123.22, -0.0380%, 10201130, 29217866.06, 908.77, 37443550409.45
21-Jun-2016, 120.84, $1272.60, 95.493070, 121.52448434, 120.842, $120.86, 0.0151%, 13773079, 29332457.75, 912.33, 37320169137.36
22-Jun-2016, 120.90, $1264.85, 95.491900, 120.78292805, 120.945, $120.92, -0.0209%, 7470703, 29447048.03, 915.90, 37237376719.23
23-Jun-2016, 120.06, $1262.15, 95.490810, 120.52372232, 120.145, $120.11, -0.0288%, 8947671, 29447048.03, 915.90, 37157463592.63
24-Jun-2016, 126.01, $1315.50, 95.490710, 125.61803549, 126.029, $125.95, -0.0624%, 33457914, 30039090.43, 934.31, 39506872122.74
27-Jun-2016, 126.68, $1324.55, 95.487760, 126.47830724, 126.622, $126.67, 0.0383%, 20499496, 30459236.57, 947.38, 40333932201.94
28-Jun-2016, 125.32, $1309.70, 95.486420, 125.05856593, 125.291, $125.35, 0.0474%, 14990586, 30459236.57, 947.38, 39881176674.24
29-Jun-2016, 125.84, $1321.50, 95.485620, 126.18424546, 125.700, $125.84, 0.1113%, 11259587, 30545173.63, 950.05, 40353721700.00
30-Jun-2016, 126.52, $1320.75, 95.484560, 126.11123216, 126.388, $126.47, 0.0648%, 15876850, 30545173.63, 950.05, 40330372045.86
01-Jul-2016, 128.41, $1340.00, 95.483930, 127.94846605, 128.330, $128.40, 0.0542%, 13761434, 30669302.74, 953.91, 41084252449.04
04-Jul-2016, HOLIDAY, HOLIDAY, HOLIDAY, HOLIDAY, HOLIDAY, HOLIDAY, HOLIDAY, HOLIDAY, HOLIDAY, HOLIDAY, HOLIDAY
05-Jul-2016, 129.47, $1350.75, 95.480010, 128.96961770, 129.476, $129.44, -0.0275%, 18241728, 31595458.84, 982.72, 42663149591.65
06-Jul-2016, 130.23, $1366.25, 95.479330, 130.44863237, 130.280, $130.22, -0.0458%, 16694526, 31586554.16, 982.44, 43152407587.44
07-Jul-2016, 129.74, $1356.70, 95.478240, 129.53533156, 129.767, $129.76, -0.0057%, 16148257, 31452884.62, 978.29, 42668938221.48
08-Jul-2016, 130.52, $1354.25, 95.477190, 129.29997926, 130.434, $130.51, 0.0581%, 17029651, 31548361.81, 981.26, 42720713153.71
11-Jul-2016, 129.29, $1357.10, 95.474080, 129.56787027, 129.272, $129.32, 0.0372%, 10334279, 31548361.81, 981.26, 42809224338.40
12-Jul-2016, 127.15, $1342.40, 95.472910, 128.16283483, 127.213, $127.15, -0.0494%, 24895461, 31032808.10, 965.22, 41652921322.17
13-Jul-2016, 128.32, $1342.75, 95.471870, 128.19485373, 128.262, $128.32, 0.0455%, 6754286, 31032808.10, 965.22, 41663327463.11
14-Jul-2016, 127.33, $1323.60, 95.470630, 126.36492414, 127.339, $127.35, 0.0089%, 11746798, 30956431.59, 962.85, 40967508405.32
15-Jul-2016, 126.84, $1327.00, 95.469620, 126.68819059, 126.884, $126.87, -0.0110%, 11935489, 30956431.59, 962.85, 41072311390.10
18-Jul-2016, 127.07, $1334.70, 95.466600, 127.41926801, 127.104, $127.04, -0.0505%, 7379542, 31032804.87, 965.22, 41411262106.66
19-Jul-2016, 127.21, $1330.90, 95.465500, 127.05503432, 127.211, $127.20, -0.0084%, 4903732, 31032804.87, 965.22, 41292886154.84
20-Jul-2016, 125.39, $1315.90, 95.464230, 125.62137809, 125.440, $125.41, -0.0239%, 10276078, 31032804.87, 965.22, 40826947880.73
21-Jul-2016, 127.33, $1321.15, 95.463270, 126.12129886, 127.295, $127.31, 0.0114%, 8581100, 30965980.58, 963.14, 40901137220.17
22-Jul-2016, 126.35, $1320.75, 95.462220, 126.08172666, 126.325, $126.38, 0.0434%, 6812808, 30965980.58, 963.14, 40888303956.35
25-Jul-2016, 125.47, $1313.15, 95.458940, 125.35191024, 125.505, $125.46, -0.0356%, 12281828, 30822792.17, 958.69, 40463596629.88
26-Jul-2016, 126.00, $1323.00, 95.458100, 126.29106440, 126.019, $125.99, -0.0230%, 6991792, 30679605.02, 954.23, 40577318990.16
27-Jul-2016, 128.03, $1329.00, 95.457180, 126.86259303, 128.006, $128.05, 0.0342%, 13057222, 30679605.02, 954.23, 40760951140.55
28-Jul-2016, 127.70, $1341.75, 95.456410, 128.07863789, 127.630, $127.68, 0.0392%, 8449279, 30679605.02, 954.23, 41151666354.69
29-Jul-2016, 128.98, $1342.00, 95.455370, 128.10110933, 129.113, $129.01, -0.0797%, 11293110, 30803697.00, 958.09, 41325417865.64
01-Aug-2016, 129.22, $1349.65, 95.452430, 128.82736719, 129.233, $129.21, -0.0178%, 6698426, 30994601.86, 964.03, 41817363399.70
02-Aug-2016, 130.27, $1363.75, 95.451730, 130.17229048, 130.263, $130.28, 0.0131%, 7197574, 31185505.32, 969.97, 42514270082.98
03-Aug-2016, 129.65, $1358.90, 95.450560, 129.70776913, 129.603, $129.65, 0.0364%, 4662480, 31175168.44, 969.65, 42362557398.32
04-Aug-2016, 129.87, $1362.75, 95.449530, 130.07384417, 129.840, $129.88, 0.0308%, 4613116, 31289707.88, 973.21, 42638206122.72
05-Aug-2016, 127.55, $1340.40, 95.448420, 127.93905675, 127.555, $127.57, 0.0115%, 15456030, 31518784.09, 980.34, 42245476552.42
08-Aug-2016, 127.44, $1336.80, 95.445270, 127.59123285, 127.486, $127.45, -0.0284%, 6451508, 31308804.49, 973.81, 41849924366.09
09-Aug-2016, 127.96, $1341.00, 95.444250, 127.99073943, 127.967, $127.97, 0.0024%, 6788460, 31270626.79, 972.62, 41929766235.90
10-Aug-2016, 128.56, $1347.70, 95.443250, 128.62887331, 128.529, $128.55, 0.0166%, 5838139, 31270626.79, 972.62, 42138818896.84
11-Aug-2016, 127.67, $1355.00, 95.442270, 129.32427181, 127.659, $127.68, 0.0166%, 9680534, 31261082.57, 972.32, 42353699016.49
12-Aug-2016, 127.40, $1352.20, 95.441200, 129.05559102, 127.388, $127.39, 0.0014%, 14126093, 30879317.77, 960.45, 41749483697.40
15-Aug-2016, 127.84, $1339.40, 95.437930, 127.82956392, 127.887, $127.86, -0.0210%, 4195541, 30879317.77, 960.45, 41352863929.17
16-Aug-2016, 128.47, $1344.00, 95.436940, 128.26724975, 128.506, $128.48, -0.0201%, 8645888, 30936579.93, 962.23, 41571415643.04
17-Aug-2016, 128.51, $1343.35, 95.435890, 128.20380362, 128.476, $128.48, 0.0033%, 12031450, 30793426.09, 957.78, 41358547049.19
18-Aug-2016, 129.12, $1350.05, 95.434940, 128.84193659, 129.114, $129.10, -0.0108%, 8713243, 30736165.13, 955.99, 41487103578.78
19-Aug-2016, 127.97, $1346.40, 95.433840, 128.49212544, 127.958, $127.99, 0.0252%, 10052614, 30736165.13, 955.99, 41374464391.17
22-Aug-2016, 127.78, $1335.90, 95.430540, 127.48565733, 127.705, $127.77, 0.0508%, 7592914, 30812509.56, 958.37, 41152370186.13
23-Aug-2016, 127.78, $1342.00, 95.429600, 128.06652629, 127.713, $127.76, 0.0365%, 7895477, 30812509.56, 958.37, 41339874687.60
24-Aug-2016, 126.32, $1327.25, 95.428290, 126.65719745, 126.380, $126.34, -0.0320%, 12392706, 30812509.56, 958.37, 40884943336.70
25-Aug-2016, 126.23, $1321.30, 95.427130, 126.08786889, 126.183, $126.21, 0.0212%, 5423123, 30755253.28, 956.59, 40625511358.36
26-Aug-2016, 126.05, $1318.75, 95.426040, 125.84308605, 126.120, $126.07, -0.0395%, 17622333, 30755253.28, 956.59, 40546642324.94
29-Aug-2016, 126.30, $1318.75, 95.422910, 125.83896009, 126.278, $126.28, 0.0017%, 4858196, 30755253.28, 956.59, 40545312941.36
30-Aug-2016, 125.03, $1318.15, 95.421850, 125.78031308, 125.103, $125.04, -0.0502%, 9357171, 30717084.54, 955.40, 40476104748.25
31-Aug-2016, 124.78, $1309.25, 95.420590, 124.92940746, 124.886, $124.79, -0.0772%, 12884971, 30325860.13, 943.23, 39690072751.22
01-Sep-2016, 125.29, $1309.50, 95.419550, 124.95190545, 125.314, $125.30, -0.0116%, 11732120, 30154104.94, 937.89, 39472306940.80
02-Sep-2016, 126.57, $1324.70, 95.418910, 126.40143379, 126.506, $126.56, 0.0424%, 10812695, 30154104.94, 937.89, 39930212935.27
05-Sep-2016, HOLIDAY, HOLIDAY, HOLIDAY, HOLIDAY, HOLIDAY, HOLIDAY, HOLIDAY, HOLIDAY, HOLIDAY, HOLIDAY, HOLIDAY
06-Sep-2016, 128.71, $1337.25, 95.415100, 127.59384843, 128.720, $128.72, 0.0002%, 13620009, 30612097.42, 952.14, 40919347161.98
07-Sep-2016, 128.27, $1348.35, 95.414380, 128.65198168, 128.337, $128.29, -0.0367%, 6488409, 30601670.14, 951.81, 41258690523.70
08-Sep-2016, 127.59, $1343.40, 95.413310, 128.17824446, 127.653, $127.60, -0.0419%, 9831780, 30563504.82, 950.62, 41055491701.10
09-Sep-2016, 126.71, $1330.85, 95.412190, 126.97931693, 126.817, $126.75, -0.0529%, 11146040, 30220020.93, 939.94, 40214349686.80
12-Sep-2016, 126.58, $1324.60, 95.409010, 126.37877528, 126.603, $126.59, -0.0103%, 11028770, 30220020.93, 939.94, 40024158131.33
13-Sep-2016, 125.75, $1323.65, 95.407960, 126.28674456, 125.767, $125.74, -0.0213%, 8674113, 30076908.99, 935.49, 39805581883.33
14-Sep-2016, 126.18, $1321.75, 95.406900, 126.10406519, 126.176, $126.17, -0.0045%, 5767081, 30076908.99, 935.49, 39748001347.11
15-Sep-2016, 125.37, $1310.80, 95.405730, 125.05783118, 125.330, $125.37, 0.0321%, 12721757, 29971962.69, 932.22, 39280664774.67
16-Sep-2016, 125.06, $1308.35, 95.404660, 124.82268377, 124.975, $125.10, 0.0998%, 18588752, 30305879.00, 942.61, 39643685725.92
19-Sep-2016, 125.32, $1314.85, 95.401630, 125.43882874, 125.272, $125.32, 0.0384%, 4493821, 30305879.00, 942.61, 39839372007.80
20-Sep-2016, 125.44, $1313.80, 95.400570, 125.33726631, 125.390, $125.43, 0.0321%, 5345152, 30181858.26, 938.75, 39644177330.15
21-Sep-2016, 127.27, $1326.10, 95.399720, 126.50956959, 127.258, $127.30, 0.0326%, 13321174, 30363117.73, 944.39, 40255345040.30
22-Sep-2016, 127.57, $1339.10, 95.398890, 127.74865276, 127.606, $127.58, -0.0200%, 17556208, 30572995.28, 950.92, 40930668345.66
23-Sep-2016, 127.65, $1338.65, 95.397840, 127.70431747, 127.580, $127.65, 0.0546%, 7595144, 30582535.07, 951.22, 40929233750.29
26-Sep-2016, 127.55, $1340.50, 95.394750, 127.87665802, 127.509, $127.57, 0.0475%, 5813966, 30582535.07, 951.22, 40984468894.44
27-Sep-2016, 126.62, $1327.00, 95.393430, 126.58708663, 126.582, $126.61, 0.0219%, 6079036, 30515759.67, 949.14, 40482550308.41
28-Sep-2016, 126.22, $1322.50, 95.392300, 126.15631163, 126.233, $126.22, -0.0100%, 6562386, 30515759.67, 949.14, 40344788458.47
29-Sep-2016, 126.07, $1318.10, 95.391160, 125.73508335, 126.038, $126.07, 0.0250%, 6746772, 30515759.67, 949.14, 40210079656.72
30-Sep-2016, 125.64, $1322.50, 95.390210, 126.15355872, 125.681, $125.66, -0.0170%, 10815700, 30477603.58, 947.95, 40293446656.34
03-Oct-2016, 125.32, $1313.30, 95.386850, 125.27154375, 125.279, $125.31, 0.0246%, 9342266, 30477603.58, 947.95, 40011731074.70
04-Oct-2016, 120.97, $1283.30, 95.384990, 122.40755949, 120.972, $121.00, 0.0231%, 24287494, 30477603.58, 947.95, 39096974502.56
05-Oct-2016, 120.78, $1269.40, 95.383550, 121.07987475, 120.822, $120.79, -0.0268%, 14593755, 30467217.51, 947.63, 38672911995.41
06-Oct-2016, 119.66, $1254.50, 95.382440, 119.65726868, 119.681, $119.65, -0.0260%, 16032930, 30467217.51, 947.63, 38218531616.70
07-Oct-2016, 119.74, $1258.75, 95.381410, 120.06135579, 119.737, $119.73, -0.0059%, 17335756, 30829666.87, 958.90, 38803830168.26
10-Oct-2016, 120.16, $1259.50, 95.378280, 120.12894937, 120.151, $120.15, -0.0007%, 4748249, 30829666.87, 958.90, 38825676436.63
11-Oct-2016, 119.55, $1253.45, 95.377190, 119.55053685, 119.565, $119.55, -0.0124%, 5808735, 30829666.87, 958.90, 38638733509.26
12-Oct-2016, 119.74, $1256.50, 95.376170, 119.84015942, 119.709, $119.72, 0.0088%, 4576773, 30829666.87, 958.90, 38732339524.56
13-Oct-2016, 120.03, $1261.05, 95.375170, 120.27286048, 120.025, $120.02, -0.0041%, 6921038, 30915504.52, 961.57, 38980434079.88
14-Oct-2016, 119.36, $1251.75, 95.374030, 119.38443646, 119.370, $119.35, -0.0169%, 6507409, 31039490.76, 965.43, 38847695630.50
17-Oct-2016, 119.68, $1254.80, 95.370930, 119.67144397, 119.662, $119.66, -0.0016%, 4239087, 31096713.32, 967.21, 39012890735.10
18-Oct-2016, 120.42, $1258.20, 95.369930, 119.99445050, 120.414, $120.43, 0.0132%, 4576796, 31096713.32, 967.21, 39118190863.17
19-Oct-2016, 121.11, $1269.05, 95.369050, 121.02809145, 121.047, $121.09, 0.0354%, 5631526, 31096713.32, 967.21, 39455157812.64
20-Oct-2016, 120.74, $1271.65, 95.368040, 121.27477299, 120.741, $120.76, 0.0160%, 6493203, 31192081.36, 970.17, 39656850764.00
21-Oct-2016, 120.83, $1266.05, 95.366910, 120.73927348, 120.811, $120.84, 0.0242%, 6557871, 30658026.66, 953.56, 38805602479.16
24-Oct-2016, 120.56, $1265.55, 95.363760, 120.68760998, 120.564, $120.57, 0.0053%, 5076600, 30658026.66, 953.56, 38788997847.16
25-Oct-2016, 121.47, $1269.40, 95.362790, 121.05353102, 121.459, $121.47, 0.0092%, 6011374, 30762925.73, 956.83, 39039763749.58
26-Oct-2016, 120.79, $1270.50, 95.361770, 121.15713105, 120.823, $120.80, -0.0193%, 3899352, 30305189.24, 942.59, 38491620545.85
27-Oct-2016, 121.01, $1266.25, 95.360630, 120.75040314, 121.056, $121.04, -0.0128%, 4232578, 30305189.24, 942.59, 38362403077.09
28-Oct-2016, 121.58, $1273.00, 95.359740, 121.39295075, 121.598, $121.59, -0.0066%, 11116677, 30305189.24, 942.59, 38566540452.78
31-Oct-2016, 121.94, $1272.00, 95.356580, 121.29357151, 121.789, $121.93, 0.1154%, 7091562, 30305189.24, 942.59, 38534967668.49
01-Nov-2016, 122.73, $1288.45, 95.355950, 122.86137950, 122.833, $122.74, -0.0755%, 12031800, 30391009.59, 945.26, 39143635503.56
02-Nov-2016, 123.64, $1303.75, 95.355300, 124.31947233, 123.628, $123.63, 0.0015%, 14953944, 30391009.59, 945.26, 39608183883.24
03-Nov-2016, 124.30, $1301.00, 95.354180, 124.05579241, 124.204, $124.29, 0.0696%, 9914073, 30533404.85, 949.69, 39722664721.56
04-Nov-2016, 124.39, $1302.80, 95.353140, 124.22607411, 124.417, $124.38, -0.0296%, 7850504, 30533404.85, 949.69, 39777188931.10
07-Nov-2016, 122.15, $1283.05, 95.349910, 122.33870414, 122.220, $122.13, -0.0732%, 9837551, 30533404.85, 949.69, 39172853065.15
08-Nov-2016, 121.64, $1282.35, 95.348860, 122.27061407, 121.675, $121.62, -0.0449%, 8979548, 30533404.85, 949.69, 39151050624.45
09-Nov-2016, 121.56, $1281.40, 95.347810, 122.17868568, 121.564, $121.54, -0.0195%, 17801092, 30705030.90, 955.03, 39341536785.83
10-Nov-2016, 119.75, $1267.50, 95.346660, 120.85189563, 119.789, $119.77, -0.0157%, 21827252, 30275970.93, 941.68, 38370476881.44
11-Nov-2016, 117.10, $1267.50, 95.345350, 117.88975681, 117.032, $117.07, 0.0328%, 20380602, 30047142.09, 934.56, 37147062368.50
14-Nov-2016, 116.11, $1213.60, 95.341950, 115.70698647, 116.069, $116.13, 0.0523%, 20704978, 29865992.39, 928.93, 36239428153.92
15-Nov-2016, 117.12, $1226.95, 95.341070, 116.97872809, 117.084, $117.09, 0.0055%, 9090950, 29818321.85, 927.45, 36579248275.53
16-Nov-2016, 116.77, $1229.20, 95.340060, 117.19199839, 116.787, $116.78, -0.0058%, 5247932, 29780185.83, 926.26, 36599061095.28
17-Nov-2016, 116.17, $1226.75, 95.338980, 116.95709047, 116.233, $116.15, -0.0710%, 10173642, 29599041.77, 920.63, 36303480875.91
18-Nov-2016, 115.15, $1211.00, 95.337690, 115.45394082, 115.216, $115.18, -0.0309%, 9873107, 29427433.93, 915.29, 35629086133.93
21-Nov-2016, 115.58, $1214.25, 95.334610, 115.76005474, 115.569, $115.57, 0.0005%, 6612550, 29217697.78, 908.76, 35468880781.28
22-Nov-2016, 115.54, $1212.25, 95.333530, 115.56807221, 115.563, $115.55, -0.0115%, 5406827, 29093764.19, 904.91, 35259818832.78
23-Nov-2016, 113.25, $1185.35, 95.331930, 113.00170024, 113.278, $113.24, -0.0337%, 20778657, 28664770.51, 891.57, 33968311079.15
24-Nov-2016, HOLIDAY, HOLIDAY, HOLIDAY, HOLIDAY, HOLIDAY, HOLIDAY, HOLIDAY, HOLIDAY, HOLIDAY, HOLIDAY, HOLIDAY
25-Nov-2016, 112.61, $1187.70, 95.329890, 113.22331274, 112.885, $112.60, -0.2524%, 5486912, 28455044.75, 885.04, 33785836526.40
28-Nov-2016, 113.80, $1187.00, 95.326740, 113.15284001, 113.806, $113.79, -0.0139%, 5499180, 28455044.75, 885.04, 33764807458.31
29-Nov-2016, 113.27, $1186.55, 95.325680, 113.10868902, 113.318, $113.28, -0.0339%, 7363635, 28455044.75, 885.04, 33751632803.21
30-Nov-2016, 111.75, $1178.10, 95.324400, 112.30167704, 111.801, $111.77, -0.0279%, 8760912, 28416914.99, 883.86, 33465899758.92
01-Dec-2016, 111.54, $1161.85, 95.322880, 110.75088323, 111.588, $111.55, -0.0339%, 10185442, 27978429.74, 870.22, 32494309115.88
02-Dec-2016, 112.14, $1173.50, 95.322190, 111.86059355, 112.085, $112.11, 0.0227%, 6477791, 27978429.74, 870.22, 32819898148.33
05-Dec-2016, 111.54, $1162.20, 95.318680, 110.77936727, 111.513, $111.52, 0.0060%, 9499307, 27968046.17, 869.90, 32502666358.44
06-Dec-2016, 111.43, $1172.50, 95.317680, 111.75997915, 111.398, $111.41, 0.0110%, 5331706, 27968046.17, 869.90, 32790377883.46
07-Dec-2016, 111.83, $1177.65, 95.316660, 112.24966734, 111.816, $111.81, -0.0053%, 4889388, 27767881.19, 863.67, 32698328100.40
08-Dec-2016, 111.57, $1171.05, 95.315580, 111.61930572, 111.595, $111.57, -0.0228%, 5804748, 27672565.61, 860.71, 32403084445.19
09-Dec-2016, 110.40, $1163.60, 95.314480, 110.90792624, 110.427, $110.41, -0.0150%, 10318938, 27567719.68, 857.45, 32074572266.61
12-Dec-2016, 110.82, $1156.10, 95.311270, 110.18935733, 110.785, $110.80, 0.0135%, 6006478, 27529595.17, 856.26, 31822686396.24
13-Dec-2016, 110.45, $1158.55, 95.310250, 110.42169122, 110.455, $110.44, -0.0136%, 7571885, 27529595.17, 856.26, 31889784423.48
14-Dec-2016, 108.83, $1162.25, 95.309250, 110.77317636, 108.776, $108.88, 0.0952%, 12745378, 27310383.89, 849.44, 31736515027.89
15-Dec-2016, 107.34, $1126.95, 95.307740, 107.40705495, 107.402, $107.38, -0.0208%, 13652806, 27081645.32, 842.33, 30514344305.78
16-Dec-2016, 108.05, $1131.60, 95.306760, 107.84913120, 108.054, $108.02, -0.0315%, 9698260, 26910093.15, 836.99, 30445809739.38
19-Dec-2016, 108.59, $1136.25, 95.303710, 108.28883937, 108.551, $108.57, 0.0176%, 5118428, 26624182.02, 828.10, 30245072832.60
20-Dec-2016, 107.79, $1125.70, 95.302470, 107.28198832, 107.816, $107.82, 0.0040%, 7130501, 26624182.02, 828.10, 29963859337.62
21-Dec-2016, 107.85, $1133.65, 95.301580, 108.03863550, 107.848, $107.84, -0.0074%, 5105168, 26509820.12, 824.54, 30045544530.63
22-Dec-2016, 107.59, $1131.35, 95.300490, 107.81820693, 107.575, $107.57, -0.0048%, 4916383, 26509820.12, 824.54, 29984243346.31
23-Dec-2016, 107.93, $1131.35, 95.299440, 107.78366205, 107.915, $107.91, -0.0048%, 4781501, 26509820.12, 824.54, 29974636416.49
26-Dec-2016, HOLIDAY, HOLIDAY, HOLIDAY, HOLIDAY, HOLIDAY, HOLIDAY, HOLIDAY, HOLIDAY, HOLIDAY, HOLIDAY, HOLIDAY
27-Dec-2016, 108.56, $1131.35, 95.295260, 107.77893737, 108.551, $108.54, -0.0100%, 3623250, 26471702.02, 823.36, 29930210905.80
28-Dec-2016, 108.86, $1134.60, 95.294310, 108.12092181, 108.826, $108.84, 0.0128%, 5054025, 26471702.02, 823.36, 30025179986.40
29-Dec-2016, 110.29, $1145.90, 95.293560, 109.19689556, 110.253, $110.29, 0.0338%, 7444764, 26471702.02, 823.36, 30323977898.02
30-Dec-2016, 109.61, $1159.10, 95.292880, 110.45397270, 109.625, $109.60, -0.0227%, 8789170, 26433584.87, 822.17, 30628886626.90
02-Jan-2017, HOLIDAY, HOLIDAY, HOLIDAY, HOLIDAY, HOLIDAY, HOLIDAY, HOLIDAY, HOLIDAY, HOLIDAY, HOLIDAY, HOLIDAY
03-Jan-2017, 110.47, $1151.00, 95.288450, 109.67700801, 110.496, $110.49, -0.0059%, 9348809, 26166777.21, 813.87, 30106338705.19
04-Jan-2017, 110.86, $1164.25, 95.287830, 110.93885163, 110.867, $110.87, 0.0024%, 4863038, 26166777.21, 813.87, 30452714771.15
05-Jan-2017, 112.58, $1176.70, 95.287180, 112.12442204, 112.547, $112.57, 0.0208%, 8511340, 26157754.31, 813.59, 30778153848.86
06-Jan-2017, 111.75, $1175.85, 95.286130, 112.04219565, 111.754, $111.78, 0.0229%, 7070485, 26157754.31, 813.59, 30755582706.53
09-Jan-2017, 112.67, $1178.50, 95.283020, 112.29103411, 112.686, $112.68, -0.0057%, 5656311, 25881433.55, 805.00, 30498244851.12
10-Jan-2017, 113.15, $1189.50, 95.282060, 113.33800910, 113.128, $113.15, 0.0191%, 5983438, 25881433.55, 805.00, 30782603272.86
11-Jan-2017, 113.50, $1178.55, 95.280920, 112.29332599, 113.518, $113.50, -0.0156%, 9835838, 25881433.55, 805.00, 30498867337.68
12-Jan-2017, 113.91, $1205.05, 95.280130, 114.81731803, 113.984, $113.90, -0.0734%, 8441763, 25881433.55, 805.00, 31184383576.29
13-Jan-2017, 114.21, $1190.35, 95.278930, 113.41527587, 114.168, $114.19, 0.0193%, 7253340, 25976712.48, 807.96, 30917004200.18
16-Jan-2017, HOLIDAY, HOLIDAY, HOLIDAY, HOLIDAY, HOLIDAY, HOLIDAY, HOLIDAY, HOLIDAY, HOLIDAY, HOLIDAY, HOLIDAY
17-Jan-2017, 115.85, $1216.05, 95.275100, 115.85927935, 115.826, $115.85, 0.0208%, 9116896, 25976712.48, 807.96, 31583239549.90
18-Jan-2017, 114.87, $1214.75, 95.274030, 115.73413087, 114.858, $114.88, 0.0195%, 6466336, 25976712.48, 807.96, 31549124076.07
19-Jan-2017, 114.77, $1196.05, 95.272700, 113.95091391, 114.761, $114.79, 0.0255%, 6417046, 25976712.48, 807.96, 31063019132.35
20-Jan-2017, 115.05, $1200.55, 95.271730, 114.37847631, 115.074, $115.03, -0.0382%, 11677594, 26014821.17, 809.15, 31225324030.99
23-Jan-2017, 115.79, $1212.85, 95.268830, 115.54679945, 115.804, $115.79, -0.0121%, 6343675, 25948132.99, 807.07, 31463393489.66
24-Jan-2017, 115.27, $1216.80, 95.267860, 115.92193422, 115.250, $115.25, -0.0003%, 5758986, 25852865.13, 804.11, 31449620755.37
25-Jan-2017, 114.32, $1195.00, 95.266370, 113.84330932, 114.313, $114.32, 0.0061%, 6679537, 25690912.30, 799.07, 30692156187.88
26-Jan-2017, 113.26, $1189.70, 95.265210, 113.33701592, 113.256, $113.28, 0.0212%, 5344951, 25690912.30, 799.07, 30555659492.48
27-Jan-2017, 113.49, $1184.85, 95.264050, 112.87360934, 113.445, $113.48, 0.0307%, 6363097, 25690912.30, 799.07, 30430725076.78
30-Jan-2017, 113.97, $1192.80, 95.261120, 113.62746714, 113.937, $113.96, 0.0201%, 6873789, 25690912.30, 799.07, 30633965140.05
31-Jan-2017, 115.55, $1212.80, 95.260600, 115.53205505, 115.494, $115.51, 0.0139%, 10405241, 25690912.30, 799.07, 31147442040.48
01-Feb-2017, 115.20, $1203.65, 95.259310, 114.65887028, 115.157, $115.18, 0.0199%, 6930687, 26033845.82, 809.74, 31324803353.77
02-Feb-2017, 115.84, $1221.95, 95.258760, 116.40144299, 115.823, $115.82, -0.0028%, 7058812, 26081475.20, 811.22, 31859074946.54
03-Feb-2017, 116.13, $1215.20, 95.257530, 115.75695206, 116.095, $116.14, 0.0387%, 8875367, 26187146.65, 814.50, 31821586118.28
06-Feb-2017, 117.70, $1226.75, 95.254450, 116.85339458, 117.654, $117.68, 0.0225%, 8432646, 26320502.88, 818.65, 32286592924.91
07-Feb-2017, 117.46, $1231.00, 95.253430, 117.25696710, 117.433, $117.46, 0.0228%, 8607440, 26587212.48, 826.95, 32726419533.09
08-Feb-2017, 118.19, $1242.10, 95.252450, 118.31306239, 118.146, $118.17, 0.0200%, 9566021, 26768192.14, 832.58, 33245970541.26
09-Feb-2017, 117.29, $1236.80, 95.251370, 117.80689088, 117.254, $117.30, 0.0389%, 8116306, 26768192.14, 832.58, 33103736338.28
10-Feb-2017, 117.60, $1228.30, 95.250260, 116.99589473, 117.529, $117.57, 0.0346%, 8620601, 26901542.50, 836.72, 33039640670.02
13-Feb-2017, 116.80, $1222.25, 95.247070, 116.41572910, 116.785, $116.78, -0.0045%, 7312570, 27034888.40, 840.87, 33038783922.48
14-Feb-2017, 116.93, $1230.75, 95.246120, 117.22415746, 116.938, $116.93, -0.0072%, 6916816, 27034888.40, 840.87, 33268215886.68
15-Feb-2017, 117.45, $1224.40, 95.245000, 116.61797619, 117.409, $117.43, 0.0183%, 7074634, 27120608.90, 843.54, 33201137823.70
16-Feb-2017, 118.08, $1240.55, 95.244150, 118.15513526, 118.060, $118.05, -0.0084%, 6301899, 27120608.90, 843.54, 33638767009.34
17-Feb-2017, 117.68, $1241.95, 95.243130, 118.28720338, 117.716, $117.67, -0.0389%, 6968217, 27044414.40, 841.17, 33581737037.45
20-Feb-2017, HOLIDAY, HOLIDAY, HOLIDAY, HOLIDAY, HOLIDAY, HOLIDAY, HOLIDAY, HOLIDAY, HOLIDAY, HOLIDAY, HOLIDAY
21-Feb-2017, 117.75, $1233.20, 95.238810, 117.44850416, 117.763, $117.73, -0.0278%, 5799965, 27044414.40, 841.17, 33343630330.98
22-Feb-2017, 117.91, $1236.65, 95.237830, 117.77586167, 117.936, $117.91, -0.0219%, 6000944, 27044414.40, 841.17, 33436567128.50
23-Feb-2017, 118.94, $1247.90, 95.236990, 118.84623821, 118.922, $118.95, 0.0232%, 7186585, 27044414.40, 841.17, 33740447028.06
24-Feb-2017, 119.70, $1253.65, 95.236050, 119.39267682, 119.729, $119.71, -0.0158%, 9241009, 27044414.40, 841.17, 33895580948.34
27-Feb-2017, 119.12, $1257.20, 95.233000, 119.72692217, 119.179, $119.14, -0.0330%, 8282320, 27044414.40, 841.17, 33990473204.25
28-Feb-2017, 119.23, $1255.60, 95.231920, 119.57319520, 119.202, $119.21, 0.0069%, 8503294, 27044414.40, 841.17, 33946830117.09
01-Mar-2017, 119.06, $1240.40, 95.230530, 118.12394330, 119.000, $119.03, 0.0252%, 8296084, 27120598.82, 843.54, 33629886662.69
02-Mar-2017, 117.58, $1238.10, 95.229430, 117.90355259, 117.630, $117.59, -0.0342%, 10818206, 27177736.48, 845.32, 33637883556.66
03-Mar-2017, 117.51, $1226.50, 95.228090, 116.79725424, 117.569, $117.53, -0.0328%, 10484306, 27025371.53, 840.58, 33135381030.29
06-Mar-2017, 116.72, $1230.95, 95.225090, 117.21731845, 116.770, $116.72, -0.0426%, 4867405, 26902866.65, 836.77, 33113892455.77
07-Mar-2017, 115.78, $1216.65, 95.223970, 115.85423995, 115.790, $115.76, -0.0263%, 6472676, 26902866.65, 836.77, 32728822786.67
08-Mar-2017, 115.06, $1209.20, 95.222880, 115.14350426, 115.124, $115.07, -0.0473%, 6978967, 26902866.65, 836.77, 32528039954.53
09-Mar-2017, 114.47, $1206.55, 95.221820, 114.88988201, 114.461, $114.45, -0.0099%, 6159603, 26817167.02, 834.10, 32352990769.29
10-Mar-2017, 114.72, $1202.65, 95.220740, 114.51722447, 114.693, $114.69, -0.0029%, 7593993, 26531504.80, 825.22, 31904498741.88
13-Mar-2017, 114.74, $1204.20, 95.217630, 114.66106683, 114.659, $114.72, 0.0531%, 5054156, 26750505.34, 832.03, 32208293681.21
14-Mar-2017, 114.12, $1204.60, 95.216590, 114.69790245, 114.146, $114.14, -0.0049%, 4599451, 26845721.93, 834.99, 32333338702.81
15-Mar-2017, 116.25, $1198.80, 95.215470, 114.14430963, 116.125, $116.22, 0.0820%, 13116788, 26988545.14, 839.43, 32348497342.14
16-Mar-2017, 116.73, $1229.35, 95.214820, 117.05234247, 116.781, $116.75, -0.0265%, 9179885, 26912373.28, 837.06, 33078991985.27
17-Mar-2017, 116.99, $1229.60, 95.213780, 117.07486729, 117.046, $116.98, -0.0566%, 4041106, 26817159.50, 834.10, 32968282631.46
20-Mar-2017, 117.51, $1232.40, 95.210700, 117.33766328, 117.528, $117.56, 0.0272%, 3670980, 26693385.59, 830.25, 32889747011.64
21-Mar-2017, 118.54, $1241.60, 95.209810, 118.21249744, 118.487, $118.52, 0.0281%, 9468326, 26826679.33, 834.40, 33300460532.36
22-Mar-2017, 118.83, $1249.05, 95.208890, 118.92066797, 118.911, $118.81, -0.0851%, 7238007, 26826679.33, 834.40, 33499952166.57
23-Mar-2017, 118.67, $1247.50, 95.207820, 118.77175771, 118.546, $118.65, 0.0876%, 6128137, 26826679.33, 834.40, 33458004146.53
24-Mar-2017, 118.86, $1247.50, 95.206780, 118.77045610, 118.528, $118.83, 0.2551%, 6756336, 26769555.26, 832.62, 33386375208.64
27-Mar-2017, 119.53, $1257.55, 95.203860, 119.72361675, 119.514, $119.52, 0.0049%, 8516988, 26855238.73, 835.28, 33762059921.18
28-Mar-2017, 119.04, $1257.25, 95.202810, 119.69373561, 119.037, $119.03, -0.0057%, 6962574, 26798117.05, 833.51, 33681817202.95
29-Mar-2017, 119.33, $1251.10, 95.201630, 119.10675719, 119.288, $119.29, 0.0020%, 4882207, 26798117.05, 833.51, 33516641473.43
30-Mar-2017, 118.47, $1248.80, 95.200530, 118.88642208, 118.487, $118.46, -0.0224%, 6853616, 26760036.84, 832.32, 33407084605.28
31-Mar-2017, 118.72, $1244.85, 95.199390, 118.50895912, 118.766, $118.74, -0.0219%, 8144023, 26760036.84, 832.32, 33301017513.12
03-Apr-2017, 119.35, $1247.25, 95.196320, 118.73361595, 119.276, $119.33, 0.0451%, 6045856, 26902831.32, 836.76, 33542246496.90
04-Apr-2017, 119.62, $1257.65, 95.195570, 119.72270899, 119.578, $119.60, 0.0184%, 4560895, 26902831.32, 836.76, 33821665290.13
05-Apr-2017, 119.62, $1245.80, 95.194190, 118.59291888, 119.569, $119.61, 0.0346%, 8035237, 26902831.32, 836.76, 33502499584.35
06-Apr-2017, 119.18, $1252.50, 95.193340, 119.22966169, 119.163, $119.17, 0.0059%, 4544231, 26902831.32, 836.76, 33682379428.14
07-Apr-2017, 119.46, $1266.45, 95.192370, 120.55637447, 119.462, $119.44, -0.0181%, 12149824, 26893877.75, 836.49, 34057175788.02
10-Apr-2017, 119.46, $1250.05, 95.189120, 118.99115522, 119.400, $119.43, 0.0247%, 4594049, 26950991.23, 838.26, 33686396046.37
11-Apr-2017, 121.19, $1252.90, 95.188100, 119.26116695, 121.160, $121.16, -0.0001%, 12384339, 27084254.57, 842.41, 33929802002.30
12-Apr-2017, 122.02, $1274.30, 95.187250, 121.29710673, 122.021, $122.00, -0.0168%, 9152940, 27084254.57, 842.41, 34509026864.73
13-Apr-2017, 122.60, $1284.15, 95.186300, 122.23348214, 122.546, $122.62, 0.0606%, 9344334, 27293664.43, 848.92, 35044339339.18
14-Apr-2017, HOLIDAY, HOLIDAY, HOLIDAY, HOLIDAY, HOLIDAY, HOLIDAY, HOLIDAY, HOLIDAY, HOLIDAY, HOLIDAY, HOLIDAY
17-Apr-2017, 122.24, $1284.15, 95.182120, 122.22812408, 122.181, $122.22, 0.0323%, 8376469, 27293664.43, 848.92, 35042803174.22
18-Apr-2017, 122.82, $1278.95, 95.181010, 121.73175320, 122.712, $122.82, 0.0879%, 10900161, 27293664.43, 848.92, 34900493643.85
19-Apr-2017, 121.73, $1279.05, 95.179970, 121.73993899, 121.768, $121.73, -0.0316%, 8388909, 27674384.31, 860.76, 35389800271.74
20-Apr-2017, 121.96, $1282.10, 95.178970, 122.02895901, 121.929, $121.94, 0.0090%, 11703608, 27464990.57, 854.25, 35205354679.07
21-Apr-2017, 122.31, $1281.85, 95.177920, 122.00382216, 122.304, $122.28, -0.0193%, 14315683, 27607757.45, 858.69, 35381108419.69
24-Apr-2017, 121.48, $1269.40, 95.174570, 120.81459450, 121.452, $121.46, 0.0064%, 11010747, 27655344.74, 860.17, 35096639703.99
25-Apr-2017, 120.25, $1267.80, 95.173490, 120.66095359, 120.290, $120.25, -0.0331%, 10322855, 27464997.76, 854.25, 34810685115.38
26-Apr-2017, 120.84, $1261.85, 95.172330, 120.09320167, 120.855, $120.83, -0.0203%, 9475086, 27464997.76, 854.25, 34646888682.64
27-Apr-2017, 120.39, $1262.80, 95.171300, 120.18232393, 120.349, $120.36, 0.0093%, 7533069, 27436446.37, 853.36, 34636545757.34
28-Apr-2017, 120.77, $1266.45, 95.170340, 120.52848061, 120.700, $120.74, 0.0333%, 8862164, 27436446.37, 853.36, 34736308110.54
01-May-2017, 119.67, $1266.45, 95.167210, 120.52451807, 119.625, $119.65, 0.0207%, 9193408, 27436446.37, 853.36, 34735166107.45
02-May-2017, 119.65, $1255.45, 95.165890, 119.47601612, 119.614, $119.62, 0.0050%, 4880975, 27436446.37, 853.36, 34432987845.47
03-May-2017, 117.98, $1250.30, 95.164710, 118.98443563, 118.071, $117.96, -0.0939%, 10674426, 27436446.37, 853.36, 34291314347.35
04-May-2017, 116.79, $1228.45, 95.163050, 116.90304916, 116.860, $116.80, -0.0515%, 12386047, 27427214.63, 853.08, 33691458768.74
05-May-2017, 117.01, $1228.05, 95.162010, 116.86370153, 117.006, $116.99, -0.0141%, 6445609, 27427214.63, 853.08, 33680118781.65
08-May-2017, 116.75, $1229.80, 95.158890, 117.02640042, 116.765, $116.76, -0.0040%, 5300669, 27389151.08, 851.89, 33680198040.63
09-May-2017, 116.05, $1220.40, 95.157780, 116.13055505, 116.040, $116.08, 0.0343%, 5829830, 27389151.08, 851.89, 33422373743.92
10-May-2017, 116.04, $1222.95, 95.156760, 116.37195636, 116.053, $116.05, -0.0027%, 3999035, 27389151.08, 851.89, 33491849041.18
11-May-2017, 116.50, $1223.15, 95.155720, 116.38971431, 116.509, $116.48, -0.0246%, 5759125, 27389151.08, 851.89, 33496959777.40
12-May-2017, 116.83, $1231.25, 95.154750, 117.15928555, 116.896, $116.81, -0.0733%, 5297805, 27389151.08, 851.89, 33718442379.90
15-May-2017, 117.14, $1233.30, 95.151650, 117.35052462, 117.101, $117.14, 0.0331%, 4328531, 27389151.08, 851.89, 33773480984.90
16-May-2017, 117.65, $1234.20, 95.150610, 117.43488822, 117.668, $117.65, -0.0153%, 4451385, 27389151.08, 851.89, 33797760830.39
17-May-2017, 119.79, $1257.40, 95.149880, 119.64145860, 119.832, $119.79, -0.0348%, 13634192, 27389151.08, 851.89, 34432811785.33
18-May-2017, 118.81, $1255.90, 95.148820, 119.49739806, 118.893, $118.82, -0.0616%, 9801492, 27351091.55, 850.71, 34343552201.85
19-May-2017, 119.40, $1252.00, 95.147720, 119.12493997, 119.439, $119.40, -0.0326%, 6621393, 27351091.55, 850.71, 34236507746.10
22-May-2017, 119.90, $1258.85, 95.144710, 119.77291266, 119.930, $119.89, -0.0333%, 4771177, 27408178.37, 852.48, 34494598849.43
23-May-2017, 119.14, $1260.20, 95.143690, 119.90007452, 119.106, $119.11, 0.0037%, 8246772, 27246434.10, 847.45, 34327391328.91
24-May-2017, 119.61, $1252.55, 95.142500, 119.17073769, 119.656, $119.62, -0.0301%, 6940269, 27246434.10, 847.45, 34118582201.67
25-May-2017, 119.48, $1256.95, 95.141540, 119.58816380, 119.503, $119.50, -0.0021%, 4061450, 27246434.10, 847.45, 34238091295.64
26-May-2017, 120.54, $1265.05, 95.140670, 120.35770095, 120.577, $120.55, -0.0220%, 6379850, 27246434.10, 847.45, 34458409781.31
29-May-2017, HOLIDAY, HOLIDAY, HOLIDAY, HOLIDAY, HOLIDAY, HOLIDAY, HOLIDAY, HOLIDAY, HOLIDAY, HOLIDAY, HOLIDAY
30-May-2017, 120.14, $1262.70, 95.136440, 120.12878408, 120.110, $120.14, 0.0252%, 4202552, 27246434.10, 847.45, 34392870882.05
31-May-2017, 120.62, $1266.20, 95.135480, 120.46054994, 120.679, $120.61, -0.0575%, 9066684, 27246434.10, 847.45, 34487855448.17
01-Jun-2017, 120.72, $1264.85, 95.134410, 120.33075521, 120.659, $120.65, -0.0074%, 7477543, 27246434.10, 847.45, 34450695216.13
02-Jun-2017, 121.61, $1274.95, 95.133630, 121.29061699, 121.579, $121.61, 0.0256%, 7005419, 27360594.46, 851.00, 34871052388.79
05-Jun-2017, 121.73, $1279.95, 95.130640, 121.76246062, 121.743, $121.74, -0.0028%, 3874365, 27360594.46, 851.00, 35006707428.88
06-Jun-2017, 123.10, $1293.50, 95.129980, 123.05062882, 123.055, $123.11, 0.0444%, 10508124, 27494337.43, 855.16, 35561631729.45
07-Jun-2017, 122.45, $1291.00, 95.128930, 122.81144264, 122.388, $122.45, 0.0506%, 8860061, 27808262.90, 864.93, 35897784703.12
08-Jun-2017, 121.65, $1273.10, 95.127780, 121.10718047, 121.616, $121.64, 0.0196%, 7960193, 27874852.34, 867.00, 35484403875.57
09-Jun-2017, 120.54, $1266.55, 95.126700, 120.48271919, 120.545, $120.57, 0.0211%, 6995393, 27874852.34, 867.00, 35301436723.43
12-Jun-2017, 120.36, $1266.40, 95.123570, 120.46448791, 120.403, $120.33, -0.0603%, 4830535, 27874852.34, 867.00, 35296094958.94
13-Jun-2017, 120.48, $1262.00, 95.122480, 120.04457388, 120.506, $120.50, -0.0049%, 3656633, 27874852.34, 867.00, 35173060146.22
14-Jun-2017, 119.82, $1275.50, 95.121580, 121.32758045, 119.791, $119.85, 0.0490%, 21122951, 27484853.87, 854.87, 35051537990.86
15-Jun-2017, 119.32, $1254.55, 95.120300, 119.33316887, 119.322, $119.31, -0.0099%, 6795386, 27446805.75, 853.68, 34427619217.22
16-Jun-2017, 119.34, $1255.40, 95.119270, 119.41272602, 119.308, $119.31, 0.0016%, 5713432, 27446805.75, 853.68, 34450571457.45
19-Jun-2017, 118.43, $1248.15, 95.116030, 118.71906997, 118.419, $118.41, -0.0080%, 6594065, 27446805.75, 853.68, 34250452938.54
20-Jun-2017, 118.18, $1242.20, 95.114890, 118.15171884, 118.207, $118.19, -0.0143%, 4356286, 27446805.75, 853.68, 34086770886.63
21-Jun-2017, 118.52, $1242.50, 95.113850, 118.17896459, 118.540, $118.54, -0.0003%, 4518645, 27456317.13, 853.98, 34106449180.34
22-Jun-2017, 118.92, $1250.80, 95.112960, 118.96729157, 118.891, $118.91, 0.0158%, 4518645, 27456317.13, 853.98, 34333960345.82
23-Jun-2017, 119.43, $1255.70, 95.112010, 119.43215025, 119.442, $119.44, -0.0014%, 8995459, 27361205.12, 851.02, 34348686411.87
26-Jun-2017, 118.36, $1245.25, 95.108660, 118.43406013, 118.353, $118.36, 0.0057%, 6192908, 27446802.91, 853.68, 34168226345.30
27-Jun-2017, 118.81, $1249.55, 95.107710, 118.84184353, 118.809, $118.80, -0.0072%, 6192908, 27446802.91, 853.68, 34285871858.15
28-Jun-2017, 118.90, $1248.00, 95.106640, 118.69308161, 118.898, $118.90, 0.0020%, 4185031, 27446802.91, 853.68, 34242954044.28
29-Jun-2017, 118.32, $1243.50, 95.105490, 118.26367251, 118.349, $118.32, -0.0247%, 7621127, 27446802.91, 853.68, 34119069519.47
30-Jun-2017, 118.02, $1242.25, 95.104410, 118.14345748, 118.067, $118.03, -0.0317%, 6785385, 27408761.15, 852.50, 34037130102.89
03-Jul-2017, 116.09, $1229.25, 95.100930, 116.90281533, 116.209, $116.05, -0.1365%, 11902091, 27209049.20, 846.29, 33434205177.89
04-Jul-2017, HOLIDAY, HOLIDAY, HOLIDAY, HOLIDAY, HOLIDAY, HOLIDAY, HOLIDAY, HOLIDAY, HOLIDAY, HOLIDAY, HOLIDAY
05-Jul-2017, 116.52, $1220.30, 95.098580, 116.04879614, 116.553, $116.53, -0.0196%, 7207824, 27028361.90, 840.67, 32969462981.20
06-Jul-2017, 116.47, $1224.90, 95.097680, 116.48514880, 116.464, $116.45, -0.0122%, 7207824, 27028361.90, 840.67, 33093430774.22
07-Jul-2017, 115.28, $1215.65, 95.096340, 115.60386659, 115.300, $115.27, -0.0256%, 11099667, 26857188.48, 835.35, 32634971540.53
10-Jul-2017, 115.47, $1211.90, 95.093080, 115.24330595, 115.479, $115.46, -0.0166%, 4774599, 26762195.16, 832.39, 32429466295.38
11-Jul-2017, 115.62, $1211.05, 95.092030, 115.16120571, 115.660, $115.65, -0.0090%, 6472864, 26762195.16, 832.39, 32406363287.38
12-Jul-2017, 116.03, $1218.80, 95.091060, 115.89698965, 116.047, $116.02, -0.0235%, 4550336, 26762195.16, 832.39, 32613412888.68
13-Jul-2017, 115.82, $1218.90, 95.090020, 115.90522982, 115.839, $115.82, -0.0161%, 4088763, 26648087.14, 828.84, 32476645401.14
14-Jul-2017, 116.77, $1230.30, 95.089110, 116.98813118, 116.807, $116.77, -0.0321%, 5295184, 26648087.14, 828.84, 32780074356.86
17-Jul-2017, 117.29, $1234.10, 95.086030, 117.34567555, 117.327, $117.29, -0.0312%, 5144834, 26591035.52, 827.07, 32809850887.20
18-Jul-2017, 118.11, $1240.75, 95.085090, 117.97682323, 118.072, $118.09, 0.0153%, 6986344, 26410373.85, 821.45, 32762163807.22
19-Jul-2017, 118.08, $1242.15, 95.084070, 118.10867443, 118.052, $118.05, -0.0014%, 3203364, 26239222.52, 816.12, 32586183268.40
20-Jul-2017, 118.24, $1238.70, 95.082970, 117.77927450, 118.240, $118.25, 0.0081%, 5550354, 26239222.52, 816.12, 32495301833.91
21-Jul-2017, 119.26, $1248.55, 95.082090, 118.71474893, 119.271, $119.25, -0.0176%, 9933734, 26163156.85, 813.76, 32658427435.66
24-Jul-2017, 119.31, $1255.55, 95.079100, 119.37656793, 119.348, $119.32, -0.0235%, 3624192, 26030046.11, 809.62, 32673366647.00
25-Jul-2017, 118.92, $1254.40, 95.078040, 119.26589097, 118.895, $118.91, 0.0125%, 6153680, 25735304.18, 800.45, 32273350088.26
26-Jul-2017, 119.88, $1248.10, 95.076860, 118.66543152, 119.895, $119.90, 0.0044%, 8527502, 25573673.52, 795.42, 31909134538.91
27-Jul-2017, 119.79, $1261.10, 95.076110, 119.90047959, 119.796, $119.80, 0.0034%, 6358661, 25459582.19, 791.88, 32097358383.39
28-Jul-2017, 120.69, $1264.90, 95.075150, 120.26056027, 120.660, $120.69, 0.0250%, 6708185, 25459582.19, 791.88, 32193751983.60
31-Jul-2017, 120.75, $1267.55, 95.072090, 120.50863177, 120.737, $120.73, -0.0056%, 6708185, 25459582.19, 791.88, 32260160723.91
01-Aug-2017, 120.65, $1270.95, 95.071140, 120.83066425, 120.650, $120.63, -0.0166%, 7026374, 25459582.19, 791.88, 32346368818.72
02-Aug-2017, 120.40, $1269.60, 95.070060, 120.70094986, 120.366, $120.42, 0.0446%, 5815477, 25459582.19, 791.88, 32311644278.66
03-Aug-2017, 120.59, $1268.10, 95.068980, 120.55697132, 120.609, $120.59, -0.0160%, 4214579, 25459582.19, 791.88, 32273101223.69
04-Aug-2017, 119.65, $1257.70, 95.067640, 119.56657001, 119.643, $119.65, 0.0062%, 8551436, 25307473.97, 787.14, 31816664279.46
07-Aug-2017, 119.51, $1258.00, 95.064520, 119.59117032, 119.518, $119.52, 0.0017%, 3005843, 25298624.46, 786.87, 31823210422.59
08-Aug-2017, 119.86, $1261.80, 95.063500, 119.95112888, 119.842, $119.87, 0.0235%, 6942123, 25298624.46, 786.87, 31918995394.48
09-Aug-2017, 121.31, $1271.05, 95.062520, 120.82921950, 121.324, $121.30, -0.0194%, 9168567, 25298624.46, 786.87, 32152655308.99
10-Aug-2017, 122.21, $1284.40, 95.061580, 122.09709089, 122.173, $122.23, 0.0465%, 9466404, 25298624.46, 786.87, 32490035886.42
11-Aug-2017, 122.79, $1286.10, 95.060550, 122.25737325, 122.783, $122.77, -0.0106%, 7890091, 25298624.46, 786.87, 32532687021.49
14-Aug-2017, 121.92, $1282.30, 95.057380, 121.89208473, 121.864, $121.88, 0.0135%, 5909068, 25431704.79, 791.01, 32606132655.74
15-Aug-2017, 120.98, $1270.30, 95.056210, 120.74989987, 120.988, $120.96, -0.0228%, 6411580, 25431704.79, 791.01, 32300598215.22
16-Aug-2017, 121.87, $1272.75, 95.055200, 120.98149993, 121.904, $121.84, -0.0521%, 8232087, 25574287.59, 795.44, 32544023488.67
17-Aug-2017, 122.49, $1285.15, 95.054310, 122.15905031, 122.520, $122.50, -0.0165%, 8105811, 25574287.59, 795.44, 32860784532.66
18-Aug-2017, 122.30, $1295.80, 95.053410, 123.17021410, 122.334, $122.26, -0.0603%, 13473464, 25697857.02, 799.29, 33292908863.75
21-Aug-2017, 122.76, $1292.90, 95.050240, 122.89046003, 122.734, $122.77, 0.0296%, 5405249, 25697857.02, 799.29, 33217291345.69
22-Aug-2017, 122.21, $1284.20, 95.049060, 122.06199931, 122.224, $122.20, -0.0193%, 6410462, 25697857.02, 799.29, 32993358414.58
23-Aug-2017, 122.67, $1286.65, 95.048060, 122.29358455, 122.626, $122.66, 0.0275%, 4529867, 25697857.02, 799.29, 33055955903.26
24-Aug-2017, 122.29, $1289.00, 95.047060, 122.51566019, 122.254, $122.26, 0.0047%, 3308327, 25697857.02, 799.29, 33115982948.41
25-Aug-2017, 122.74, $1285.30, 95.045950, 122.16255644, 122.704, $122.73, 0.0209%, 12319502, 25887948.92, 805.20, 33264864123.60
28-Aug-2017, 124.69, $1285.30, 95.042820, 122.15854020, 124.668, $124.67, 0.0019%, 10865249, 26182581.67, 814.36, 33642461959.51
29-Aug-2017, 124.42, $1318.65, 95.042500, 125.32778796, 124.373, $124.41, 0.0301%, 9782030, 26249111.42, 816.43, 34603002259.17
30-Aug-2017, 124.36, $1308.50, 95.041230, 124.36145414, 124.309, $124.34, 0.0248%, 6305092, 26249111.42, 816.43, 34336197487.09
31-Aug-2017, 125.82, $1311.75, 95.040270, 124.66906873, 125.757, $125.83, 0.0578%, 11745355, 26249111.42, 816.43, 34421129877.19
01-Sep-2017, 126.06, $1320.40, 95.039430, 125.49005789, 126.003, $126.05, 0.0371%, 11551128, 26724308.57, 831.21, 35275255301.66
04-Sep-2017, HOLIDAY, HOLIDAY, HOLIDAY, HOLIDAY, HOLIDAY, HOLIDAY, HOLIDAY, HOLIDAY, HOLIDAY, HOLIDAY, HOLIDAY
05-Sep-2017, 127.46, $1335.55, 95.035640, 126.92484572, 127.443, $127.45, 0.0057%, 11403237, 27009415.49, 840.08, 36059348679.91
06-Sep-2017, 126.81, $1337.85, 95.034660, 127.14211364, 126.786, $126.81, 0.0191%, 10053594, 26914380.83, 837.12, 35993932363.92
07-Sep-2017, 128.13, $1343.50, 95.033760, 127.67786116, 128.161, $128.13, -0.0239%, 10147201, 26906087.55, 836.87, 36145602495.05
08-Sep-2017, 127.97, $1346.25, 95.032740, 127.93782165, 127.990, $127.98, -0.0079%, 8705691, 26830061.35, 834.50, 36116847047.76
11-Sep-2017, 126.19, $1334.20, 95.029520, 126.78838456, 126.142, $126.17, 0.0221%, 9106756, 26868073.16, 835.68, 35843076315.55
12-Sep-2017, 126.56, $1326.50, 95.028410, 126.05518790, 126.521, $126.54, 0.0152%, 8347571, 26963101.57, 838.64, 35761856804.45
13-Sep-2017, 125.61, $1327.55, 95.027380, 126.15359831, 125.615, $125.60, -0.0118%, 8460446, 26963101.57, 838.64, 35789775840.08
14-Sep-2017, 126.16, $1324.55, 95.026310, 125.86709625, 126.185, $126.15, -0.0281%, 4980433, 26963101.57, 838.64, 35708495205.11
15-Sep-2017, 125.53, $1322.85, 95.025250, 125.70414913, 125.522, $125.51, -0.0093%, 7093275, 26963101.57, 838.64, 35662267108.79
18-Sep-2017, 124.36, $1312.10, 95.021980, 124.67833803, 124.346, $124.34, -0.0046%, 8777423, 27134141.14, 843.96, 35595665510.05
19-Sep-2017, 124.62, $1309.60, 95.020900, 124.43937237, 124.587, $124.58, -0.0053%, 5269957, 27200655.77, 846.03, 35614548370.58
20-Sep-2017, 123.62, $1311.30, 95.019890, 124.59957611, 123.607, $123.60, -0.0054%, 11346983, 27200655.77, 846.03, 35660398682.20
21-Sep-2017, 122.68, $1292.10, 95.018530, 122.77344869, 122.674, $122.67, -0.0030%, 7754450, 27400194.68, 852.23, 35395585245.43
22-Sep-2017, 123.24, $1294.80, 95.017540, 123.02870990, 123.247, $123.24, -0.0059%, 6004620, 27523717.48, 856.08, 35629114387.52
25-Sep-2017, 124.53, $1293.30, 95.014390, 122.88210604, 124.554, $124.52, -0.0276%, 10199847, 27523717.48, 856.08, 35586657908.44
26-Sep-2017, 123.14, $1300.05, 95.013480, 123.52227546, 123.123, $123.12, -0.0026%, 8653286, 27732747.14, 862.58, 36043799978.94
27-Sep-2017, 121.98, $1282.55, 95.012070, 121.85773551, 121.984, $121.99, 0.0048%, 6799750, 27799255.59, 864.65, 35643387633.39
28-Sep-2017, 122.21, $1283.35, 95.011050, 121.93243139, 122.239, $122.21, -0.0240%, 5828474, 27799255.59, 864.65, 35665236181.67
29-Sep-2017, 121.58, $1283.10, 95.010000, 121.90733536, 121.637, $121.60, -0.0301%, 8862581, 27799255.59, 864.65, 35657895592.03
02-Oct-2017, 120.77, $1273.70, 95.006640, 121.00995949, 120.794, $120.76, -0.0284%, 11269202, 27628243.63, 859.33, 35177595228.44
03-Oct-2017, 120.83, $1271.25, 95.005540, 120.77578695, 120.812, $120.83, 0.0150%, 3681088, 27466734.22, 854.30, 34904202417.82
04-Oct-2017, 121.17, $1274.25, 95.004580, 121.05958203, 121.162, $121.16, -0.0018%, 6465628, 27466734.22, 854.30, 34986219205.64
05-Oct-2017, 120.52, $1274.50, 95.003540, 121.08201524, 120.496, $120.51, 0.0118%, 6130234, 27362534.90, 851.06, 34871620391.59
06-Oct-2017, 121.09, $1261.80, 95.002450, 119.87408976, 121.095, $121.10, 0.0042%, 10007277, 27457537.35, 854.02, 34643611943.34
09-Oct-2017, 122.08, $1278.75, 94.999440, 121.48052992, 122.060, $122.07, 0.0082%, 5112658, 27600036.51, 858.45, 35290093946.30
10-Oct-2017, 122.40, $1291.40, 94.998490, 122.68104592, 122.401, $122.38, -0.0170%, 13976779, 27600036.51, 858.45, 35638843841.14
11-Oct-2017, 122.79, $1289.25, 94.997430, 122.47543494, 122.784, $122.80, 0.0129%, 5581715, 27600036.51, 858.45, 35579113850.28
12-Oct-2017, 122.89, $1290.25, 94.996400, 122.56910043, 122.887, $122.87, -0.0141%, 4171678, 27600036.51, 858.45, 35606323676.23
13-Oct-2017, 123.82, $1299.60, 94.995440, 123.45607912, 123.827, $123.84, 0.0109%, 9914595, 27429044.71, 853.13, 35641770050.33
16-Oct-2017, 122.97, $1303.30, 94.992360, 123.80354912, 122.944, $122.98, 0.0294%, 8166491, 27429044.71, 853.13, 35742084632.21
17-Oct-2017, 122.13, $1284.75, 94.991090, 122.03979818, 122.111, $122.13, 0.0155%, 6932128, 27429044.71, 853.13, 35232889734.66
18-Oct-2017, 121.67, $1280.20, 94.989980, 121.60617539, 121.658, $121.66, 0.0013%, 3652857, 27429044.71, 853.13, 35107702835.05
19-Oct-2017, 122.39, $1286.40, 94.989030, 122.19389091, 122.387, $122.38, -0.0055%, 5428528, 27429044.71, 853.13, 35277376306.66
20-Oct-2017, 121.61, $1281.20, 94.987910, 121.69851138, 121.661, $121.60, -0.0497%, 7400259, 27429044.71, 853.13, 35134360235.84
23-Oct-2017, 121.80, $1274.90, 94.984670, 121.09596141, 121.827, $121.80, -0.0224%, 4731805, 27429044.71, 853.13, 34960404058.28
24-Oct-2017, 121.33, $1276.45, 94.983660, 121.24189638, 121.351, $121.33, -0.0174%, 4459543, 27429044.71, 853.13, 35002535483.95
25-Oct-2017, 121.35, $1275.00, 94.982590, 121.10280643, 121.369, $121.34, -0.0237%, 4280742, 27429044.71, 853.13, 34962380215.54
26-Oct-2017, 120.33, $1273.75, 94.981530, 120.98271956, 120.346, $120.34, -0.0053%, 6385866, 27391052.10, 851.95, 34879318046.48
27-Oct-2017, 120.90, $1266.45, 94.980330, 120.28783669, 120.915, $120.89, -0.0204%, 6576139, 27353059.97, 850.77, 34630868182.75
30-Oct-2017, 121.13, $1272.00, 94.977340, 120.81117563, 121.224, $121.13, -0.0778%, 4962882, 27353059.97, 850.77, 34781537465.30
31-Oct-2017, 120.67, $1270.15, 94.976250, 120.63408715, 120.720, $120.67, -0.0411%, 3895833, 27353059.97, 850.77, 34730553691.39
01-Nov-2017, 121.11, $1277.05, 94.975390, 121.28831931, 121.060, $121.11, 0.0410%, 3895833, 27315069.81, 849.59, 34870391799.31
02-Nov-2017, 121.19, $1279.20, 94.974400, 121.49125709, 121.183, $121.20, 0.0144%, 5345411, 27201100.53, 846.04, 34782946911.56
03-Nov-2017, 120.62, $1267.20, 94.973030, 120.34982920, 120.611, $120.63, 0.0158%, 6291275, 27191603.23, 845.75, 34444121116.94
06-Nov-2017, 121.65, $1270.90, 94.970020, 120.69740234, 121.664, $121.65, -0.0117%, 6951477, 27182211.91, 845.45, 34543596549.28
07-Nov-2017, 121.21, $1275.60, 94.969010, 121.14246326, 121.218, $121.20, -0.0152%, 4032025, 27144224.31, 844.27, 34622515997.56
08-Nov-2017, 121.63, $1284.00, 94.968010, 121.93892778, 121.616, $121.64, 0.0197%, 5556212, 27106237.10, 843.09, 34801369988.21
09-Nov-2017, 122.13, $1284.80, 94.966980, 122.01357167, 122.137, $122.14, 0.0024%, 6064104, 27106237.10, 843.09, 34822673355.37
10-Nov-2017, 121.13, $1284.30, 94.965930, 121.96474691, 121.162, $121.14, -0.0184%, 7077614, 27106237.10, 843.09, 34808738767.01
13-Nov-2017, 121.31, $1277.95, 94.962750, 121.35764423, 121.334, $121.32, -0.0115%, 6214789, 27115733.38, 843.39, 34647607428.00
14-Nov-2017, 121.56, $1274.60, 94.961670, 121.03814717, 121.575, $121.57, -0.0038%, 6080200, 27115733.38, 843.39, 34556391016.85
15-Nov-2017, 121.41, $1282.20, 94.960720, 121.75863269, 121.431, $121.40, -0.0255%, 4955803, 27115733.38, 843.39, 34762089631.94
16-Nov-2017, 121.40, $1280.00, 94.959650, 121.54835278, 121.434, $121.41, -0.0201%, 2794137, 27115733.38, 843.39, 34702054717.85
17-Nov-2017, 122.86, $1284.35, 94.958670, 121.96016311, 122.891, $122.85, -0.0332%, 10511236, 27115733.38, 843.39, 34819626568.91
20-Nov-2017, 121.31, $1286.20, 94.955570, 122.13185774, 121.296, $121.29, -0.0051%, 8266756, 27115733.38, 843.39, 34868645383.62
21-Nov-2017, 121.51, $1283.30, 94.954490, 121.85509106, 121.537, $121.53, -0.0058%, 4951856, 27115733.38, 843.39, 34789628496.44
22-Nov-2017, 122.63, $1286.95, 94.953510, 122.20041535, 122.642, $122.63, -0.0097%, 5198254, 27115733.38, 843.39, 34888218582.44
23-Nov-2017, HOLIDAY, HOLIDAY, HOLIDAY, HOLIDAY, HOLIDAY, HOLIDAY, HOLIDAY, HOLIDAY, HOLIDAY, HOLIDAY, HOLIDAY
24-Nov-2017, 122.32, $1290.50, 94.951490, 122.53489563, 122.350, $122.32, -0.0243%, 1779204, 27115733.38, 843.39, 34983712701.59
27-Nov-2017, 122.83, $1294.90, 94.948460, 122.94875826, 122.833, $122.84, 0.0058%, 4918351, 27077753.99, 842.21, 35052690979.76
28-Nov-2017, 122.81, $1291.85, 94.947350, 122.65773622, 122.805, $122.80, -0.0040%, 5602772, 26992301.38, 839.55, 34859328635.37
29-Nov-2017, 122.04, $1283.85, 94.946130, 121.89658892, 122.011, $122.04, 0.0242%, 5990162, 26992301.38, 839.55, 34643010570.76
30-Nov-2017, 121.10, $1280.20, 94.945000, 121.54859290, 121.055, $121.08, 0.0208%, 7913846, 26992301.38, 839.55, 34544110100.99
01-Dec-2017, 121.59, $1275.50, 94.943850, 121.10087653, 121.576, $121.59, 0.0118%, 13007092, 27267638.54, 848.11, 34768061663.17
04-Dec-2017, 121.18, $1273.45, 94.940670, 120.90219634, 121.187, $121.17, -0.0140%, 6943513, 27229662.28, 846.93, 34662659691.22
05-Dec-2017, 120.32, $1266.30, 94.939430, 120.22179935, 120.336, $120.29, -0.0380%, 10035595, 27182656.95, 845.47, 34419501154.73
06-Dec-2017, 120.07, $1263.70, 94.938380, 119.97362844, 120.073, $120.06, -0.0111%, 6630529, 27182656.95, 845.47, 34348449821.16
07-Dec-2017, 118.49, $1255.00, 94.937290, 119.14630414, 118.458, $118.51, 0.0439%, 12899014, 27097213.39, 842.81, 34004355206.94
08-Dec-2017, 118.48, $1250.65, 94.936230, 118.73199359, 118.502, $118.49, -0.0103%, 5210019, 27097213.39, 842.81, 33886110969.98
11-Dec-2017, 118.01, $1247.15, 94.933080, 118.39578735, 117.988, $118.01, 0.0190%, 4472466, 27097213.39, 842.81, 33790157710.75
12-Dec-2017, 118.15, $1240.90, 94.931980, 117.80109208, 118.124, $118.15, 0.0221%, 7905387, 27097213.39, 842.81, 33620431679.94
13-Dec-2017, 119.17, $1242.65, 94.930960, 117.96595249, 119.174, $119.16, -0.0121%, 10061423, 27144678.87, 844.29, 33726465819.33
14-Dec-2017, 118.93, $1251.00, 94.930010, 118.75743896, 118.957, $118.95, -0.0057%, 6983808, 27144678.87, 844.29, 33952751798.86
15-Dec-2017, 119.18, $1254.60, 94.929010, 119.09793455, 119.217, $119.19, -0.0223%, 6850090, 27144678.87, 844.29, 34050099486.93
18-Dec-2017, 119.73, $1260.60, 94.925970, 119.66368155, 119.749, $119.74, -0.0076%, 5398861, 26916849.25, 837.20, 33924653720.41
19-Dec-2017, 119.82, $1260.35, 94.924930, 119.63863423, 119.814, $119.82, 0.0048%, 4016513, 26878879.27, 836.02, 33869697350.61
20-Dec-2017, 120.14, $1264.55, 94.923950, 120.03608701, 120.126, $120.14, 0.0114%, 5721229, 26878879.27, 836.02, 33982216231.62
21-Dec-2017, 120.31, $1264.55, 94.922910, 120.03477154, 120.353, $120.32, -0.0272%, 6606104, 26878879.27, 836.02, 33981843823.77
22-Dec-2017, 120.94, $1264.55, 94.921930, 120.36575933, 120.940, $120.94, -0.00003%, 5785836, 26926340.24, 837.50, 34135729343.16
25-Dec-2017, HOLIDAY, HOLIDAY, HOLIDAY, HOLIDAY, HOLIDAY, HOLIDAY, HOLIDAY, HOLIDAY, HOLIDAY, HOLIDAY, HOLIDAY
26-Dec-2017, 121.77, $1264.55, 94.917770, 120.36048310, 121.770, $121.78, 0.0082%, 8198524, 26926340.24, 837.50, 34134233007.02
27-Dec-2017, 122.23, $1279.40, 94.916970, 121.43677555, 122.263, $122.24, -0.0184%, 6068188, 26926340.24, 837.50, 34439469545.74
28-Dec-2017, 122.85, $1291.00, 94.916180, 122.53679214, 122.869, $122.83, -0.0317%, 5727019, 26926340.24, 837.50, 34751434250.69
29-Dec-2017, 123.65, $1291.00, 94.915260, 123.05763985, 123.679, $123.66, -0.0156%, 7827276, 26926340.24, 837.50, 34899146661.41
01-Jan-2018, HOLIDAY, HOLIDAY, HOLIDAY, HOLIDAY, HOLIDAY, HOLIDAY, HOLIDAY, HOLIDAY, HOLIDAY, HOLIDAY, HOLIDAY
02-Jan-2018, 125.15, $1312.05, 94.911490, 124.52862081, 125.122, $125.14, 0.0145%, 11450080, 26888375.64, 836.32, 35266505414.92
03-Jan-2018, 124.82, $1314.90, 94.910520, 124.79784592, 124.784, $124.82, 0.0292%, 7840128, 26888375.64, 836.32, 35342749963.45
04-Jan-2018, 125.46, $1314.50, 94.909470, 124.75850075, 125.475, $125.45, -0.0200%, 7189203, 26879537.02, 836.04, 35331607413.25
05-Jan-2018, 125.33, $1317.15, 94.908440, 125.00865187, 125.327, $125.32, -0.0053%, 5720702, 26841573.65, 834.86, 35352446749.35
08-Jan-2018, 125.31, $1319.95, 94.905340, 125.27029729, 125.280, $125.29, 0.0081%, 3547037, 26841573.65, 834.86, 35426440072.45
09-Jan-2018, 124.73, $1311.00, 94.904240, 124.41945681, 124.690, $124.70, 0.0081%, 9148658, 26746669.41, 831.91, 35061402927.40
10-Jan-2018, 125.03, $1319.75, 94.903260, 125.24857873, 125.059, $125.02, -0.0310%, 13762902, 26651766.15, 828.96, 35169800908.00
11-Jan-2018, 125.44, $1323.05, 94.902250, 125.56041791, 125.456, $125.44, -0.0128%, 5907080, 26651766.15, 828.96, 35257365349.97
12-Jan-2018, 126.96, $1326.80, 94.901240, 125.91496437, 127.002, $126.97, -0.0249%, 9246006, 26651766.15, 828.96, 35356921995.65
15-Jan-2018, HOLIDAY, HOLIDAY, HOLIDAY, HOLIDAY, HOLIDAY, HOLIDAY, HOLIDAY, HOLIDAY, HOLIDAY, HOLIDAY, HOLIDAY
16-Jan-2018, 127.17, $1333.85, 94.897150, 126.57856618, 127.115, $127.16, 0.0356%, 8072233, 26651766.15, 828.96, 35543261384.58
17-Jan-2018, 126.14, $1335.65, 94.896130, 126.74802180, 126.136, $126.14, 0.0032%, 10091141, 26651766.15, 828.96, 35590844522.71
18-Jan-2018, 125.86, $1332.20, 94.895050, 126.41918412, 125.883, $125.86, -0.0183%, 6035998, 27031346.35, 840.76, 36004183642.96
19-Jan-2018, 126.42, $1334.95, 94.894050, 126.67880781, 126.432, $126.41, -0.0175%, 8773109, 27221134.45, 846.67, 36331482088.47
22-Jan-2018, 126.65, $1332.60, 94.890890, 126.45159929, 126.654, $126.66, 0.0050%, 4800403, 27221134.45, 846.67, 36266318676.96
23-Jan-2018, 127.28, $1333.40, 94.889860, 126.52614333, 127.245, $127.25, 0.0036%, 6148226, 27306535.32, 849.32, 36401571432.15
24-Jan-2018, 128.83, $1353.70, 94.889170, 128.45147412, 128.841, $128.83, -0.0082%, 11783136, 27306535.32, 849.32, 36955489103.04
25-Jan-2018, 127.97, $1354.95, 94.888160, 128.56870666, 127.942, $127.91, -0.0254%, 15124115, 27306535.32, 849.32, 36989216906.47
26-Jan-2018, 128.07, $1353.15, 94.887080, 128.39645575, 128.055, $128.05, -0.0038%, 7762940, 27268580.49, 848.14, 36888301739.35
29-Jan-2018, 127.35, $1343.85, 94.883770, 127.50955088, 127.348, $127.33, -0.0143%, 6948019, 27221138.60, 846.67, 36569739190.01
30-Jan-2018, 126.80, $1344.90, 94.882750, 127.60781139, 126.847, $126.78, -0.0527%, 9735605, 27183185.50, 845.48, 36546877183.85
31-Jan-2018, 127.65, $1345.05, 94.881710, 127.62064980, 127.706, $127.67, -0.0282%, 13072429, 27050351.11, 841.35, 36371885201.62
01-Feb-2018, 128.07, $1341.35, 94.880590, 127.26807510, 128.096, $128.07, -0.0206%, 8358838, 27050351.11, 841.35, 36271401403.36
02-Feb-2018, 126.39, $1331.15, 94.879290, 126.29857316, 126.237, $126.38, 0.1134%, 16185017, 27050351.11, 841.35, 35995094250.95
05-Feb-2018, 126.71, $1333.60, 94.876240, 126.52695964, 126.859, $126.74, -0.0938%, 13392868, 27050351.11, 841.35, 36060183797.51
06-Feb-2018, 125.38, $1331.40, 94.875140, 126.31676666, 125.401, $125.39, -0.0089%, 17661306, 26661696.01, 829.26, 35495011451.58
07-Feb-2018, 124.79, $1324.65, 94.874070, 125.67493946, 124.793, $124.78, -0.0101%, 8547819, 26585796.75, 826.90, 35214118039.89
08-Feb-2018, 124.98, $1315.45, 94.872980, 124.80066196, 125.005, $124.98, -0.0197%, 7276790, 26566822.15, 826.31, 34944185349.77
09-Feb-2018, 124.77, $1314.10, 94.871930, 124.67120565, 124.717, $124.75, 0.0267%, 13790362, 26386565.49, 820.71, 34671062296.83
12-Feb-2018, 125.37, $1322.30, 94.868890, 125.44512731, 125.383, $125.35, -0.0267%, 6965018, 26386565.49, 820.71, 34886289904.59
13-Feb-2018, 126.08, $1325.35, 94.867880, 125.73313819, 126.103, $126.09, -0.0104%, 5267699, 26481433.37, 823.66, 35092118876.61
14-Feb-2018, 128.23, $1336.25, 94.866950, 126.76595760, 128.270, $128.25, -0.0153%, 16392181, 26481433.37, 823.66, 35380378765.89
15-Feb-2018, 128.38, $1352.45, 94.866080, 128.30163223, 128.382, $128.38, -0.0018%, 7263888, 26405540.50, 821.30, 35706344250.98
16-Feb-2018, 127.96, $1352.10, 94.865040, 128.26701800, 127.949, $127.95, 0.0006%, 7668446, 26509892.05, 824.54, 35837804833.32
19-Feb-2018, HOLIDAY, HOLIDAY, HOLIDAY, HOLIDAY, HOLIDAY, HOLIDAY, HOLIDAY, HOLIDAY, HOLIDAY, HOLIDAY, HOLIDAY
20-Feb-2018, 126.24, $1339.85, 94.860700, 127.09911548, 126.193, $126.25, 0.0450%, 11144020, 26614238.82, 827.79, 35651301885.79
21-Feb-2018, 125.66, $1330.50, 94.859520, 126.21059102, 125.616, $125.66, 0.0352%, 7795795, 26614238.82, 827.79, 35402070780.70
22-Feb-2018, 126.30, $1328.35, 94.858440, 126.00521507, 126.264, $126.31, 0.0363%, 5299262, 26614238.82, 827.79, 35344462826.42
23-Feb-2018, 126.14, $1327.95, 94.857400, 125.96588204, 126.083, $126.11, 0.0218%, 4098786, 26661667.52, 829.26, 35396412853.15
26-Feb-2018, 126.45, $1333.50, 94.854390, 126.48832662, 126.469, $126.45, -0.0153%, 3182044, 26718580.15, 831.03, 35619112778.76
27-Feb-2018, 125.13, $1325.75, 94.853190, 125.75161827, 125.064, $125.11, 0.0368%, 7016420, 26718580.15, 831.03, 35411655705.40
28-Feb-2018, 125.00, $1317.85, 94.851980, 125.00068595, 124.980, $124.97, -0.0079%, 4522435, 26718580.15, 831.03, 35200193162.44
01-Mar-2018, 124.72, $1307.75, 94.850720, 124.04102523, 124.752, $124.73, -0.0180%, 8451343, 26813430.87, 833.98, 35053993733.79
02-Mar-2018, 125.39, $1322.30, 94.850010, 125.42017241, 125.283, $125.38, 0.0777%, 9757769, 26813430.87, 833.98, 35443740724.15
05-Mar-2018, 125.18, $1320.40, 94.846850, 125.23577673, 125.141, $125.17, 0.0232%, 5772733, 26813430.87, 833.98, 35391630502.91
06-Mar-2018, 126.53, $1331.40, 94.846090, 126.27808619, 126.463, $126.51, 0.0371%, 8603545, 26813430.87, 833.98, 35686187156.70
07-Mar-2018, 125.72, $1329.40, 94.845000, 126.08694197, 125.668, $125.70, 0.0257%, 5035623, 26805240.94, 833.73, 35632169801.14
08-Mar-2018, 125.42, $1321.00, 94.843910, 125.28881017, 125.393, $125.41, 0.0135%, 3450780, 26805240.94, 833.73, 35406617755.24
09-Mar-2018, 125.54, $1320.60, 94.842870, 125.24949667, 125.515, $125.53, 0.0119%, 5046550, 26805240.94, 833.73, 35395507758.64
12-Mar-2018, 125.54, $1319.15, 94.839740, 125.10784469, 125.478, $125.55, 0.0576%, 2875551, 26805240.94, 833.73, 35355476910.04
13-Mar-2018, 125.78, $1322.75, 94.838740, 125.44793794, 125.794, $125.73, -0.0510%, 4781168, 26805240.94, 833.73, 35451587262.63
14-Mar-2018, 125.70, $1323.55, 94.837700, 125.52244413, 125.639, $125.69, 0.0405%, 3727244, 26805240.94, 833.73, 35472642709.84
15-Mar-2018, 124.90, $1318.75, 94.836610, 125.06578281, 124.819, $124.86, 0.0327%, 8084981, 26947495.86, 838.15, 35531188891.21
16-Mar-2018, 124.60, $1310.10, 94.835470, 124.24395010, 124.598, $124.58, -0.0142%, 7397066, 27013880.69, 840.22, 35384676988.09
19-Mar-2018, 124.87, $1312.40, 94.832390, 124.45802287, 124.885, $124.88, -0.0038%, 4329760, 27355277.29, 850.84, 35893693816.77
20-Mar-2018, 124.31, $1311.00, 94.831330, 124.32386787, 124.331, $124.29, -0.0333%, 3395445, 27345794.16, 850.54, 35842571105.35
21-Mar-2018, 126.48, $1321.35, 94.830450, 125.30421151, 126.324, $126.44, 0.0921%, 12528121, 27345794.16, 850.54, 36125204177.89
22-Mar-2018, 125.98, $1329.15, 94.829530, 126.04267479, 126.024, $125.97, -0.0426%, 5290729, 27345794.16, 850.54, 36338103142.18
23-Mar-2018, 127.61, $1346.60, 94.828780, 127.69644050, 127.758, $127.59, -0.1316%, 11982592, 27345794.16, 850.54, 36814883795.03
26-Mar-2018, 128.28, $1352.40, 94.825770, 128.24237712, 128.342, $128.27, -0.0561%, 6147267, 27241485.81, 847.30, 36831210715.44
27-Mar-2018, 127.49, $1341.45, 94.824520, 127.20235406, 127.532, $127.49, -0.0332%, 6168369, 27203556.00, 846.12, 36481635144.13
28-Mar-2018, 125.73, $1332.45, 94.823300, 126.34730134, 125.646, $125.74, 0.0751%, 10027411, 27203556.00, 846.12, 36236406324.46
29-Mar-2018, 125.79, $1323.85, 94.822070, 125.53019943, 125.682, $125.80, 0.0940%, 7101920, 27203556.00, 846.12, 36002061195.38
30-Mar-2018, HOLIDAY, HOLIDAY, HOLIDAY, HOLIDAY, HOLIDAY, HOLIDAY, HOLIDAY, HOLIDAY, HOLIDAY, HOLIDAY, HOLIDAY
02-Apr-2018, 127.26, $1323.85, 94.817920, 125.52469682, 127.189, $127.27, 0.0639%, 11417709, 27402673.64, 852.31, 36264084925.91
03-Apr-2018, 126.30, $1333.45, 94.817120, 126.43388818, 126.377, $126.27, -0.0847%, 6017865, 27402673.64, 852.31, 36526750295.27
04-Apr-2018, 126.45, $1337.30, 94.816180, 126.79767788, 126.414, $126.42, 0.0050%, 7081120, 27393584.05, 852.03, 36631849139.45
05-Apr-2018, 125.80, $1327.70, 94.815110, 125.88602343, 125.786, $125.80, 0.0108%, 5325949, 27459954.63, 854.09, 36456592384.68
06-Apr-2018, 126.39, $1331.20, 94.814090, 126.21651122, 126.420, $126.41, -0.0082%, 6060532, 27649582.81, 859.99, 36804734681.53
09-Apr-2018, 126.82, $1331.95, 94.810970, 126.28347612, 126.696, $126.80, 0.0822%, 4157903, 27649582.81, 859.99, 36824261635.96
10-Apr-2018, 127.12, $1338.95, 94.809980, 126.94582662, 127.017, $127.11, 0.0733%, 5237217, 27649582.81, 859.99, 37017403041.00
11-Apr-2018, 128.11, $1350.75, 94.809030, 128.06330203, 128.298, $128.11, -0.1469%, 12116347, 27649582.81, 859.99, 37343258872.45
12-Apr-2018, 126.62, $1341.35, 94.807920, 127.17059808, 126.578, $126.62, 0.0331%, 8125549, 27839198.65, 865.89, 37337287608.13
13-Apr-2018, 127.45, $1343.70, 94.806900, 127.39202940, 127.572, $127.46, -0.0879%, 6783940, 27839198.65, 865.89, 37402299832.24
16-Apr-2018, 127.63, $1349.35, 94.803850, 127.92356924, 127.590, $127.63, 0.0315%, 4591972, 27839198.65, 865.89, 37558359929.68
17-Apr-2018, 127.75, $1342.10, 94.802720, 127.23472872, 127.728, $127.74, 0.0096%, 4164340, 27839198.65, 865.89, 37356116352.91
18-Apr-2018, 127.85, $1351.45, 94.801800, 128.11989314, 127.916, $127.84, -0.0595%, 6750022, 27839198.65, 865.89, 37616000625.60
19-Apr-2018, 127.60, $1348.60, 94.800720, 127.84825459, 127.564, $127.60, 0.0283%, 8665936, 27839198.65, 865.89, 37536247548.80
20-Apr-2018, 126.63, $1336.75, 94.799510, 126.72324695, 126.628, $126.61, -0.0146%, 9194172, 27839198.65, 865.89, 37205945303.99
23-Apr-2018, 125.62, $1324.30, 94.796180, 125.53858271, 125.586, $125.61, 0.0191%, 6875072, 27839198.65, 865.89, 36858127883.41
24-Apr-2018, 126.23, $1328.85, 94.795220, 125.96863394, 126.118, $126.23, 0.0885%, 6875072, 27839198.65, 865.89, 36984390924.42
25-Apr-2018, 125.41, $1321.65, 94.794050, 125.28455686, 125.450, $125.40, -0.0402%, 5871668, 28009830.04, 871.20, 37009058095.52
26-Apr-2018, 124.97, $1320.70, 94.792990, 125.19310586, 124.836, $124.93, 0.0755%, 7473771, 28009830.04, 871.20, 36982043469.87
27-Apr-2018, 125.50, $1321.50, 94.791970, 125.26758905, 125.457, $125.48, 0.0182%, 5460134, 28009830.04, 871.20, 37004045805.66
30-Apr-2018, 124.59, $1313.20, 94.788660, 124.47647328, 124.683, $124.59, -0.0747%, 5460134, 28009830.04, 871.20, 36770350206.02
01-May-2018, 123.71, $1307.10, 94.787480, 123.89671345, 123.617, $123.70, 0.0671%, 7534994, 27867648.82, 866.77, 36413244079.79
02-May-2018, 123.65, $1304.20, 94.786370, 123.62038018, 123.687, $123.64, -0.0378%, 7479632, 27867648.82, 866.77, 36332029734.61
03-May-2018, 124.28, $1315.05, 94.785610, 124.64781304, 124.387, $124.28, -0.0861%, 4855433, 27829734.58, 865.59, 36584133124.96
04-May-2018, 124.54, $1309.40, 94.784420, 124.11071866, 124.656, $124.55, -0.0848%, 5867852, 27782535.18, 864.13, 36376851637.92
07-May-2018, 124.57, $1309.40, 94.781300, 124.10663835, 124.566, $124.57, 0.0030%, 3392100, 27782535.18, 864.13, 36375655699.74
08-May-2018, 124.59, $1306.60, 94.780250, 123.83987314, 124.577, $124.58, 0.0022%, 5442971, 27782535.18, 864.13, 36297466816.42
09-May-2018, 124.33, $1313.85, 94.779260, 124.52572572, 124.334, $124.33, -0.0034%, 4352720, 27744623.47, 862.95, 36448679916.32
10-May-2018, 125.18, $1318.80, 94.778250, 124.99355948, 125.150, $125.16, 0.0080%, 5181235, 27744623.47, 862.95, 36585614859.88
11-May-2018, 125.00, $1324.35, 94.777260, 125.51826066, 125.028, $125.01, -0.0146%, 4294388, 27574024.41, 857.64, 36513262018.73
14-May-2018, 124.49, $1319.85, 94.774100, 125.08758971, 124.500, $124.47, -0.0241%, 3722413, 27526637.36, 856.17, 36325436047.92
15-May-2018, 122.48, $1295.00, 94.772780, 122.73074559, 122.508, $122.48, -0.0229%, 10869445, 27526637.36, 856.17, 35641008518.95
16-May-2018, 122.29, $1291.25, 94.771690, 122.37394688, 122.317, $122.30, -0.0140%, 4919088, 27526637.36, 856.17, 35537394173.71
17-May-2018, 122.36, $1289.50, 94.771690, 122.37394688, 122.355, $122.36, 0.0041%, 4919088, 27526637.36, 856.17, 35537394173.71
18-May-2018, 122.41, $1288.30, 94.769570, 122.09164295, 122.447, $122.40, -0.0384%, 6744011, 27498206.49, 855.28, 35418785622.68
21-May-2018, 122.48, $1288.35, 94.766460, 122.09236842, 122.481, $122.46, -0.0171%, 4112050, 27393963.38, 852.04, 35284694471.85
22-May-2018, 122.41, $1293.05, 94.765500, 122.53653290, 122.413, $122.42, 0.0054%, 4538555, 27393963.38, 852.04, 35413058007.18
23-May-2018, 122.54, $1289.00, 94.764390, 122.15129960, 122.571, $122.55, -0.0172%, 6948849, 27393963.38, 852.04, 35301725583.02
24-May-2018, 123.59, $1304.85, 94.763650, 123.65234698, 123.636, $123.60, -0.0293%, 8814978, 27393963.38, 852.04, 35735528276.06
25-May-2018, 123.21, $1303.50, 94.762580, 123.52302840, 123.267, $123.22, -0.0383%, 7881946, 27280248.28, 848.50, 35549927580.91
28-May-2018, HOLIDAY, HOLIDAY, HOLIDAY, HOLIDAY, HOLIDAY, HOLIDAY, HOLIDAY, HOLIDAY, HOLIDAY, HOLIDAY, HOLIDAY
29-May-2018, 123.19, $1295.50, 94.758250, 122.75931084, 123.212, $123.20, -0.0099%, 8944069, 27375006.53, 851.45, 35452888971.84
30-May-2018, 123.37, $1300.70, 94.757330, 123.25086191, 123.402, $123.38, -0.0182%, 4540468, 27375006.53, 851.45, 35594848921.00
31-May-2018, 123.10, $1305.35, 94.756410, 123.69027433, 123.141, $123.11, -0.0249%, 7829341, 27232871.92, 847.03, 35536215806.16
01-Jun-2018, 122.49, $1294.60, 94.755100, 122.66994850, 122.533, $122.51, -0.0184%, 8057866, 26891753.56, 836.42, 34801464374.46
04-Jun-2018, 122.37, $1295.45, 94.752010, 122.74648562, 122.420, $122.38, -0.0323%, 4342095, 26891753.56, 836.42, 34823177969.29
05-Jun-2018, 122.85, $1292.05, 94.750870, 122.42286001, 122.885, $122.86, -0.0205%, 6854954, 26882300.71, 836.13, 34731366465.31
06-Jun-2018, 122.92, $1300.10, 94.749870, 123.18430031, 122.895, $122.89, -0.0043%, 4009692, 26768600.87, 832.59, 34799564829.61
07-Jun-2018, 122.86, $1297.25, 94.748810, 122.91289836, 122.897, $122.87, -0.0218%, 4009692, 26768600.87, 832.59, 34722893788.11
08-Jun-2018, 123.01, $1298.25, 94.747780, 123.00630645, 123.049, $123.01, -0.0316%, 3853902, 26645428.75, 828.76, 34589373373.78
11-Jun-2018, 123.23, $1299.60, 94.744680, 123.13018185, 123.197, $123.21, 0.0110%, 3835275, 26645428.75, 828.76, 34624207136.00
12-Jun-2018, 122.82, $1298.65, 94.743630, 123.03881512, 122.802, $122.81, 0.0066%, 6964841, 26645428.75, 828.76, 34598514812.74
13-Jun-2018, 123.19, $1296.15, 94.742570, 122.80057898, 123.194, $123.18, -0.0112%, 5749919, 26645428.75, 828.76, 34531522809.08
14-Jun-2018, 123.38, $1302.75, 94.741600, 123.42461694, 123.429, $123.39, -0.0319%, 7495584, 26645428.75, 828.76, 34707002283.97
15-Jun-2018, 121.34, $1285.25, 94.740360, 121.76504993, 121.320, $121.31, -0.0081%, 13644366, 26645428.75, 828.76, 34240332040.21
18-Jun-2018, 121.11, $1281.55, 94.737200, 121.41045283, 121.140, $121.11, -0.0251%, 3627957, 26645428.75, 828.76, 34140619337.07
19-Jun-2018, 120.80, $1276.15, 94.736080, 120.89744472, 120.855, $120.83, -0.0205%, 4670617, 26645428.75, 828.76, 33996361454.88
20-Jun-2018, 120.26, $1274.20, 94.735010, 120.71134735, 120.276, $120.26, -0.0129%, 4533735, 26645428.75, 828.76, 33944030875.37
21-Jun-2018, 120.05, $1266.15, 94.733840, 119.94724586, 120.089, $120.06, -0.0244%, 5637781, 26512801.38, 824.63, 33561239383.08
22-Jun-2018, 120.34, $1269.15, 94.732850, 120.23019700, 120.339, $120.34, 0.0007%, 4122244, 26512801.38, 824.63, 33640409121.15
25-Jun-2018, 119.89, $1268.70, 94.729730, 120.18360442, 119.880, $119.88, -0.0004%, 9261645, 26370706.78, 820.21, 33447097104.71
26-Jun-2018, 119.26, $1260.30, 94.728510, 119.38634226, 119.258, $119.28, 0.0181%, 8660984, 26512799.55, 824.63, 33404298563.52
27-Jun-2018, 118.58, $1254.60, 94.727350, 118.84492919, 118.594, $118.58, -0.0117%, 6261361, 26418072.20, 821.69, 33133966254.46
28-Jun-2018, 118.22, $1251.55, 94.726240, 118.55462305, 118.247, $118.22, -0.0226%, 7548795, 26380181.70, 820.51, 33005607055.05
29-Jun-2018, 118.65, $1250.45, 94.725170, 118.44909292, 118.667, $118.65, -0.0143%, 7998582, 26332819.11, 819.04, 32917002923.51
02-Jul-2018, 117.46, $1247.80, 94.721990, 118.19409689, 117.468, $117.44, -0.0235%, 12020768, 26020236.55, 809.31, 32456098999.55
03-Jul-2018, AWAITED, $1251.75, 94.721060, 118.56708712, 118.671, $118.66, -0.0095%, 8899637, 25830794.43, 803.42, 32321387950.58
04-Jul-2018, HOLIDAY, HOLIDAY, HOLIDAY, HOLIDAY, HOLIDAY, HOLIDAY, HOLIDAY, HOLIDAY, HOLIDAY, HOLIDAY, HOLIDAY
05-Jul-2018, 119.05, $1255.50, 94.719090, 118.91981971, 119.062, $119.07, 0.0068%, 8899637, 25830794.43, 803.42, 32417542854.08
06-Jul-2018, 118.86, $1255.35, 94.718050, 118.90430307, 118.871, $118.86, -0.0094%, 2944938, 25792907.21, 802.24, 32365751295.02
09-Jul-2018, 119.15, $1262.05, 94.715150, 119.53526015, 119.223, $119.16, -0.0526%, 4062370, 25745549.63, 800.77, 32477730184.14
10-Jul-2018, 118.93, $1254.00, 94.713850, 118.77116253, 118.909, $118.90, -0.0072%, 3752515, 25689236.19, 799.02, 32210739276.58
11-Jul-2018, 117.64, $1251.40, 94.712790, 118.52358038, 117.650, $117.64, -0.0088%, 6968758, 25689236.19, 799.02, 32143595000.06
12-Jul-2018, 118.13, $1245.90, 94.711700, 118.00130343, 118.096, $118.11, 0.0118%, 4238867, 25566110.98, 795.19, 31848551791.69
13-Jul-2018, 117.61, $1241.70, 94.710620, 117.60217220, 117.588, $117.59, 0.0017%, 5423065, 25566110.98, 795.19, 31740826277.09
16-Jul-2018, 117.55, $1241.10, 94.707490, 117.54147186, 117.546, $117.55, 0.0032%, 3670704, 25528227.98, 794.01, 31677426669.69
17-Jul-2018, 116.28, $1232.80, 94.706340, 116.75397978, 116.276, $116.28, 0.0037%, 7931642, 25528227.98, 794.01, 31465197549.57
18-Jul-2018, 116.31, $1224.50, 94.705180, 115.96649631, 116.272, $116.28, 0.0065%, 5389981, 25528227.98, 794.01, 31252970755.23
19-Jul-2018, 115.81, $1217.55, 94.704040, 115.30689802, 115.795, $115.80, 0.0046%, 14223709, 25660813.64, 798.13, 31236638682.24
20-Jul-2018, 116.56, $1228.75, 94.703180, 116.36653498, 116.499, $116.56, 0.0523%, 7748912, 25660813.64, 798.13, 31523694326.08
23-Jul-2018, 116.00, $1224.95, 94.700000, 116.00276087, 116.022, $116.01, -0.0101%, 5900962, 25802863.64, 802.55, 31599152066.29
24-Jul-2018, 116.04, $1228.35, 94.699030, 116.32354827, 116.030, $116.03, AWAITED, 4799827, 25802863.64, 802.55, 31686534549.16
25-Jul-2018, 116.68, $1231.50, 94.698050, 116.62065136, 116.673, $116.67, -0.0023%, 5472889, 25727105.20, 800.20, 31674168910.35
26-Jul-2018, 115.77, $1228.25, 94.696950, 116.31152290, 115.814, $115.79, -0.0210%, 6260390, 25727105.20, 800.20, 31590209620.58
27-Jul-2018, 115.83, $1223.95, 94.695810, 115.90293846, 115.860, $115.83, -0.0262%, 5099189, 25727105.20, 800.20, 31479238086.48
30-Jul-2018, 115.65, $1223.80, 94.692690, 115.88491952, 115.658, $115.65, -0.0066%, 4140962, 25727105.20, 800.20, 31474344140.48
31-Jul-2018, 115.99, $1220.95, 94.691580, 115.61368840, 115.959, $115.98, 0.0178%, 5473018, 25727105.20, 800.20, 31400677769.87
01-Aug-2018, 115.14, $1219.00, 94.690490, 115.42771115, 115.184, $115.15, -0.0298%, 7861315, 25622945.66, 796.96, 31223195869.46
02-Aug-2018, 114.52, $1215.45, 94.689360, 115.09017833, 114.501, $114.50, -0.0011%, 6100651, 25622945.66, 796.96, 31131893237.19
03-Aug-2018, 114.92, $1216.30, 94.688340, 115.16943191, 114.909, $114.90, -0.0079%, 5903442, 25556663.82, 794.89, 31072712731.33
06-Aug-2018, 114.33, $1209.65, 94.685020, 114.53573470, 114.344, $114.32, -0.0214%, 5803967, 25357825.28, 788.71, 30661216179.62
07-Aug-2018, 114.59, $1212.35, 94.684070, 114.79023364, 114.601, $114.58, -0.0182%, 5187230, 25319951.65, 787.53, 30683429451.33
08-Aug-2018, 114.91, $1209.55, 94.682940, 114.52374900, 114.879, $114.90, 0.0184%, 3803270, 25273123.64, 786.08, 30566388606.85
09-Aug-2018, 114.74, $1214.35, 94.681930, 114.97700748, 114.736, $114.74, 0.0039%, 4251393, 25273123.64, 786.08, 30687363296.76
10-Aug-2018, 114.69, $1214.40, 94.680900, 114.98048198, 114.687, $114.67, -0.0148%, 6713260, 25273123.64, 786.08, 30688290639.22
13-Aug-2018, 112.96, $1200.35, 94.677640, 113.64630283, 112.993, $112.98, -0.0115%, 9123120, 25225784.82, 784.60, 30275375071.83
14-Aug-2018, 113.07, $1197.00, 94.676560, 113.32784472, 113.086, $113.07, -0.0145%, 5944149, 24970158.11, 776.65, 29884552659.59
15-Aug-2018, 111.19, $1182.00, 94.675330, 111.90624532, 111.154, $111.21, 0.0508%, 11903516, 24903885.38, 774.59, 29431342522.68
16-Aug-2018, 111.10, $1180.40, 94.674270, 111.75351410, 111.133, $111.11, -0.0210%, 7472305, 24866015.67, 773.41, 29346472804.17
17-Aug-2018, 112.13, $1178.40, 94.673210, 111.56290827, 112.105, $112.12, 0.0130%, 8076701, 24828146.38, 772.24, 29251794548.39
20-Aug-2018, 112.69, $1184.35, 94.670200, 112.12264954, 112.686, $112.67, -0.0141%, 5137345, 24828146.38, 772.24, 29398558708.15
21-Aug-2018, 113.02, $1190.95, 94.669280, 112.74637873, 113.035, $113.02, -0.0134%, 5034431, 24714543.25, 768.70, 29426804847.69
22-Aug-2018, 113.27, $1196.65, 94.668350, 113.28488013, 113.275, $113.27, -0.0048%, 6214471, 24714543.25, 768.70, 29567353714.86
23-Aug-2018, 112.20, $1192.35, 94.667230, 112.87646865, 112.256, $112.19, -0.0592%, 5493909, 24667209.63, 767.23, 29404320081.88
24-Aug-2018, 114.16, $1197.70, 94.666300, 113.38182713, 114.087, $114.13, 0.0376%, 8097401, 24582009.96, 764.58, 29433922323.30
27-Aug-2018, 114.59, $1197.70, 94.663190, 113.37809955, 114.580, $114.58, -0.0003%, 4260099, 24582009.96, 764.58, 29432954643.30
28-Aug-2018, 113.68, $1212.25, 94.662490, 114.75460869, 113.718, $113.70, -0.0159%, 6076776, 24430549.98, 759.87, 29606689050.07
29-Aug-2018, 114.20, $1204.20, 94.661260, 113.99108845, 114.195, $114.19, -0.0040%, 5614490, 24430549.98, 759.87, 29409700821.12
30-Aug-2018, 113.64, $1197.30, 94.660040, 113.33647122, 113.637, $113.62, -0.0154%, 5431612, 24364287.95, 757.81, 29161474049.40
31-Aug-2018, 113.51, $1202.45, 94.659140, 113.82288838, 113.553, $113.50, -0.0468%, 4714023, 24279094.73, 755.16, 29184188584.87
03-Sep-2018, HOLIDAY, HOLIDAY, HOLIDAY, HOLIDAY, HOLIDAY, HOLIDAY, HOLIDAY, HOLIDAY, HOLIDAY, HOLIDAY, HOLIDAY
04-Sep-2018, 112.93, $1190.85, 94.654640, 112.71948333, 112.942, $112.94, -0.0017%, 6582307, 24014061.73, 746.91, 28585661286.67
05-Sep-2018, 113.32, $1196.70, 94.653790, 113.27219535, 113.296, $113.31, 0.0125%, 6582307, 24014061.73, 746.91, 28725828740.76
06-Sep-2018, 113.54, $1205.15, 94.653030, 114.07109832, 113.549, $113.54, -0.0076%, 4765345, 24014061.73, 746.91, 28928430535.03
07-Sep-2018, 113.23, $1198.90, 94.651790, 113.47802551, 113.204, $113.22, 0.0145%, 3668870, 23966735.84, 745.44, 28721288254.60
10-Sep-2018, 113.15, $1196.60, 94.648590, 113.25650381, 113.143, $113.15, 0.0063%, 2254204, 23966735.84, 745.44, 28665221115.09
11-Sep-2018, 113.22, $1189.85, 94.647300, 112.61609357, 113.210, $113.21, -0.0004%, 3756957, 23958155.88, 745.18, 28503133281.66
12-Sep-2018, 114.17, $1195.60, 94.646320, 113.15914186, 114.142, $114.16, 0.0161%, 6308372, 23958155.88, 745.18, 28640578805.16
13-Sep-2018, 113.76, $1209.80, 94.645430, 114.50204275, 113.721, $113.76, 0.0341%, 5634182, 23872974.99, 742.53, 28877415183.87
14-Sep-2018, 113.02, $1201.95, 94.644310, 113.75772371, 113.005, $113.00, -0.0047%, 5351137, 23872974.99, 742.53, 28689697919.11
17-Sep-2018, 113.61, $1201.90, 94.641190, 113.74925088, 113.584, $113.61, 0.0232%, 4703226, 23872974.99, 742.53, 28687561070.85
18-Sep-2018, 113.44, $1201.90, 94.640130, 113.58708594, 113.410, $113.42, 0.0087%, 4734104, 23863510.98, 742.23, 28635304365.50
19-Sep-2018, 113.88, $1203.30, 94.639140, 113.87928055, 113.903, $113.89, -0.0114%, 4135449, 23863510.98, 742.23, 28708966627.26
20-Sep-2018, 114.27, $1208.35, 94.638190, 114.35605481, 114.255, $114.25, -0.0042%, 4369805, 23863510.98, 742.23, 28829161418.21
21-Sep-2018, 113.49, $1198.70, 94.636980, 113.44135313, 113.456, $113.47, 0.0127%, 6811127, 23863510.98, 742.23, 28598565124.93
24-Sep-2018, 113.47, $1202.75, 94.633950, 113.82098798, 113.459, $113.46, 0.0005%, 4403717, 23863510.98, 742.23, 28694271068.75
25-Sep-2018, 113.65, $1201.90, 94.632900, 113.73928143, 113.645, $113.65, 0.0047%, 2786810, 23863510.98, 742.23, 28673672848.95
26-Sep-2018, 113.05, $1194.25, 94.631700, 113.01390226, 113.071, $113.05, -0.0183%, 8270905, 23863510.98, 742.23, 28490804758.57
27-Sep-2018, 112.05, $1185.40, 94.630460, 112.17494158, 112.071, $112.06, -0.0097%, 7672032, 23863510.98, 742.23, 28279302772.87
28-Sep-2018, 112.76, $1187.25, 94.629460, 112.34882933, 112.789, $112.77, -0.0167%, 5998099, 23863510.98, 742.23, 28323139874.21
01-Oct-2018, 112.57, $1189.35, 94.626410, 112.54391724, 112.563, $112.56, -0.0025%, 3892026, 23797272.49, 740.17, 28293540792.04
02-Oct-2018, 113.87, $1204.70, 94.625790, 113.99568359, 113.863, $113.85, -0.0116%, 10564251, 23721571.86, 737.82, 28567318304.03
03-Oct-2018, 113.42, $1201.20, 94.624650, 113.66313107, 113.412, $113.41, -0.0021%, 6674198, 23522860.09, 731.64, 28245288073.78
04-Oct-2018, 113.48, $1203.45, 94.623680, 113.87486677, 113.511, $113.48, -0.0269%, 6602343, 23522860.09, 731.64, 28297904391.57
05-Oct-2018, 113.80, $1203.80, 94.622650, 113.90674925, 113.864, $113.83, -0.0300%, 7294866, 23475548.77, 730.17, 28248873815.32
08-Oct-2018, 112.54, $1186.95, 94.618990, 112.30800981, 112.474, $112.52, 0.0413%, 12073326, 23475548.77, 730.17, 27852386433.63
09-Oct-2018, 112.60, $1185.55, 94.617900, 112.17425723, 112.631, $112.62, -0.0100%, 6085092, 23475548.77, 730.17, 27819215793.90
10-Oct-2018, 112.88, $1188.60, 94.616970, 112.46173615, 112.940, $112.88, -0.0527%, 6150906, 23759399.68, 738.99, 28227896056.48
11-Oct-2018, 115.78, $1205.55, 94.616530, 114.06495666, 115.626, $115.72, 0.0812%, 26083814, 23759399.68, 738.99, 28630304120.82
12-Oct-2018, 115.23, $1219.75, 94.615990, 115.40784917, 115.255, $115.24, -0.0126%, 13111269, 23940897.03, 744.64, 29198185849.73
15-Oct-2018, 116.00, $1229.95, 94.612990, 116.36925057, 115.937, $115.94, 0.0027%, 11336283, 24073355.22, 748.76, 29604337339.36
16-Oct-2018, 115.80, $1230.70, 94.611970, 116.43894547, 115.923, $115.87, -0.0460%, 9490920, 24073355.22, 748.76, 29622067726.82
17-Oct-2018, 115.79, $1229.05, 94.610910, 116.28153499, 115.750, $115.77, 0.0174%, 7075057, 24073355.22, 748.76, 29582022500.61
18-Oct-2018, 115.92, $1223.00, 94.609790, 115.70776773, 115.905, $115.90, -0.0039%, 7937227, 24073355.22, 748.76, 29436056111.10
19-Oct-2018, 116.01, $1227.85, 94.608820, 116.16544032, 116.047, $116.01, -0.0320%, 7202567, 23978746.40, 745.82, 29436322577.84
22-Oct-2018, 115.71, $1227.85, 94.605610, 115.63644134, 115.660, $115.69, 0.0259%, 4967980, 24044970.32, 747.88, 29383219740.85
23-Oct-2018, 116.39, $1222.30, 94.604820, 116.92683188, 116.386, $116.36, -0.0221%, 12233550, 24044970.32, 747.88, 29711107981.02
24-Oct-2018, 116.66, $1230.55, 94.603690, 116.41456499, 116.637, $116.64, 0.0027%, 8467753, 24101732.54, 749.64, 29650789705.47
25-Oct-2018, 116.40, $1230.80, 94.602650, 116.43694595, 116.394, $116.38, -0.0123%, 8053581, 24101732.54, 749.64, 29656490132.41
26-Oct-2018, 116.77, $1233.85, 94.601680, 116.72428193, 116.724, $116.74, 0.0135%, 15552521, 24101732.54, 749.64, 29729674608.43
29-Oct-2018, 116.31, $1230.80, 94.598500, 116.43183246, 116.302, $116.29, -0.0105%, 8512271, 24272009.84, 754.94, 29864765027.38
30-Oct-2018, 115.80, $1225.40, 94.597330, 115.91957242, 115.688, $115.77, 0.0710%, 7153720, 24272009.84, 754.94, 29733370325.54
31-Oct-2018, 115.15, $1214.95, 94.596040, 114.92945324, 114.906, $115.13, 0.1951%, 11391589, 24243631.03, 754.06, 29444925919.58
01-Nov-2018, 116.63, $1231.15, 94.595420, 116.46114658, 116.660, $116.66, 0.0002%, 12594993, 24461200.49, 760.82, 30105206402.08
02-Nov-2018, 116.65, $1232.10, 94.594400, 116.54976545, 116.625, $116.64, 0.0125%, 8785357, 24404443.85, 759.06, 30058184511.67
05-Nov-2018, 116.37, $1232.25, 94.591300, 116.56012770, 116.418, $116.38, -0.0328%, 6088158, 24347689.07, 757.29, 29990920857.03
06-Nov-2018, 116.04, $1231.60, 94.590240, 116.49734304, 116.005, $116.01, 0.0039%, 7256014, 24328771.02, 756.70, 29951466897.03
07-Nov-2018, 116.03, $1229.95, 94.589160, 116.33993244, 115.952, $116.00, 0.0413%, 8379271, 24281476.44, 755.23, 29852826660.84
08-Nov-2018, 115.78, $1224.15, 94.587940, 115.78982263, 115.747, $115.77, 0.0196%, 7147004, 24281476.44, 755.23, 29711668486.57
09-Nov-2018, 114.48, $1211.40, 94.586480, 114.58206332, 114.435, $114.47, 0.0302%, 14098893, 24281476.44, 755.23, 29401757447.34
12-Nov-2018, 113.66, $1205.55, 94.583160, 114.02473010, 113.627, $113.65, 0.0198%, 7240970, 24499017.71, 762.00, 29521002619.93
13-Nov-2018, 113.70, $1202.10, 94.582000, 113.69701977, 113.688, $113.67, -0.0154%, 9272970, 24471887.69, 761.15, 29413419012.82
14-Nov-2018, 114.64, $1203.25, 94.580970, 113.80455754, 114.599, $114.63, 0.0270%, 13894442, 24471887.69, 761.15, 29441239036.41
15-Nov-2018, 114.77, $1211.85, 94.580040, 114.61682381, 114.740, $114.75, 0.0089%, 8822699, 24471887.69, 761.15, 29651372320.43
16-Nov-2018, 115.62, $1222.40, 94.579140, 115.61354062, 115.552, $115.56, 0.0069%, 8448713, 24424598.12, 759.68, 29851416189.29
19-Nov-2018, 115.67, $1221.60, 94.576020, 115.53406398, 115.737, $115.67, -0.0582%, 8000605, 24462428.53, 760.86, 29877108945.66
20-Nov-2018, 115.67, $1223.00, 94.575000, 115.66523028, 115.566, $115.62, 0.0468%, 9053933, 24462428.53, 760.86, 29911028549.92
21-Nov-2018, 115.86, $1226.10, 94.574020, 115.95720594, 115.882, $115.87, -0.0100%, 8112752, 24528630.34, 762.92, 30067703499.35
22-Nov-2018, HOLIDAY, HOLIDAY, HOLIDAY, HOLIDAY, HOLIDAY, HOLIDAY, HOLIDAY, HOLIDAY, HOLIDAY, HOLIDAY, HOLIDAY
23-Nov-2018, 115.77, $1223.65, 94.571900, 115.72290684, 115.666, $115.73, 0.0552%, 3725244, 24528630.34, 762.92, 30006949743.68
26-Nov-2018, 115.64, $1223.40, 94.568790, 115.69545366, 115.627, $115.62, -0.0064%, 4015602, 24490802.83, 761.74, 29953552951.19
27-Nov-2018, 114.95, $1221.20, 94.567700, 115.48607770, 114.876, $114.93, 0.0469%, 9415396, 24490802.83, 761.74, 29899345517.31
28-Nov-2018, 115.38, $1213.25, 94.566480, 114.73278526, 115.433, $115.39, -0.0369%, 13721399, 24490802.83, 761.74, 29704318104.51
29-Nov-2018, 115.74, $1226.25, 94.565760, 115.96125734, 115.758, $115.73, -0.0241%, 6319764, 24490802.83, 761.74, 30022369525.37
30-Nov-2018, 115.54, $1217.55, 94.564510, 115.13701376, 115.577, $115.53, -0.0404%, 7838647, 24490802.83, 761.74, 29808972863.53
03-Dec-2018, 116.41, $1230.30, 94.561740, 116.33930926, 116.344, $116.38, 0.0309%, 8462977, 24377328.74, 758.21, 29980639996.80
04-Dec-2018, 117.12, $1240.30, 94.560980, 117.28398160, 117.076, $117.07, -0.0051%, 7184886, 24377328.74, 758.21, 30224082057.72
05-Dec-2018, AWAITED, $1235.90, 94.560980, 117.28398160, 116.986, AWAITED, AWAITED, 7184886, 24377328.74, 758.21, 30224082057.72
06-Dec-2018, 117.14, $1242.55, 94.558970, 117.49425370, 117.067, $117.12, 0.0454%, 9212879, 24377328.74, 758.21, 30278269179.73
07-Dec-2018, 118.09, $1243.30, 94.557960, 117.56391214, 118.037, $118.07, 0.0282%, 9812135, 24426177.95, 759.73, 30366758506.27
10-Dec-2018, 117.68, $1245.35, 94.554870, 117.75390350, 117.631, $117.67, 0.0332%, 8116972, 24445088.93, 760.32, 30439384055.55
11-Dec-2018, 117.54, $1245.30, 94.553830, 117.74788484, 117.540, $117.55, 0.0086%, 6391120, 24549098.14, 763.56, 30567350905.16
12-Dec-2018, 117.79, $1245.75, 94.552800, 117.78914828, 117.784, $117.79, 0.0047%, 4121095, 24549098.14, 763.56, 30578062893.60
13-Dec-2018, 117.53, $1242.75, 94.551730, 117.50416527, 117.537, $117.54, 0.0023%, 4118287, 24549098.14, 763.56, 30504081304.21
14-Dec-2018, 117.06, $1235.35, 94.550620, 116.80310353, 117.099, $117.10, 0.0008%, 7488179, 24549098.14, 763.56, 30322085677.50
17-Dec-2018, 117.87, $1241.65, 94.547590, 117.39501703, 117.823, $117.84, 0.0142%, 8426002, 24549098.14, 763.56, 30475746421.32
18-Dec-2018, 118.15, $1246.30, 94.546620, 117.83345337, 118.108, $118.13, 0.0189%, 7538236, 24813828.68, 771.79, 30919498162.91
19-Dec-2018, 117.43, $1255.00, 94.545710, 118.65486762, 117.440, $117.42, -0.0170%, 13745512, 24813828.68, 771.79, 31135037262.76
20-Dec-2018, 119.24, $1259.75, 94.544750, 119.10274562, 119.178, $119.21, 0.0265%, 18299933, 24728738.40, 769.14, 31145367977.48
21-Dec-2018, 118.72, $1258.15, 94.543690, 118.95013809, 118.685, $118.74, 0.0460%, 12532394, 24842190.83, 772.67, 31248201282.83
24-Dec-2018, 120.02, $1258.15, 94.540630, 119.23937535, 120.015, $119.99, -0.0205%, 9732424, 24889461.14, 774.14, 31383803588.37
25-Dec-2018, HOLIDAY, HOLIDAY, HOLIDAY, HOLIDAY, HOLIDAY, HOLIDAY, HOLIDAY, HOLIDAY, HOLIDAY, HOLIDAY, HOLIDAY
26-Dec-2018, 119.66, $1261.25, 94.538560, 119.23676188, 119.733, $119.70, -0.0276%, 14269491, 25399969.37, 790.02, 32026994225.47
27-Dec-2018, 120.57, $1268.00, 94.537660, 119.87375711, 120.512, $120.52, 0.0067%, 11870167, 25324339.24, 787.67, 32102192156.74
28-Dec-2018, 121.06, $1279.00, 94.536860, 120.91264014, 121.036, $120.99, -0.0376%, 6749513, 25324339.24, 787.67, 32380405030.73
31-Dec-2018, 121.25, $1279.00, 94.533810, 121.15925782, 121.188, $121.22, 0.0267%, 8437346, 25324339.24, 787.67, 32446449244.68
01-Jan-2019, HOLIDAY, HOLIDAY, HOLIDAY, HOLIDAY, HOLIDAY, HOLIDAY, HOLIDAY, HOLIDAY, HOLIDAY, HOLIDAY, HOLIDAY
02-Jan-2019, 121.33, $1282.90, 94.531770, 121.27480646, 121.270, $121.32, 0.0412%, 12013348, 25570121.84, 795.31, 32792707670.77
03-Jan-2019, 122.43, $1290.45, 94.530920, 121.98742827, 122.323, $122.43, 0.0875%, 15399869, 25570121.84, 795.31, 32985400602.88
04-Jan-2019, 121.44, $1279.90, 94.529610, 120.98845152, 121.480, $121.47, -0.0082%, 13269777, 25664651.45, 798.25, 32836265737.76
07-Jan-2019, 121.86, $1292.20, 94.526850, 122.14759747, 121.812, $121.82, 0.0065%, 7448525, 25617388.03, 796.78, 33089784156.75
08-Jan-2019, 121.53, $1286.45, 94.525650, 121.60252182, 121.497, $121.51, 0.0110%, 7249557, 25609233.69, 796.53, 32942123162.07
09-Jan-2019, 122.31, $1288.60, 94.524630, 121.80443485, 122.230, $122.29, 0.0493%, 10313624, 25694305.86, 799.18, 33106445395.94
10-Jan-2019, 121.59, $1291.90, 94.523620, 122.11505837, 121.584, $121.58, -0.0032%, 6670149, 25647044.05, 797.71, 33129815333.36
11-Jan-2019, 121.80, $1288.95, 94.522560, 121.83484820, 121.797, $121.78, -0.0140%, 8619482, 25647044.05, 797.71, 33053794316.08
14-Jan-2019, 122.09, $1292.75, 94.519490, 122.19006755, 122.086, $122.09, 0.0032%, 6473054, 25647044.05, 797.71, 33150165327.25
15-Jan-2019, 121.88, $1294.40, 94.518470, 122.34470769, 121.848, $121.85, 0.0012%, 7501937, 25647044.05, 797.71, 33192119196.69
16-Jan-2019, 122.27, $1292.30, 94.517410, 122.14484794, 122.230, $122.24, 0.0083%, 6716996, 25647044.05, 797.71, 33137897245.18
17-Jan-2019, 122.11, $1290.70, 94.516350, 121.99225680, 122.082, $122.10, 0.0147%, 8553765, 25647044.05, 797.71, 33096499269.36
18-Jan-2019, 121.02, $1284.20, 94.515230, 121.37645635, 121.069, $121.04, -0.0242%, 10890312, 26034556.49, 809.76, 33427076087.88
22-Jan-2019, 121.45, $1282.10, 94.511050, 121.17262227, 121.366, $121.40, 0.0277%, 7894091, 26034556.49, 809.76, 33370940172.68
23-Jan-2019, 121.28, $1279.80, 94.509980, 120.95386943, 121.270, $121.27, -0.0004%, 5208625, 26034556.49, 809.76, 33310695640.02
24-Jan-2019, 121.09, $1283.70, 94.509010, 121.32122095, 121.061, $121.07, 0.0072%, 5652486, 26034556.49, 809.76, 33411864248.91
25-Jan-2019, 122.86, $1283.70, 94.508170, 122.28412367, 122.780, $122.84, 0.0486%, 10652362, 26034556.49, 809.76, 33677047657.56
28-Jan-2019, 123.29, $1302.15, 94.505240, 123.05999715, 123.206, $123.25, 0.0353%, 8514597, 26223566.97, 815.64, 34136843212.88
29-Jan-2019, 123.98, $1307.55, 94.504320, 123.56912336, 123.919, $123.94, 0.0171%, 10529481, 26488179.07, 823.87, 34624068366.41
30-Jan-2019, 124.69, $1310.70, 94.503350, 123.86554523, 124.598, $124.65, 0.0418%, 12070466, 26488179.07, 823.87, 34707125774.24
31-Jan-2019, 124.75, $1323.25, 94.502600, 125.05056540, 124.691, $124.73, 0.0309%, 10033039, 26488179.07, 823.87, 35039168426.46
01-Feb-2019, 124.50, $1318.70, 94.501460, 124.61907402, 124.595, $124.51, -0.0686%, 12332148, 26280275.86, 817.40, 34644102575.93
04-Feb-2019, 123.96, $1312.15, 94.498180, 123.99579023, 124.024, $123.97, -0.0437%, 6721675, 26147978.41, 813.29, 34297235582.13
05-Feb-2019, 124.28, $1314.20, 94.497200, 124.18822303, 124.264, $124.29, 0.0211%, 6267636, 26100729.81, 811.82, 34288368380.19
06-Feb-2019, 123.44, $1312.40, 94.496120, 124.01670344, 123.488, $123.45, -0.0304%, 6593811, 26034582.52, 809.76, 34154200122.94
07-Feb-2019, 123.74, $1310.00, 94.495010, 123.78846593, 123.793, $123.75, -0.0349%, 5934329, 25826693.50, 803.29, 33819008898.21
08-Feb-2019, 124.21, $1314.85, 94.494120, 124.24559433, 124.184, $124.20, 0.0127%, 4225971, 25788895.85, 802.12, 33894198132.23
11-Feb-2019, 123.60, $1306.40, 94.490740, 123.44270540, 123.669, $123.61, -0.0481%, 4810579, 25788895.85, 802.12, 33675170032.82
12-Feb-2019, 123.86, $1310.00, 94.489830, 123.78167155, 123.890, $123.87, -0.0164%, 4266549, 25684957.04, 798.89, 33631480152.47
13-Feb-2019, 123.37, $1312.80, 94.488880, 124.04500802, 123.398, $123.37, -0.0225%, 7621603, 25619645.09, 796.85, 33628601678.87
14-Feb-2019, 124.06, $1311.45, 94.487840, 123.91607158, 124.011, $124.05, 0.0318%, 6254355, 25619645.09, 796.85, 33593647004.41
15-Feb-2019, 124.80, $1316.55, 94.486860, 124.39667139, 124.929, $124.81, -0.0950%, 10983960, 25496812.17, 793.03, 33562221934.71
18-Feb-2019, HOLIDAY, HOLIDAY, HOLIDAY, HOLIDAY, HOLIDAY, HOLIDAY, HOLIDAY, HOLIDAY, HOLIDAY, HOLIDAY, HOLIDAY
19-Feb-2019, 126.70, $1334.15, 94.482960, 126.05443741, 126.659, $126.69, 0.0244%, 14257406, 25477915.58, 792.45, 33984276325.69
20-Feb-2019, 126.48, $1343.75, 94.482060, 126.96027153, 126.554, $126.47, -0.0664%, 8884930, 25544053.02, 794.50, 34317361392.09
21-Feb-2019, 125.05, $1331.25, 94.480830, 125.77761061, 125.112, $125.05, -0.0492%, 8558929, 25383435.61, 789.51, 33783866219.45
22-Feb-2019, 125.50, $1329.05, 94.479760, 125.56832851, 125.526, $125.50, -0.0206%, 5354329, 25383435.61, 789.51, 33727653038.95
25-Feb-2019, 125.37, $1331.05, 94.476690, 125.75320369, 125.397, $125.37, -0.0215%, 4879573, 25345644.93, 788.33, 33727009562.33
26-Feb-2019, 125.58, $1325.05, 94.475540, 125.18481636, 125.534, $125.56, 0.0204%, 4986396, 25345644.93, 788.33, 33574567748.24
27-Feb-2019, 124.69, $1322.85, 94.474460, 124.97554064, 124.768, $124.70, -0.0543%, 7942971, 25345644.93, 788.33, 33518440000.00
28-Feb-2019, 123.99, $1319.15, 94.473350, 124.62451460, 124.072, $123.99, -0.0660%, 7795571, 25213382.24, 784.22, 33249820488.57
01-Mar-2019, 121.88, $1311.95, 94.472150, 123.94273517, 121.912, $121.88, -0.0259%, 16288360, 24835493.64, 772.46, 32572150795.50
04-Mar-2019, 121.56, $1285.40, 94.468350, 121.42962257, 121.609, $121.56, -0.0404%, 10228143, 24646556.94, 766.59, 31668845577.72
05-Mar-2019, 121.72, $1283.80, 94.467280, 121.27708766, 121.669, $121.71, 0.0336%, 6573403, 24646556.94, 766.59, 31629064462.93
06-Mar-2019, 121.61, $1285.85, 94.466300, 121.46948900, 121.630, $121.62, -0.0083%, 4770238, 24646556.94, 766.59, 31679243031.09
07-Mar-2019, 121.51, $1285.30, 94.465250, 121.41618253, 121.443, $121.49, 0.0390%, 8829190, 24646556.94, 766.59, 31665340403.55
08-Mar-2019, 122.84, $1296.75, 94.464550, 122.49690710, 122.797, $122.83, 0.0266%, 10381904, 24646556.94, 766.59, 31947193370.49
11-Mar-2019, 122.24, $1292.75, 94.461320, 122.11486931, 122.176, $122.23, 0.0440%, 6682471, 24741018.26, 769.53, 31969672787.38
12-Mar-2019, 122.98, $1297.05, 94.460420, 122.51989170, 122.940, $122.97, 0.0242%, 6286251, 24835478.68, 772.46, 32198227535.23
13-Mar-2019, 123.84, $1306.95, 94.459710, 123.45412185, 123.651, $123.83, 0.1451%, 7313958, 24835478.68, 772.46, 32443743222.43
14-Mar-2019, 122.41, $1295.55, 94.458290, 122.37544262, 122.437, $122.41, -0.0219%, 6766834, 24835478.68, 772.46, 32160266320.31
15-Mar-2019, 122.97, $1303.50, 94.457530, 123.12539487, 123.003, $122.96, -0.0346%, 9121313, 24789707.41, 771.04, 32308103614.68
18-Mar-2019, 123.04, $1305.60, 94.454460, 123.31973802, 123.136, $123.04, -0.0776%, 6424640, 25054179.90, 779.27, 32704394537.49
19-Mar-2019, 123.38, $1307.70, 94.453450, 123.51677728, 123.402, $123.38, -0.0175%, 6503301, 25016398.52, 778.09, 32707242623.75
20-Mar-2019, 124.18, $1303.70, 94.452360, 123.13753660, 123.973, $124.16, 0.1505%, 11274037, 25016398.52, 778.09, 32606819690.75
21-Mar-2019, 123.68, $1309.60, 94.451410, 123.69357058, 123.679, $123.68, 0.0005%, 7704937, 25016398.52, 778.09, 32754057489.50
22-Mar-2019, 123.97, $1311.30, 94.450410, 123.85281704, 124.051, $123.97, -0.0654%, 5836266, 25110848.93, 781.03, 32920078774.99
25-Mar-2019, 124.92, $1319.55, 94.447450, 124.62813663, 124.845, $124.90, 0.0438%, 7248725, 25110848.93, 781.03, 33126158716.27
26-Mar-2019, 124.30, $1316.30, 94.446360, 124.31973787, 124.254, $124.29, 0.0293%, 5051949, 25214739.93, 784.26, 33180938043.25
27-Mar-2019, 123.65, $1309.70, 94.445190, 123.69486308, 123.709, $123.65, -0.0477%, 6533818, 25214739.93, 784.26, 33014158956.78
28-Mar-2019, 121.90, $1295.15, 94.443850, 122.31894609, 121.856, $121.90, 0.0360%, 11443346, 25214739.93, 784.26, 32646926712.41
29-Mar-2019, 122.01, $1295.40, 94.442820, 122.34122351, 122.025, $122.01, -0.0122%, 6727232, 25214739.93, 784.26, 32652872553.78
01-Apr-2019, 121.53, $1293.50, 94.439660, 122.15770538, 121.619, $121.53, -0.0735%, 12536040, 24846425.25, 772.80, 32127476534.80
02-Apr-2019, 121.98, $1290.30, 94.438550, 121.85405613, 121.963, $121.97, 0.0060%, 3639848, 24695323.57, 768.10, 31852650265.68
03-Apr-2019, 121.80, $1290.45, 94.437520, 121.86689156, 121.843, $121.80, -0.0355%, 4258017, 24572554.80, 764.29, 31697578486.50
04-Apr-2019, 122.11, $1283.15, 94.436280, 121.17590708, 122.134, $122.11, -0.0200%, 7401653, 24516750.58, 762.55, 31457265775.24
05-Apr-2019, 121.98, $1288.45, 94.435260, 121.67510937, 122.010, $121.98, -0.0249%, 5089142, 24488420.00, 761.67, 31550355858.95
08-Apr-2019, 122.51, $1300.00, 94.432220, 122.76188488, 122.545, $122.55, 0.0043%, 4119689, 24450647.12, 760.49, 31783051995.36
09-Apr-2019, 123.15, $1303.00, 94.431200, 123.04385796, 123.152, $123.15, -0.0020%, 4615988, 24365659.04, 757.85, 31745315357.20
10-Apr-2019, 123.53, $1305.45, 94.430190, 123.27388633, 123.508, $123.52, 0.0097%, 6296265, 24365659.04, 757.85, 31804662673.76
11-Apr-2019, 121.95, $1298.80, 94.429100, 122.64451268, 121.960, $121.95, -0.0081%, 11631194, 24365659.04, 757.85, 31642284272.62
12-Apr-2019, 121.83, $1294.30, 94.428020, 122.21819087, 121.892, $121.82, -0.0594%, 5196687, 24365659.04, 757.85, 31532293243.80
15-Apr-2019, 121.60, $1285.65, 94.424820, 121.39727107, 121.631, $121.60, -0.0259%, 4247505, 24242906.77, 754.03, 31162679485.33
16-Apr-2019, 120.51, $1276.35, 94.423670, 120.51765257, 120.537, $120.51, -0.0220%, 9744240, 24186252.57, 752.27, 30864570823.63
17-Apr-2019, 120.28, $1275.85, 94.422630, 120.46911202, 120.323, $120.30, -0.0189%, 4629081, 24205137.09, 752.86, 30876233410.50
18-Apr-2019, 120.37, $1275.70, 94.421590, 120.45362587, 120.364, $120.39, 0.0217%, 3822537, 24167368.46, 751.68, 30824082861.10
19-Apr-2019, HOLIDAY, HOLIDAY, HOLIDAY, HOLIDAY, HOLIDAY, HOLIDAY, HOLIDAY, HOLIDAY, HOLIDAY, HOLIDAY, HOLIDAY
22-Apr-2019, 120.37, $1275.70, 94.417450, 120.44834580, 120.387, $120.37, -0.0141%, 2173870, 24167368.46, 751.68, 30822731690.65
23-Apr-2019, 120.12, $1269.50, 94.416310, 119.86150006, 120.102, $120.11, 0.0064%, 4950332, 24101277.04, 749.63, 30588654811.04
24-Apr-2019, 120.47, $1271.65, 94.415310, 120.06323186, 120.469, $120.45, -0.0160%, 3808627, 24044627.85, 747.87, 30568098833.30
25-Apr-2019, 120.57, $1280.80, 94.414460, 120.92603996, 120.614, $120.59, -0.0203%, 4799336, 24044627.85, 747.87, 30787770074.25
26-Apr-2019, 121.37, $1284.20, 94.413500, 121.24581113, 121.367, $121.36, -0.0055%, 5283031, 24006862.45, 746.69, 30820685186.16
29-Apr-2019, 120.83, $1279.50, 94.410280, 120.79795790, 120.850, $120.83, -0.0164%, 4167843, 24006862.45, 746.69, 30706840897.46
30-Apr-2019, 121.20, $1282.30, 94.409320, 121.06106555, 121.196, $121.20, 0.0032%, 4664080, 24006862.45, 746.69, 30773722862.36
01-May-2019, 120.40, $1283.80, 94.408320, 121.20139856, 120.446, $120.40, -0.0383%, 12260752, 24006862.45, 746.69, 30809395515.15
02-May-2019, 119.94, $1270.95, 94.406950, 119.98651879, 119.982, $119.95, -0.0265%, 6617002, 23969099.67, 745.52, 30452578470.86
03-May-2019, 120.65, $1278.55, 94.406120, 120.70294683, 120.679, $120.65, -0.0243%, 8304908, 23818049.88, 740.82, 30441283193.61
06-May-2019, 120.81, $1278.55, 94.403020, 120.69897857, 120.848, $120.83, -0.0150%, 2757018, 23780288.67, 739.64, 30392002802.79
07-May-2019, 121.21, $1281.20, 94.402060, 120.94792222, 121.255, $121.23, -0.0204%, 3803307, 23789728.88, 739.94, 30466781606.07
08-May-2019, 120.91, $1285.20, 94.401150, 121.32435727, 120.926, $120.91, -0.0132%, 4163895, 23789728.88, 739.94, 30561605596.22
09-May-2019, 121.20, $1286.10, 94.400140, 121.40802380, 121.210, $121.20, -0.0081%, 4912419, 23789728.88, 739.94, 30582681195.87
10-May-2019, 121.43, $1287.10, 94.399140, 121.50113343, 121.411, $121.39, -0.0177%, 4557914, 23574066.26, 733.23, 30338833018.57
13-May-2019, 122.67, $1295.60, 94.396120, 122.29961136, 122.644, $122.67, 0.0211%, 10898907, 23677901.99, 736.46, 30672742530.09
14-May-2019, 122.46, $1298.40, 94.395110, 122.56261479, 122.416, $122.43, 0.0112%, 5315883, 23677901.99, 736.46, 30738703789.47
15-May-2019, 122.39, $1299.10, 94.394090, 122.62735756, 122.358, $122.35, -0.0068%, 10283715, 23574068.50, 733.23, 30620051178.16
16-May-2019, 121.51, $1291.70, 94.392960, 121.92739055, 121.496, $121.49, -0.0049%, 7102670, 23574068.50, 733.23, 30445269420.86
17-May-2019, 120.65, $1280.80, 94.391790, 120.89700138, 120.656, $120.64, -0.0135%, 6497124, 23668460.29, 736.17, 30308878248.08
20-May-2019, 120.64, $1276.85, 94.388620, 120.52011332, 120.643, $120.64, -0.0023%, 4267307, 23668460.29, 736.17, 30214392409.15
21-May-2019, 120.36, $1271.15, 94.387500, 119.98066433, 120.337, $120.34, 0.0021%, 3650957, 23781725.29, 739.69, 30223129352.12
22-May-2019, 120.24, $1273.80, 94.386510, 120.22953164, 120.223, $120.23, 0.0059%, 2968445, 23753409.33, 738.81, 30249750160.17
23-May-2019, 121.17, $1283.65, 94.385650, 121.15813662, 121.156, $121.16, 0.0031%, 6041187, 23753409.33, 738.81, 30483387173.91
24-May-2019, 121.30, $1282.50, 94.384590, 121.04823922, 121.261, $121.28, 0.0160%, 2315235, 23753409.33, 738.81, 30455736988.02
27-May-2019, HOLIDAY, HOLIDAY, HOLIDAY, HOLIDAY, HOLIDAY, HOLIDAY, HOLIDAY, HOLIDAY, HOLIDAY, HOLIDAY, HOLIDAY
28-May-2019, 120.83, $1278.30, 94.380360, 120.64641788, 120.764, $120.79, 0.0212%, 3642875, 23706219.15, 737.34, 30294315530.98
29-May-2019, 120.87, $1281.65, 94.379400, 120.96136401, 120.796, $120.85, 0.0445%, 4127429, 23819474.43, 740.86, 30518552131.94
30-May-2019, 121.69, $1280.95, 94.378350, 120.89395257, 121.625, $121.68, 0.0449%, 7689581, 23819474.43, 740.86, 30501544232.68
31-May-2019, 123.33, $1295.55, 94.377670, 122.27098884, 123.271, $123.32, 0.0394%, 14503192, 23894976.57, 743.21, 30946787277.06
03-Jun-2019, 125.11, $1317.10, 94.375120, 124.30146567, 125.071, $125.10, 0.0235%, 13564853, 24423477.24, 759.65, 32156789196.58
04-Jun-2019, 125.15, $1324.25, 94.374260, 124.97511690, 125.220, $125.18, -0.0323%, 7378441, 24423477.24, 759.65, 32331062741.95
05-Jun-2019, 125.47, $1335.05, 94.373510, 125.99334786, 125.430, $125.44, 0.0080%, 7341864, 24357415.78, 757.59, 32506283744.28
06-Jun-2019, 125.88, $1335.50, 94.372480, 126.03445050, 125.850, $125.88, 0.0235%, 5514750, 24357415.78, 757.59, 32516888228.03
07-Jun-2019, 126.59, $1340.65, 94.371590, 126.51926820, 126.557, $126.58, 0.0182%, 7717984, 24319667.15, 756.42, 32591363486.30
10-Jun-2019, 125.33, $1328.60, 94.368130, 125.37749699, 125.380, $125.34, -0.0322%, 5386306, 24319667.15, 756.42, 32297243223.56
11-Jun-2019, 125.18, $1324.30, 94.366960, 124.97017026, 125.211, $125.20, -0.0086%, 4694050, 24311851.99, 756.18, 32192315858.46
12-Jun-2019, 125.83, $1332.35, 94.366000, 125.72853777, 125.776, $125.81, 0.0273%, 5731270, 24425091.19, 759.70, 32538545577.81
13-Jun-2019, 126.60, $1335.90, 94.365000, 126.06219905, 126.553, $126.59, 0.0293%, 5308881, 24425091.19, 759.70, 32624897114.48
14-Jun-2019, 126.56, $1351.25, 94.364110, 127.50950781, 126.533, $126.57, 0.0294%, 9085948, 24566637.35, 764.10, 33190724877.77
17-Jun-2019, 126.48, $1341.30, 94.360890, 126.56626325, 126.448, $126.47, 0.0172%, 4631150, 24566637.35, 764.10, 32945198324.94
18-Jun-2019, 127.12, $1341.35, 94.359860, 126.56959508, 127.018, $127.04, 0.0175%, 10120674, 24566637.35, 764.10, 32946065600.08
19-Jun-2019, 127.89, $1344.05, 94.358860, 126.82302628, 127.795, $127.90, 0.0822%, 11361574, 24566637.35, 764.10, 33012033741.25
20-Jun-2019, 131.11, $1379.50, 94.358320, 130.16730586, 131.101, $131.13, 0.0218%, 17339833, 24566637.35, 764.10, 33882549715.69
21-Jun-2019, 131.98, $1397.15, 94.357540, 131.83163580, 132.047, $132.01, -0.0278%, 14378007, 25689492.08, 799.03, 35884571277.99
24-Jun-2019, 133.94, $1405.70, 94.354570, 132.63421850, 133.880, $133.93, 0.0376%, 17146135, 25783846.65, 801.96, 36235668493.43
25-Jun-2019, 134.20, $1431.40, 94.353940, 135.05823202, 134.195, $134.19, -0.0036%, 24102033, 25708363.50, 799.61, 36789862403.43
26-Jun-2019, 132.97, $1403.95, 94.352450, 132.46612475, 132.964, $132.96, -0.0032%, 11658417, 25651752.03, 797.85, 36004292709.22
27-Jun-2019, 132.84, $1402.50, 94.351390, 132.32782748, 132.866, $132.84, -0.0193%, 8248505, 25585706.05, 795.80, 35874074031.68
28-Jun-2019, 133.20, $1409.00, 94.350480, 132.93982353, 133.086, $133.17, 0.0631%, 6657107, 25529095.77, 794.04, 35960222262.16
01-Jul-2019, 130.62, $1390.10, 94.346980, 131.15173900, 130.588, $130.60, 0.0088%, 12207623, 25727224.42, 800.20, 35751964046.42
02-Jul-2019, 133.41, $1391.05, 94.345970, 131.23995906, 133.405, $133.37, -0.0264%, 12379797, 25670616.84, 798.44, 35697268862.49
03-Jul-2019, 133.63, $1413.50, 94.345430, 133.35726725, 133.763, $133.64, -0.0919%, 6296676, 25670616.84, 798.44, 36273176691.95
05-Jul-2019, 132.14, $1388.65, 94.342770, 131.00909352, 132.127, $132.16, 0.0249%, 11397195, 25623445.46, 796.97, 35568968892.50
08-Jul-2019, 131.29, $1400.10, 94.339970, 132.08539503, 131.368, $131.29, -0.0597%, 6772397, 25585709.47, 795.80, 35808350593.02
09-Jul-2019, 131.75, $1391.55, 94.338710, 131.27702971, 131.747, $131.77, 0.0176%, 6247904, 25530590.82, 794.08, 35523564238.18
10-Jul-2019, 133.83, $1408.30, 94.337790, 132.85590410, 133.790, $133.81, 0.0151%, 13747532, 25738133.96, 800.54, 36243090649.92
11-Jul-2019, 132.70, $1413.75, 94.336790, 133.36863914, 132.722, $132.71, -0.0094%, 7211946, 25738133.96, 800.54, 36382964758.21
12-Jul-2019, 133.53, $1407.60, 94.335710, 132.78694374, 133.499, $133.49, -0.0069%, 6199519, 25738133.96, 800.54, 36224278251.62
15-Jul-2019, 133.53, $1412.40, 94.332660, 133.23544365, 133.498, $133.51, 0.0092%, 3523791, 25738133.96, 800.54, 36346629027.30
16-Jul-2019, 132.40, $1409.85, 94.331590, 132.99339877, 132.399, $132.38, -0.0144%, 7825531, 25700401.32, 799.37, 36227401828.88
17-Jul-2019, 134.58, $1410.35, 94.330570, 133.03911482, 134.506, $134.59, 0.0625%, 11002599, 25823031.07, 803.18, 36412805731.31
18-Jul-2019, 136.48, $1417.45, 94.329620, 133.70751991, 136.443, $136.43, -0.0096%, 18261456, 26190916.58, 814.62, 37117207525.67
19-Jul-2019, 134.47, $1439.70, 94.328870, 135.80526754, 134.452, $134.46, 0.0062%, 16152281, 26379574.32, 820.49, 37971152817.72
22-Jul-2019, 134.45, $1427.75, 94.325590, 134.67336197, 134.405, $134.45, 0.0338%, 7524040, 26530495.27, 825.18, 37870149384.01
23-Jul-2019, 133.69, $1425.55, 94.324520, 134.46432404, 133.653, $133.67, 0.0126%, 9195519, 26464468.10, 823.13, 37717242895.09
24-Jul-2019, 134.37, $1426.95, 94.323510, 134.59493549, 134.338, $134.36, 0.0161%, 6600640, 26436171.05, 822.25, 37713500924.98
25-Jul-2019, 133.42, $1416.10, 94.322290, 133.56980126, 133.391, $133.38, -0.0079%, 10808615, 26341848.76, 819.32, 37292688518.95
26-Jul-2019, 133.64, $1420.40, 94.321340, 133.97402772, 133.630, $133.62, -0.0073%, 6077318, 26304120.22, 818.14, 37351958927.77
29-Jul-2019, 134.53, $1419.05, 94.318210, 133.84225523, 134.502, $134.51, 0.0056%, 9101338, 26521052.11, 824.89, 37623057947.04
30-Jul-2019, 134.98, $1425.90, 94.317320, 134.48706103, 134.968, $134.99, 0.0162%, 9129504, 26521052.11, 824.89, 37804312846.89
31-Jul-2019, 133.21, $1427.55, 94.316320, 134.64125866, 133.293, $133.19, -0.0769%, 18486704, 26473893.95, 823.42, 37780337178.17
01-Aug-2019, 136.41, $1406.80, 94.314820, 132.68209504, 136.139, $136.40, 0.1919%, 26571927, 26615366.18, 827.82, 37429619000.92
02-Aug-2019, 135.89, $1441.75, 94.314580, 135.97804207, 135.945, $135.90, -0.0331%, 13194553, 26709680.76, 830.76, 38495383712.87
05-Aug-2019, 137.79, $1465.25, 94.312030, 138.19070556, 137.776, $137.81, 0.0249%, 16277540, 26851148.80, 835.16, 39329074797.15
06-Aug-2019, 138.91, $1465.25, 94.311000, 138.18919112, 138.866, $138.90, 0.0242%, 9181835, 26907735.40, 836.92, 39411557309.24
07-Aug-2019, 141.02, $1506.05, 94.310940, 142.03698799, 140.938, $141.02, 0.0580%, 25717146, 27181237.13, 845.42, 40920856249.53
08-Aug-2019, 141.73, $1495.75, 94.309660, 141.06367278, 141.823, $141.75, -0.0514%, 13004283, 27002048.77, 839.85, 40372423147.01
09-Aug-2019, 141.26, $1497.70, 94.308670, 141.24610107, 141.298, $141.30, 0.0014%, 9226366, 27002048.77, 839.85, 40424634127.58
12-Aug-2019, 142.63, $1504.70, 94.305760, 141.90187765, 142.581, $142.61, 0.0204%, 13907397, 27256674.33, 847.77, 40995452451.19
13-Aug-2019, 141.78, $1498.40, 94.304560, 141.30594676, 141.776, $141.73, -0.0322%, 29800495, 26899425.16, 836.66, 40300455994.54
14-Aug-2019, 142.75, $1513.25, 94.303650, 142.70500151, 142.790, $142.77, -0.0139%, 20356448, 27144614.65, 844.29, 41070499427.45
15-Aug-2019, 143.70, $1515.65, 94.302640, 142.92979743, 143.623, $143.68, 0.0397%, 13402546, 27144614.65, 844.29, 41135195701.01
16-Aug-2019, 142.78, $1515.25, 94.301600, 142.89050444, 142.721, $142.80, 0.0555%, 10695559, 27116324.17, 843.41, 41081020027.65
19-Aug-2019, 141.11, $1496.60, 94.298280, 141.12680184, 141.082, $141.09, 0.0053%, 9590755, 27116324.17, 843.41, 40573955529.96
20-Aug-2019, 142.21, $1504.55, 94.297350, 141.87507234, 142.196, $142.23, 0.0241%, 7239121, 27172902.58, 845.17, 40874208345.31
21-Aug-2019, 141.76, $1503.25, 94.296300, 141.75090601, 141.690, $141.74, 0.0356%, 8041362, 27389784.07, 851.91, 41164463122.39
22-Aug-2019, 141.40, $1502.05, 94.295250, 141.63617295, 141.391, $141.39, -0.0007%, 6701392, 27484079.32, 854.84, 41272780804.56
23-Aug-2019, 144.17, $1503.80, 94.294240, 141.79967437, 144.133, $144.16, 0.0184%, 19627285, 27644379.53, 859.83, 41561484564.62
26-Aug-2019, 144.19, $1503.80, 94.291140, 141.79501254, 144.185, $144.17, -0.0106%, 10455119, 27644379.53, 859.83, 41560118174.62
27-Aug-2019, 145.57, $1532.95, 94.290600, 144.54277569, 145.453, $145.51, 0.0394%, 11779176, 28078116.29, 873.32, 43030384319.68
28-Aug-2019, 145.16, $1537.15, 94.289640, 144.93731794, 145.055, $145.17, 0.0792%, 10396677, 28370414.17, 882.41, 43597145242.25
29-Aug-2019, 144.12, $1540.20, 94.288660, 145.22339189, 144.090, $144.13, 0.0277%, 14546164, 28304412.11, 880.36, 43581539904.37
30-Aug-2019, 143.75, $1528.40, 94.287410, 144.10887669, 143.694, $143.73, 0.0250%, 9273520, 28238410.92, 878.31, 43146197681.54
02-Sep-2019, HOLIDAY, HOLIDAY, HOLIDAY, HOLIDAY, HOLIDAY, HOLIDAY, HOLIDAY, HOLIDAY, HOLIDAY, HOLIDAY, HOLIDAY
03-Sep-2019, 145.75, $1537.85, 94.283480, 144.99384499, 145.687, $145.73, 0.0296%, 14326268, 28615544.84, 890.04, 43991132588.31
04-Sep-2019, 146.66, $1546.10, 94.282620, 145.77035647, 146.608, $146.64, 0.0221%, 11088228, 28804110.08, 895.90, 44518266869.06
05-Sep-2019, 143.14, $1529.10, 94.281210, 144.16540436, 143.161, $143.15, -0.0079%, 20094885, 28606481.93, 889.75, 43739783696.07
06-Sep-2019, 141.92, $1523.70, 94.280160, 143.65468374, 141.991, $141.93, -0.0427%, 13655816, 28606481.93, 889.75, 43584831046.41
09-Sep-2019, 141.39, $1509.20, 94.276980, 142.28282364, 141.463, $141.40, -0.0443%, 10564404, 28370789.48, 882.42, 42812901648.28
10-Sep-2019, 140.18, $1498.25, 94.275880, 141.24883923, 140.198, $140.16, -0.0269%, 11886693, 28370789.48, 882.42, 42501775725.45
11-Sep-2019, 141.03, $1490.65, 94.274790, 140.53072222, 141.068, $141.01, -0.0412%, 6835393, 28370789.48, 882.42, 42285694315.43
12-Sep-2019, 141.32, $1515.20, 94.273950, 142.84388886, 141.336, $141.33, -0.0039%, 12207938, 28304797.72, 880.37, 42881735437.13
13-Sep-2019, 140.15, $1503.10, 94.272820, 141.70146969, 140.179, $140.17, -0.0064%, 13211907, 28116252.08, 874.51, 42255378249.73
16-Sep-2019, 141.32, $1497.20, 94.269650, 141.14052642, 141.386, $141.30, -0.0606%, 7970713, 28116252.08, 874.51, 42088104977.71
17-Sep-2019, 141.60, $1502.10, 94.268680, 141.60097875, 141.566, $141.62, 0.0381%, 6982446, 28304789.44, 880.37, 42508613832.04
18-Sep-2019, 140.71, $1503.50, 94.267660, 141.73142657, 140.671, $140.69, 0.0136%, 14921107, 28408483.86, 883.60, 42703678824.65
19-Sep-2019, 141.28, $1500.70, 94.266590, 141.46587440, 141.225, $141.29, 0.0457%, 7826177, 28408483.86, 883.60, 42623667956.02
20-Sep-2019, 142.95, $1501.90, 94.265570, 141.57746649, 142.925, $142.98, 0.0382%, 10133572, 28747839.92, 894.15, 43166969508.88
23-Sep-2019, 143.75, $1522.10, 94.262780, 143.47737074, 143.704, $143.75, 0.0323%, 8643950, 29209727.54, 908.52, 44449289488.24
24-Sep-2019, 144.51, $1520.65, 94.261720, 143.33908564, 144.499, $144.50, 0.0010%, 10553551, 29209727.54, 908.52, 44406448731.96
25-Sep-2019, 141.83, $1528.75, 94.260820, 144.10122107, 141.823, $141.80, -0.0162%, 11518981, 29737588.13, 924.94, 45449525166.16
26-Sep-2019, 141.79, $1506.40, 94.259420, 141.99238833, 141.816, $141.80, -0.0114%, 7177695, 29737588.13, 924.94, 44784399278.14
27-Sep-2019, 141.06, $1489.90, 94.258100, 140.43514161, 141.055, $141.03, -0.0180%, 9585217, 29671607.46, 922.88, 44194939063.03
30-Sep-2019, 138.87, $1485.30, 94.254910, 139.99681664, 138.908, $138.89, -0.0131%, 15376563, 29605629.02, 920.83, 43959000423.64
01-Oct-2019, 139.63, $1473.45, 94.253630, 138.87801633, 139.687, $139.61, -0.0549%, 12457699, 29605629.02, 920.83, 43607697127.65
02-Oct-2019, 141.26, $1492.60, 94.253010, 140.68204503, 141.304, $141.28, -0.0171%, 11434078, 29699882.03, 923.76, 44314844183.17
03-Oct-2019, 141.90, $1517.10, 94.252500, 142.99047310, 141.892, $141.90, 0.0053%, 12359591, 29699882.03, 923.76, 45041999025.31
04-Oct-2019, 141.90, $1499.15, 94.251080, 141.29650701, 141.879, $141.91, 0.0219%, 9608196, 29699882.03, 923.76, 44508399706.90
07-Oct-2019, 140.69, $1501.25, 94.248040, 141.48987143, 140.660, $140.70, 0.0281%, 6047958, 29699882.03, 923.76, 44569309501.69
08-Oct-2019, 141.92, $1505.85, 94.247120, 141.92203292, 141.958, $141.94, -0.0126%, 10370562, 29699882.03, 923.76, 44705440369.65
09-Oct-2019, 142.05, $1507.25, 94.246130, 142.05247989, 141.989, $142.06, 0.0498%, 6909562, 29699882.03, 923.76, 44746531166.03
10-Oct-2019, 140.81, $1494.80, 94.244770, 140.87708775, 140.776, $140.81, 0.0240%, 9265274, 29633808.57, 921.71, 44291756393.40
11-Oct-2019, 140.03, $1479.15, 94.243630, 139.40047168, 140.060, $140.03, -0.0215%, 11278604, 29633808.57, 921.71, 43827508294.91
14-Oct-2019, 140.59, $1490.60, 94.240650, 140.47511051, 140.616, $140.60, -0.0117%, 3838422, 29633808.57, 921.71, 44165374742.96
15-Oct-2019, 139.61, $1487.80, 94.239590, 140.20966382, 139.588, $139.59, 0.0017%, 9080167, 29567840.86, 919.66, 43983771540.71
16-Oct-2019, 140.41, $1485.10, 94.238530, 139.95364535, 140.378, $140.39, 0.0088%, 10317931, 29520721.59, 918.19, 43833481725.47
17-Oct-2019, 140.61, $1492.65, 94.237590, 140.66373462, 140.579, $140.59, 0.0079%, 5656327, 29520721.59, 918.19, 44055881683.19
18-Oct-2019, 140.46, $1490.00, 94.236530, 140.41242382, 140.502, $140.47, -0.0227%, 6345114, 29728041.96, 924.64, 44286078486.23
21-Oct-2019, 139.79, $1491.65, 94.233460, 140.56333936, 139.751, $139.79, 0.0279%, 7946092, 29728041.96, 924.64, 44333677232.68
22-Oct-2019, 140.20, $1485.35, 94.232340, 139.96800283, 140.185, $140.18, -0.0034%, 3864351, 29567846.98, 919.66, 43907962483.56
23-Oct-2019, 140.53, $1494.45, 94.231450, 140.82418579, 140.560, $140.57, 0.0069%, 4060216, 29530154.40, 918.48, 44120217405.82
24-Oct-2019, 141.53, $1496.55, 94.230450, 141.02058048, 141.558, $141.55, -0.0054%, 6132440, 29530154.40, 918.48, 44181747864.15
25-Oct-2019, 141.86, $1513.45, 94.229700, 142.61193475, 141.830, $141.87, 0.0283%, 5968618, 29530154.40, 918.48, 44680319158.66
28-Oct-2019, 140.64, $1492.40, 94.226220, 140.62320871, 140.628, $140.67, 0.0299%, 5360320, 29530154.40, 918.48, 44057251289.62
29-Oct-2019, 140.25, $1486.75, 94.225080, 140.08913578, 140.179, $140.23, 0.0366%, 3828016, 29492464.37, 917.31, 43833890585.62
30-Oct-2019, 141.02, $1492.10, 94.224160, 140.59186477, 140.936, $141.00, 0.0456%, 6561252, 29435929.87, 915.55, 43906839365.17
31-Oct-2019, 142.43, $1510.95, 94.223520, 142.36702121, 142.537, $142.41, -0.0888%, 6449516, 29435929.87, 915.55, 44461220722.95
01-Nov-2019, 142.56, $1508.80, 94.222440, 142.16281861, 142.674, $142.58, -0.0662%, 7798872, 29407663.14, 914.67, 44354799405.16
04-Nov-2019, 142.15, $1509.45, 94.219370, 142.21942288, 142.125, $142.15, 0.0174%, 7798872, 29407663.14, 914.67, 44372459937.47
05-Nov-2019, 139.85, $1488.95, 94.217840, 140.28565541, 139.832, $139.89, 0.0418%, 10319096, 29445350.28, 915.85, 43825238747.95
06-Nov-2019, 140.45, $1486.05, 94.216740, 140.01078489, 140.501, $140.48, -0.0147%, 6183070, 29445350.28, 915.85, 43739369201.04
07-Nov-2019, 138.27, $1484.25, 94.215660, 139.83959707, 138.344, $138.28, -0.0465%, 14130771, 29398242.45, 914.38, 43615970327.23
08-Nov-2019, 137.39, $1464.15, 94.214090, 137.94355702, 137.477, $137.39, -0.0634%, 10214016, 28974279.04, 901.19, 42403849415.36
11-Nov-2019, 137.06, $1458.70, 94.210830, 137.42534498, 137.124, $137.04, -0.0612%, 6954692, 28974279.04, 901.19, 42244551045.43
12-Nov-2019, 137.43, $1452.05, 94.209600, 136.79704784, 137.379, $137.42, 0.0297%, 6272036, 28842385.60, 897.09, 41859896636.96
13-Nov-2019, 137.98, $1462.90, 94.208910, 137.81822097, 137.889, $137.97, 0.0588%, 8725110, 28832133.69, 896.77, 42172375615.40
14-Nov-2019, 138.56, $1466.65, 94.207920, 138.17004587, 138.531, $138.57, 0.0283%, 5138505, 28832133.69, 896.77, 42280034034.82
15-Nov-2019, 138.21, $1466.90, 94.206890, 138.19209122, 138.164, $138.19, 0.0189%, 7201174, 28832133.69, 896.77, 42286779912.58
18-Nov-2019, 138.62, $1467.65, 94.203810, 138.25822660, 138.635, $138.64, 0.0036%, 4149217, 28671987.22, 891.79, 42071978362.91
19-Nov-2019, 138.69, $1468.45, 94.202790, 138.33209300, 138.698, $138.71, 0.0089%, 4308530, 28671987.22, 891.79, 42094455898.96
20-Nov-2019, 138.76, $1471.70, 94.201810, 138.63680181, 138.753, $138.75, -0.0019%, 4912498, 28671987.22, 891.79, 42187178790.31
21-Nov-2019, 138.00, $1467.05, 94.200710, 138.19715559, 138.013, $138.01, -0.0025%, 4080833, 28671987.22, 891.79, 42053394444.80
22-Nov-2019, 137.74, $1464.45, 94.199640, 137.95066872, 137.775, $137.74, -0.0250%, 3582903, 28671987.22, 891.79, 41978388492.82
25-Nov-2019, 137.08, $1458.40, 94.196450, 137.37610431, 137.040, $137.05, 0.0074%, 6111717, 28822701.54, 896.48, 42023350304.68
26-Nov-2019, 137.74, $1454.65, 94.195350, 137.02127193, 137.747, $137.75, 0.0025%, 4688955, 28822701.54, 896.48, 41914807083.60
27-Nov-2019, 137.01, $1454.35, 94.194320, 136.99150795, 137.053, $137.02, -0.0239%, 4083121, 28822701.54, 896.48, 41905702282.32
28-Nov-2019, HOLIDAY, HOLIDAY, HOLIDAY, HOLIDAY, HOLIDAY, HOLIDAY, HOLIDAY, HOLIDAY, HOLIDAY, HOLIDAY, HOLIDAY
29-Nov-2019, 137.86, $1460.15, 94.192380, 137.53499857, 137.879, $137.88, 0.0009%, 3937562, 28794443.82, 895.60, 42030695561.98
02-Dec-2019, 137.79, $1461.15, 94.189310, 137.62471090, 137.827, $137.79, -0.0270%, 8162776, 28587227.34, 889.16, 41755337287.91
03-Dec-2019, 139.11, $1477.30, 94.188650, 139.14488998, 139.131, $139.14, 0.0066%, 8275559, 28587227.34, 889.16, 42216559621.22
04-Dec-2019, 138.92, $1475.10, 94.187570, 138.93608116, 138.906, $138.93, 0.0173%, 6081284, 28568389.83, 888.57, 42125419808.36
05-Dec-2019, 139.00, $1475.95, 94.186560, 139.01465134, 139.024, $139.00, -0.0173%, 5132335, 28568389.83, 888.57, 42149242287.21
06-Dec-2019, 137.62, $1459.65, 94.185120, 137.47731522, 137.565, $137.58, 0.0110%, 5132335, 28493041.73, 886.23, 41573140126.51
09-Dec-2019, 137.58, $1461.70, 94.182090, 137.66596291, 137.581, $137.59, 0.0064%, 2670527, 28493041.73, 886.23, 41630187184.81
10-Dec-2019, 137.97, $1464.95, 94.181150, 137.97067984, 137.938, $137.95, 0.0089%, 3225163, 28483504.93, 885.93, 41722333583.66
11-Dec-2019, 138.92, $1466.80, 94.180140, 138.14342431, 138.906, $138.93, 0.0171%, 6037579, 28492922.94, 886.22, 41788385853.03
12-Dec-2019, 138.43, $1467.80, 94.179110, 138.23610499, 138.439, $138.44, 0.0010%, 8696698, 28492922.94, 886.22, 41816421760.91
13-Dec-2019, 139.05, $1466.60, 94.178080, 138.12156568, 139.002, $139.07, 0.0488%, 5778474, 28492922.94, 886.22, 41781773616.97
16-Dec-2019, 139.04, $1477.90, 94.175110, 139.18138925, 139.045, $139.05, 0.0037%, 4368383, 28492922.94, 886.22, 42102370248.19
17-Dec-2019, 139.01, $1475.80, 94.174050, 138.98206819, 138.977, $138.99, 0.0091%, 4283129, 28313992.25, 880.66, 41778009709.07
18-Dec-2019, 139.02, $1474.05, 94.173000, 138.81571581, 138.988, $139.00, 0.0086%, 3571294, 28398747.95, 883.29, 41852938313.48
19-Dec-2019, 139.38, $1476.70, 94.172010, 139.06380353, 139.323, $139.33, 0.0052%, 4947629, 28398747.95, 883.29, 41927736763.90
20-Dec-2019, 139.52, $1479.00, 94.171010, 139.27892187, 139.133, $139.15, 0.0122%, 4321461, 28483501.86, 885.93, 42117945975.11
23-Dec-2019, 139.95, $1482.10, 94.167970, 139.56634578, 139.905, $139.93, 0.0176%, 4801125, 28483501.86, 885.93, 42204862964.68
24-Dec-2019, 141.27, $1482.10, 94.167080, 140.38898686, 141.147, $141.25, 0.0729%, 5206535, 28577668.94, 888.86, 42594018617.99
26-Dec-2019, 142.38, $1490.85, 94.165020, 140.38591828, 142.321, $142.40, 0.0555%, 7983983, 28690666.96, 892.37, 42761550710.36
27-Dec-2019, 142.33, $1511.50, 94.164350, 142.32941290, 142.226, $142.31, 0.0592%, 5017797, 28718916.27, 893.25, 43396237993.26
30-Dec-2019, 142.63, $1514.75, 94.161320, 142.63086467, 142.636, $142.66, 0.0171%, 4384570, 28718916.27, 893.25, 43488150639.12
31-Dec-2019, 142.90, $1514.75, 94.160460, 143.40637530, 142.903, $142.92, 0.0122%, 5146577, 28718916.27, 893.25, 43724603828.57
01-Jan-2020, HOLIDAY, HOLIDAY, HOLIDAY, HOLIDAY, HOLIDAY, HOLIDAY, HOLIDAY, HOLIDAY, HOLIDAY, HOLIDAY, HOLIDAY
02-Jan-2020, 143.95, $1527.10, 94.158480, 143.78942071, 143.855, $143.93, 0.0519%, 7663319, 28784827.20, 895.30, 43942046964.94
03-Jan-2020, 145.86, $1548.75, 94.157910, 145.82706617, 145.808, $145.88, 0.0492%, 11811434, 28784827.20, 895.30, 44564751422.09
06-Jan-2020, 147.39, $1573.10, 94.155370, 148.11581538, 147.419, $147.41, -0.0061%, 14017676, 28813073.81, 896.18, 45308627924.57
07-Jan-2020, 147.97, $1567.85, 94.154220, 147.61969848, 147.977, $148.00, 0.0152%, 7758716, 28813073.81, 896.18, 45156865764.00
08-Jan-2020, 146.86, $1571.95, 94.153290, 148.00426465, 146.969, $146.87, -0.0671%, 7758716, 28511783.29, 886.81, 44800890912.41
09-Jan-2020, 146.03, $1550.75, 94.151740, 146.00580801, 145.996, $146.01, 0.0093%, 10187167, 28361140.50, 882.12, 43962348788.27
10-Jan-2020, 146.91, $1553.60, 94.150780, 146.27265590, 146.922, $146.92, -0.0016%, 6096656, 28116555.49, 874.52, 43677015062.96
13-Jan-2020, 145.82, $1549.90, 94.147670, 145.91946727, 145.858, $145.80, -0.0400%, 7348351, 28116555.49, 874.52, 43571552926.97
14-Jan-2020, 145.69, $1545.10, 94.146590, 145.46590336, 145.640, $145.67, 0.0206%, 6511372, 28116555.49, 874.52, 43436118743.75
15-Jan-2020, 146.54, $1549.00, 94.145600, 145.83153851, 146.514, $146.51, -0.0028%, 6124097, 28238944.77, 878.32, 43734878394.79
16-Jan-2020, 146.31, $1554.55, 94.144630, 146.35253367, 146.277, $146.30, 0.0156%, 5335892, 28276602.62, 879.49, 43949665862.43
17-Jan-2020, 146.58, $1557.60, 94.143630, 146.63812266, 146.530, $146.59, 0.0410%, 10647607, 28897950.58, 898.82, 45003239813.03
21-Jan-2020, 146.74, $1551.30, 94.139430, 146.03850305, 146.740, $146.72, -0.0135%, 5976142, 28897950.58, 898.82, 44819216586.23
22-Jan-2020, 146.79, $1556.90, 94.138480, 146.56420174, 146.738, $146.77, 0.0216%, 4242821, 28897950.58, 898.82, 44980553513.36
23-Jan-2020, 147.12, $1562.90, 94.137540, 147.12755859, 147.085, $147.10, 0.0101%, 7848872, 28954433.10, 900.58, 45241724267.89
24-Jan-2020, 147.98, $1564.30, 94.136530, 147.25777426, 147.950, $147.96, 0.0070%, 9848906, 28954433.10, 900.58, 45281765586.14
27-Jan-2020, 148.99, $1580.10, 94.133710, 148.74066991, 149.018, $148.99, -0.0190%, 9776420, 28916779.62, 899.41, 45678259727.49
28-Jan-2020, 147.66, $1574.00, 94.132570, 148.16466976, 147.708, $147.69, -0.0123%, 9776420, 28916779.62, 899.41, 45501370083.66
29-Jan-2020, 148.46, $1573.45, 94.131530, 148.11126260, 148.403, $148.46, 0.0384%, 0, 29048563.76, 903.50, 45692324504.18
30-Jan-2020, 148.47, $1578.25, 94.130590, 148.56161010, 148.463, $148.45, -0.0086%, 8918138, 29048563.76, 903.50, 45831256716.70
31-Jan-2020, 149.33, $1584.20, 94.129680, 149.12023629, 149.365, $149.37, 0.0034%, 14581109, 29039150.79, 903.21, 45988680870.17
03-Feb-2020, 148.36, $1574.75, 94.126390, 148.22553850, 148.407, $148.37, -0.0251%, 14581109, 29329784.28, 912.25, 46187077790.00
04-Feb-2020, 146.43, $1558.35, 94.125010, 146.67970618, 146.393, $146.40, 0.0050%, 8721843, 29340355.24, 912.58, 45705396445.72
05-Feb-2020, 146.61, $1553.30, 94.123860, 146.20259871, 146.593, $146.56, -0.0227%, 10205250, 29340355.24, 912.58, 45556729758.57
06-Feb-2020, 147.40, $1563.30, 94.122870, 147.14228076, 147.415, $147.41, -0.0036%, 4416272, 29415318.56, 914.91, 45981962736.07
07-Feb-2020, 147.79, $1572.65, 94.121880, 148.02076936, 147.776, $147.77, -0.0041%, 5849424, 29452967.31, 916.08, 46315698733.47
10-Feb-2020, 148.17, $1573.20, 94.118790, 148.06768667, 148.115, $148.14, 0.0171%, 5479678, 29452967.31, 916.08, 46330379157.55
11-Feb-2020, 147.66, $1570.50, 94.117750, 147.81192289, 147.605, $147.66, 0.0374%, 5153204, 29650614.58, 922.23, 46560755717.36
12-Feb-2020, 147.54, $1563.70, 94.116670, 147.17023772, 147.481, $147.52, 0.0266%, 4783455, 29650614.58, 922.23, 46358624881.03
13-Feb-2020, 148.38, $1575.05, 94.115730, 148.23698104, 148.355, $148.36, 0.0036%, 5589691, 29650614.58, 922.23, 46694649026.93
14-Feb-2020, 149.00, $1581.40, 94.114750, 148.83307317, 148.937, $148.97, 0.0224%, 5276250, 29707083.43, 923.99, 46971717887.17
18-Feb-2020, 150.91, $1589.85, 94.110730, 149.62194809, 150.855, $150.87, 0.0101%, 10634922, 29895304.89, 929.84, 47519930706.95
19-Feb-2020, 151.79, $1604.20, 94.109870, 150.97104629, 151.724, $151.82, 0.0633%, 9065481, 29951770.82, 931.60, 48038986932.23
20-Feb-2020, 152.41, $1619.00, 94.109010, 152.36248674, 152.395, $152.42, 0.0161%, 8084960, 30027058.02, 933.94, 48603633269.14
21-Feb-2020, 154.70, $1643.30, 94.108270, 154.64812419, 154.690, $154.67, -0.0132%, 16166818, 30027058.02, 933.94, 49332751617.45
24-Feb-2020, 156.09, $1671.65, 94.105570, 157.31157354, 156.121, $156.16, 0.0249%, 26383690, 30027058.02, 933.94, 50182391959.35
25-Feb-2020, 153.30, $1650.30, 94.104240, 155.30022832, 153.875, $153.34, -0.3474%, 26999672, 30224676.93, 940.09, 49866903312.70
26-Feb-2020, 153.97, $1634.90, 94.102980, 153.84896724, 154.122, $153.94, -0.1180%, 17788906, 30083522.46, 935.69, 49170129938.53
27-Feb-2020, 154.00, $1652.00, 94.102220, 155.45686850, 153.998, $154.02, 0.0141%, 27496133, 30036471.35, 934.23, 49606286738.19
28-Feb-2020, 148.38, $1609.85, 94.100500, 151.48768775, 148.524, $148.53, 0.0044%, 39789308, 30036471.35, 934.23, 48339721162.18
02-Mar-2020, 149.20, $1599.65, 94.097220, 150.52261865, 149.130, $149.19, 0.0402%, 15998899, 29932964.41, 931.01, 47866192731.43
03-Mar-2020, 153.89, $1615.50, 94.096500, 152.01289907, 153.984, $153.92, -0.0417%, 27245422, 30045880.21, 934.52, 48522517379.25
04-Mar-2020, 154.16, $1641.85, 94.095990, 154.49150178, 154.125, $154.19, 0.0425%, 11083422, 30045880.21, 934.52, 49313687369.36
05-Mar-2020, 157.49, $1659.60, 94.095310, 156.16057947, 157.457, $157.47, 0.0081%, 17616014, 30459899.57, 947.40, 50533563503.51
06-Mar-2020, 157.55, $1683.65, 94.094750, 158.42263227, 157.430, $157.53, 0.0636%, 26458677, 30723364.87, 955.60, 51709147154.98
09-Mar-2020, 157.81, $1672.50, 94.091430, 157.36792285, 158.069, $157.90, -0.1069%, 10418755, 30986820.87, 963.79, 51805520183.92
10-Mar-2020, 154.48, $1655.70, 94.090040, 155.78487577, 155.173, $154.48, -0.4468%, 17008987, 30930366.85, 962.03, 51190910174.56
11-Mar-2020, 153.93, $1653.75, 94.088970, 155.59962616, 153.859, $153.95, 0.0592%, 17102900, 30648099.94, 953.25, 50663238252.46
12-Mar-2020, 147.79, $1570.70, 94.085870, 147.78067467, 148.449, $147.89, -0.3763%, 32366348, 30356433.74, 944.18, 47659267578.06
13-Mar-2020, 143.28, $1562.80, 94.084630, 147.03545273, 143.945, $143.34, -0.4201%, 34479792, 29951667.00, 931.59, 46801387275.12
16-Mar-2020, 141.64, $1487.70, 94.080720, 139.96389322, 142.499, $141.99, -0.3574%, 24121449, 29895218.56, 929.84, 44466528879.85
17-Mar-2020, 143.56, $1536.20, 94.080270, 144.52611004, 143.830, $143.91, 0.0557%, 23984895, 29895218.56, 929.84, 45915945161.15
18-Mar-2020, 140.70, $1498.20, 94.078770, 140.94881164, 139.829, $140.66, 0.5941%, 21768626, 29697653.15, 923.69, 44483444949.89
19-Mar-2020, 138.04, $1474.25, 94.077410, 138.69362412, 138.529, $138.14, -0.2808%, 19857614, 29650614.44, 922.23, 43702360961.65
20-Mar-2020, 140.11, $1494.40, 94.076680, 140.58818372, 140.885, $140.13, -0.5356%, 19379120, 29199046.38, 908.18, 43624513376.80
23-Mar-2020, 146.30, $1525.40, 94.074090, 143.50062400, 146.059, $146.28, 0.1510%, 27992153, 29707046.46, 923.99, 45303146956.94
24-Mar-2020, 153.40, $1605.75, 94.074310, 151.05982558, 153.026, $153.29, 0.1725%, 20447761, 30092751.14, 935.98, 48308933652.44
25-Mar-2020, 151.30, $1605.45, 94.073280, 151.02994984, 152.119, $151.31, -0.5320%, 16101436, 30516080.90, 949.15, 48979012722.51
26-Mar-2020, 153.24, $1634.80, 94.072700, 153.79005433, 153.390, $153.36, -0.0197%, 11605306, 30657189.95, 953.54, 50104799693.52
27-Mar-2020, 152.25, $1617.30, 94.071400, 152.14167323, 153.186, $152.38, -0.5261%, 9642861, 31014661.27, 964.66, 50145895505.31
30-Mar-2020, 152.92, $1617.30, 94.068330, 152.23078191, 152.640, $152.87, 0.1507%, 11688554, 31005254.43, 964.36, 50160042640.17
31-Mar-2020, 148.05, $1618.30, 94.067130, 151.34931254, 148.464, $148.04, -0.2858%, 12958521, 31089914.85, 967.00, 50005812860.31
01-Apr-2020, 149.45, $1576.55, 94.065470, 148.29892287, 149.559, $149.55, -0.0063%, 11562243, 31146354.13, 968.75, 49086943466.56
02-Apr-2020, 151.90, $1616.80, 94.065250, 152.08469502, 151.887, $151.83, -0.0376%, 9008195, 31249825.91, 971.97, 50507327215.88
03-Apr-2020, 152.65, $1613.10, 94.064150, 151.73487543, 152.483, $152.74, 0.1687%, 8143757, 31475579.87, 978.99, 50755315843.95
06-Apr-2020, 156.88, $1648.30, 94.061820, 155.04209284, 156.604, $156.91, 0.1957%, 14347256, 31644891.14, 984.26, 52140655832.44
07-Apr-2020, 156.04, $1649.25, 94.060810, 155.12978979, 155.812, $156.03, 0.1401%, 9054913, 31691440.93, 985.71, 52263226181.81
08-Apr-2020, 154.65, $1647.80, 94.059780, 154.99169757, 154.719, $154.69, -0.0187%, 7539671, 31785500.71, 988.63, 52371694617.37
09-Apr-2020, 158.69, $1680.65, 94.058900, 158.08009629, 158.216, $158.54, 0.2045%, 17951180, 31964212.62, 994.19, 53715616707.47
10-Apr-2020, HOLIDAY, HOLIDAY, HOLIDAY, HOLIDAY, HOLIDAY, HOLIDAY, HOLIDAY, HOLIDAY, HOLIDAY, HOLIDAY, HOLIDAY
13-Apr-2020, 161.41, $1680.65, 94.054790, 158.07318576, 161.534, $161.43, -0.0646%, 19824227, 32462703.01, 1009.69, 54551056391.19
14-Apr-2020, 162.68, $1741.90, 94.054210, 163.83303110, 162.502, $162.64, 0.0848%, 16717013, 32716649.37, 1017.59, 56981128210.14
15-Apr-2020, 161.85, $1718.65, 94.053000, 161.64419690, 162.025, $162.07, 0.0277%, 12055469, 32848323.57, 1021.69, 56446153544.71
16-Apr-2020, 161.71, $1729.50, 94.052070, 162.66305001, 161.647, $161.72, 0.0450%, 8984687, 32848323.57, 1021.69, 56801937062.50
17-Apr-2020, 158.57, $1692.55, 94.050710, 159.18552115, 158.269, $158.50, 0.1462%, 14429415, 32848323.57, 1021.69, 55587583985.22
20-Apr-2020, 159.70, $1686.20, 94.047550, 158.58298077, 159.321, $159.60, 0.1750%, 9350822, 33102251.96, 1029.59, 55805350929.14
21-Apr-2020, 158.61, $1682.05, 94.046470, 158.19087295, 158.581, $158.60, 0.0119%, 12138126, 33224512.37, 1033.39, 55873016314.64
22-Apr-2020, 161.73, $1710.55, 94.045790, 160.87002813, 161.500, $161.64, 0.0866%, 12836599, 33516054.32, 1042.46, 57317991015.37
23-Apr-2020, 163.34, $1736.25, 94.045080, 163.28576416, 162.848, $163.11, 0.1606%, 4875703, 33516054.32, 1042.46, 58178717771.43
24-Apr-2020, 162.64, $1715.90, 94.043790, 161.36973811, 162.418, $162.60, 0.1119%, 10456114, 33704141.90, 1048.31, 57818777165.70
27-Apr-2020, 161.56, $1714.95, 94.040690, 161.27508486, 161.576, $161.63, 0.0334%, 8887089, 33704141.90, 1048.31, 57784862903.94
28-Apr-2020, 160.84, $1691.55, 94.039300, 159.07218274, 160.533, $160.78, 0.1541%, 8887089, 33704141.90, 1048.31, 56995563074.36
29-Apr-2020, 161.73, $1703.35, 94.038460, 160.18041804, 161.208, $161.68, 0.2926%, 11793514, 33967451.94, 1056.50, 57841148954.80
30-Apr-2020, 158.80, $1702.75, 94.037430, 160.12222809, 158.907, $158.72, -0.1178%, 12552100, 33967451.94, 1056.50, 57820136562.66
01-May-2020, 159.78, $1686.25, 94.036110, 158.56839606, 159.899, $159.79, -0.0682%, 10764355, 34334192.77, 1067.90, 57877464539.79
04-May-2020, 160.34, $1709.10, 94.033460, 160.71258814, 160.247, $160.31, 0.0392%, 7686218, 34456436.27, 1071.71, 58869021031.75
05-May-2020, 161.02, $1699.55, 94.032250, 159.81250965, 160.884, $160.94, 0.0345%, 10325096, 34606887.87, 1076.39, 58795022301.19
06-May-2020, 158.95, $1691.50, 94.031060, 159.05353990, 158.892, $159.00, 0.0681%, 12691128, 34588081.65, 1075.80, 58483986622.37
07-May-2020, 161.39, $1704.05, 94.030290, 160.23231747, 161.222, $161.48, 0.1597%, 12691128, 34588081.65, 1075.80, 58917423133.83
08-May-2020, 160.42, $1704.05, 94.029260, 160.23056629, 160.468, $160.49, 0.0134%, 10962236, 34776142.23, 1081.65, 59237240356.57
11-May-2020, 159.42, $1702.75, 94.026150, 160.10302862, 159.586, $159.52, -0.0413%, 10465956, 34757337.00, 1081.07, 59158069076.99
12-May-2020, 160.04, $1702.40, 94.025120, 160.06835617, 160.059, $160.12, 0.0381%, 9613772, 34840822.75, 1083.66, 59305325970.00
13-May-2020, 161.58, $1708.40, 94.024130, 160.63082450, 161.477, $161.56, 0.0514%, 10777951, 35113492.73, 1092.14, 59979549864.93
14-May-2020, 163.01, $1731.60, 94.023280, 162.81070830, 162.895, $163.02, 0.0765%, 16911209, 35517792.83, 1104.72, 61493604539.03
15-May-2020, 163.93, $1735.35, 94.022280, 163.16156406, 163.876, $163.90, 0.0146%, 13686918, 35809261.90, 1113.78, 62131923592.42
18-May-2020, 162.69, $1734.70, 94.019190, 163.09509122, 162.799, $162.73, -0.0423%, 13879430, 35809261.90, 1113.78, 62106610736.57
19-May-2020, 164.26, $1737.95, 94.018200, 163.39892543, 164.085, $164.31, 0.1370%, 8489615, 35809261.90, 1113.78, 62222310805.07
20-May-2020, 164.65, $1748.30, 94.017280, 164.37041121, 164.446, $164.59, 0.0878%, 10473342, 35762253.26, 1112.32, 62510067384.63
21-May-2020, 162.25, $1724.90, 94.015990, 162.16817416, 162.225, $162.22, -0.0028%, 11742825, 35762253.26, 1112.32, 61672556633.94
22-May-2020, 163.21, $1733.55, 94.015060, 162.97981259, 163.163, $163.19, 0.0165%, 8351177, 35903275.85, 1116.71, 62225692437.72
25-May-2020, HOLIDAY, HOLIDAY, HOLIDAY, HOLIDAY, HOLIDAY, HOLIDAY, HOLIDAY, HOLIDAY, HOLIDAY, HOLIDAY, HOLIDAY
26-May-2020, 160.89, $1720.25, 94.010760, 161.72201122, 161.031, $160.89, -0.0876%, 13295553, 35903275.85, 1116.71, 61745463883.37
27-May-2020, 161.18, $1694.60, 94.009340, 159.30822449, 161.156, $161.15, -0.0034%, 12669197, 35978483.32, 1119.05, 60951326690.73
28-May-2020, 161.72, $1717.35, 94.008670, 161.44579745, 161.554, $161.77, 0.1338%, 9639173, 35997285.06, 1119.63, 61801451264.02
29-May-2020, 162.91, $1728.70, 94.007830, 162.51133897, 162.789, $162.86, 0.0438%, 9886758, 36110094.45, 1123.14, 62404354161.35
01-Jun-2020, 163.66, $1730.60, 94.004780, 162.68467856, 163.512, $163.68, 0.1028%, 8071398, 36279303.06, 1128.40, 62763748979.02
02-Jun-2020, 162.60, $1742.15, 94.003970, 163.76901091, 162.418, $162.52, 0.0627%, 10330099, 36307504.25, 1129.28, 63231215112.10
03-Jun-2020, 159.60, $1705.35, 94.002240, 160.30671460, 159.621, $159.58, -0.0254%, 16942915, 36439107.38, 1133.37, 62118851914.58
04-Jun-2020, 161.28, $1700.05, 94.001100, 159.80657513, 161.343, $161.31, -0.0208%, 10023351, 36401506.94, 1132.20, 61861125233.56
05-Jun-2020, 158.01, $1683.45, 93.999730, 158.24384072, 158.004, $158.04, 0.0227%, 15921988, 36269907.32, 1128.11, 61034649360.74
08-Jun-2020, 159.72, $1690.35, 93.996800, 158.88749772, 159.625, $159.69, 0.0405%, 8889185, 36185310.20, 1125.48, 61139909130.19
09-Jun-2020, 161.26, $1713.50, 93.996320, 161.06268636, 161.157, $161.24, 0.0517%, 8976487, 36157111.31, 1124.60, 61928602902.26
10-Jun-2020, 163.57, $1722.05, 93.995490, 161.86493111, 163.463, $163.49, 0.0166%, 12690853, 36314381.27, 1129.49, 62528422890.39
11-Jun-2020, 162.39, $1738.25, 93.994560, 163.38603693, 162.383, $162.42, 0.0227%, 11535954, 36492970.93, 1135.05, 63426459550.20
12-Jun-2020, 162.62, $1733.50, 93.993500, 162.93772964, 162.740, $162.67, -0.0432%, 6855678, 36530568.33, 1136.22, 63317601740.27
15-Jun-2020, 162.33, $1710.45, 93.990230, 160.76558255, 162.171, $162.29, 0.0735%, 8492682, 36530568.33, 1136.22, 62473505378.47
16-Jun-2020, 162.25, $1719.85, 93.989280, 161.64746834, 162.193, $162.27, 0.0477%, 6943046, 36530568.33, 1136.22, 62816206197.37
17-Jun-2020, 162.56, $1724.35, 93.988300, 162.06872219, 162.449, $162.58, 0.0804%, 6943046, 36530568.33, 1136.22, 62979905442.36
18-Jun-2020, 162.24, $1719.50, 93.987220, 161.61102887, 162.109, $162.13, 0.0129%, 5331587, 36530568.33, 1136.22, 62802045817.30
19-Jun-2020, 164.03, $1734.75, 93.986360, 163.04283205, 163.898, $164.00, 0.0622%, 11517950, 37273060.58, 1159.31, 64646482955.06
22-Jun-2020, 165.09, $1761.85, 93.983600, 165.58499956, 165.002, $165.04, 0.0228%, 12050277, 37489222.86, 1166.04, 66035297836.68
23-Jun-2020, 166.48, $1768.90, 93.982660, 166.24591844, 166.293, $166.43, 0.0824%, 11856907, 37592603.78, 1169.25, 66481742792.07
24-Jun-2020, 165.90, $1766.05, 93.981590, 165.97619021, 165.859, $165.93, 0.0430%, 10788827, 37836955.92, 1176.85, 66805416552.03
25-Jun-2020, 165.80, $1756.55, 93.980440, 165.08133984, 165.786, $165.77, -0.0098%, 6812597, 37789965.70, 1175.39, 66362698614.47
26-Jun-2020, 166.54, $1747.60, 93.979290, 164.23820110, 166.442, $166.51, 0.0408%, 6812597, 37902740.84, 1178.90, 66220842691.13
29-Jun-2020, 166.63, $1771.60, 93.976580, 166.48890719, 166.550, $166.59, 0.0240%, 6703796, 37902740.84, 1178.90, 67128327678.25
30-Jun-2020, 167.37, $1768.10, 93.975500, 166.15807513, 167.323, $167.35, 0.0159%, 12217921, 37902740.84, 1178.90, 66994935892.21
01-Jul-2020, 166.62, $1771.05, 93.974520, 166.43357036, 166.556, $166.60, 0.0266%, 12504283, 38006112.82, 1182.11, 67289092501.62
02-Jul-2020, 166.98, $1777.45, 93.973600, 167.03337513, 166.827, $166.90, 0.0440%, 8686664, 38306828.34, 1191.47, 68066100366.39
03-Jul-2020, HOLIDAY, HOLIDAY, HOLIDAY, HOLIDAY, HOLIDAY, HOLIDAY, HOLIDAY, HOLIDAY, HOLIDAY, HOLIDAY, HOLIDAY
06-Jul-2020, 167.98, $1787.90, 93.969700, 168.00842342, 167.896, $167.95, 0.0324%, 7216129, 38306828.34, 1191.47, 68463432543.64
07-Jul-2020, 169.04, $1789.55, 93.968700, 168.16169297, 168.852, $168.98, 0.0756%, 11367458, 38560543.83, 1199.36, 68979926440.51
08-Jul-2020, 170.09, $1811.10, 93.968100, 170.18562457, 169.998, $170.02, 0.0131%, 11608231, 38663908.74, 1202.57, 69997347387.74
09-Jul-2020, 169.63, $1812.10, 93.967090, 170.27776775, 169.441, $169.56, 0.0700%, 13268940, 38607528.48, 1200.82, 69933079217.32
10-Jul-2020, 169.19, $1803.10, 93.965880, 169.42987817, 169.106, $169.12, 0.0085%, 8090653, 38595937.23, 1200.46, 69584850962.50
13-Jul-2020, 169.40, $1807.50, 93.962830, 169.83781297, 169.345, $169.35, 0.0032%, 10442524, 38708692.62, 1203.97, 69956195163.00
14-Jul-2020, 170.19, $1801.90, 93.961760, 169.30969727, 170.019, $170.13, 0.0652%, 9553211, 38802654.38, 1206.89, 69907974000.13
15-Jul-2020, 170.34, $1804.60, 93.960760, 169.56157908, 170.257, $170.33, 0.0429%, 7420950, 38802654.38, 1206.89, 70011976000.39
16-Jul-2020, 168.73, $1807.70, 93.959750, 169.85104809, 168.677, $168.67, -0.0039%, 10104580, 38802654.38, 1206.89, 70131497756.14
17-Jul-2020, 170.12, $1807.35, 93.958720, 169.81630058, 170.108, $170.15, 0.0249%, 9915394, 38802654.38, 1206.89, 70117150511.08
20-Jul-2020, 170.94, $1815.65, 93.955730, 170.59072445, 170.844, $170.91, 0.0384%, 9656171, 38962379.12, 1211.86, 70726914350.79
21-Jul-2020, 173.00, $1842.55, 93.955000, 173.11678226, 172.891, $172.99, 0.0571%, 12525424, 39216057.62, 1219.75, 72241633243.13
22-Jul-2020, 175.63, $1852.40, 93.954080, 174.04054077, 175.549, $175.62, 0.0407%, 18211486, 39385174.97, 1225.01, 72940390631.07
23-Jul-2020, 177.18, $1878.30, 93.953350, 176.47258018, 177.177, $177.24, 0.0354%, 1997173, 39450942.31, 1227.05, 74083189155.72
24-Jul-2020, 178.70, $1902.10, 93.952600, 178.70724552, 178.740, $178.76, 0.0111%, 15397263, 39507313.87, 1228.81, 75128526013.12
27-Jul-2020, 182.23, $1936.65, 93.949970, 181.94820549, 182.122, $182.21, 0.0483%, 20601767, 39695213.81, 1234.65, 76854922004.97
28-Jul-2020, 183.75, $1940.90, 93.949000, 182.34560813, 183.943, $183.77, -0.0939%, 20476993, 39967665.91, 1243.12, 77551587156.29
29-Jul-2020, 185.13, $1950.90, 93.948100, 183.28335737, 185.021, $185.07, 0.0263%, 25011405, 39930086.67, 1241.95, 77877098849.71
30-Jul-2020, 183.76, $1957.65, 93.947170, 183.91568104, 183.714, $183.76, 0.0252%, 17783046, 39930086.67, 1241.95, 78145772873.26
31-Jul-2020, 185.43, $1964.90, 93.946250, 184.59498420, 185.478, $185.51, 0.0172%, 15551062, 39930086.67, 1241.95, 78434408785.61
03-Aug-2020, 185.64, $1958.55, 93.943070, 183.99219561, 185.669, $185.67, 0.0005%, 12307271, 40136761.43, 1248.38, 78583066753.95
04-Aug-2020, 189.59, $1977.90, 93.942350, 185.80858293, 189.463, $189.53, 0.0354%, 19881987, 40437376.95, 1257.73, 79953433205.29
05-Aug-2020, 191.35, $2048.15, 93.942440, 192.40821306, 191.478, $191.35, -0.0669%, 26856641, 40766175.49, 1267.96, 83466682811.25
06-Aug-2020, 193.89, $2067.15, 93.941710, 194.19160783, 193.811, $193.83, 0.0097%, 20381573, 40766175.49, 1267.96, 84240319476.20
07-Aug-2020, 190.81, $2031.15, 93.940100, 190.80643739, 190.774, $190.77, -0.0019%, 23879494, 40578295.29, 1262.12, 82390219670.40
10-Aug-2020, 190.15, $2044.50, 93.937260, 192.05473067, 190.218, $190.16, -0.0306%, 17115311, 40578295.29, 1262.12, 82929232702.89
11-Aug-2020, 179.94, $1939.65, 93.934210, 182.19948729, 180.032, $179.97, -0.0347%, 44377216, 40443694.79, 1257.93, 78436879272.91
12-Aug-2020, 179.10, $1931.90, 93.933140, 181.46942353, 179.337, $179.15, -0.1044%, 27721064, 40208861.94, 1250.63, 77668913247.29
13-Aug-2020, 183.33, $1944.25, 93.932190, 182.62765987, 183.299, $183.36, 0.0331%, 17913954, 40255828.03, 1252.09, 78255952254.76
14-Aug-2020, 182.54, $1944.75, 93.931170, 182.67263639, 182.565, $182.55, -0.0080%, 11214250, 40133717.51, 1248.29, 78037750256.78
17-Aug-2020, 186.50, $1972.85, 93.928330, 185.30650002, 186.448, $186.44, -0.0041%, 14524520, 40265217.18, 1252.38, 79422365915.06
18-Aug-2020, 188.18, $2008.75, 93.927610, 188.67709615, 188.170, $188.22, 0.0266%, 15853088, 40265217.18, 1252.38, 80867003409.59
19-Aug-2020, 182.24, $1981.00, 93.926330, 186.06806358, 182.320, $182.25, -0.0386%, 11214250, 40265217.18, 1252.38, 79748772052.18
20-Aug-2020, 183.50, $1927.15, 93.924760, 181.00709807, 183.351, $183.43, 0.0433%, 15352607, 40265217.18, 1252.38, 77579642233.10
21-Aug-2020, 182.03, $1924.35, 93.923700, 180.74207418, 182.071, $182.05, -0.0116%, 12554837, 40265217.18, 1252.38, 77466052992.22
24-Aug-2020, 181.00, $1943.95, 93.920870, 182.57746799, 180.934, $180.99, 0.0310%, 14164726, 40265217.18, 1252.38, 78252702780.90
25-Aug-2020, 181.22, $1911.15, 93.919410, 179.49408043, 181.119, $181.21, 0.0503%, 14164726, 40152513.88, 1248.87, 76715769974.14
26-Aug-2020, 183.36, $1932.95, 93.918680, 181.54011883, 183.254, $183.40, 0.0796%, 14062021, 40255824.43, 1252.09, 77789940910.43
27-Aug-2020, 181.24, $1923.85, 93.917530, 180.68323629, 181.266, $181.26, -0.0031%, 14042532, 40237040.93, 1251.50, 77386630100.39
28-Aug-2020, 184.39, $1957.35, 93.916990, 183.82841579, 184.500, $184.41, -0.0487%, 14092373, 40237040.93, 1251.50, 78733710484.26
31-Aug-2020, 184.83, $1957.35, 93.913910, 183.82238870, 184.949, $184.84, -0.0591%, 14169932, 40237040.93, 1251.50, 78731129079.34
01-Sep-2020, 185.05, $1972.35, 93.913130, 185.22955323, 185.061, $185.02, -0.0219%, 14169932, 40208866.99, 1250.63, 79278248778.90
02-Sep-2020, 182.62, $1947.05, 93.911670, 182.85072227, 182.517, $182.60, 0.0453%, 0, 40190084.65, 1250.04, 78223538989.65
03-Sep-2020, 181.14, $1940.45, 93.910530, 182.22868730, 181.294, $181.17, -0.0686%, 0, 40190084.65, 1250.04, 77957432727.83
04-Sep-2020, 181.64, $1926.30, 93.909240, 180.89737553, 181.719, $181.70, -0.0105%, 0, 40190084.65, 1250.04, 77387897251.41
07-Sep-2020, HOLIDAY, HOLIDAY, HOLIDAY, HOLIDAY, HOLIDAY, HOLIDAY, HOLIDAY, HOLIDAY, HOLIDAY, HOLIDAY, HOLIDAY
08-Sep-2020, 181.29, $1910.95, 93.904820, 179.44741054, 181.466, $181.27, -0.1082%, 0, 40190084.65, 1250.04, 76767602227.92
09-Sep-2020, 183.05, $1947.20, 93.904560, 182.85095345, 182.964, $183.00, 0.0199%, 0, 40283989.21, 1252.96, 78406488843.30
10-Sep-2020, 182.46, $1966.25, 93.903930, 184.63860436, 182.474, $182.43, -0.0242%, 0, 40283989.21, 1252.96, 79173033549.28
11-Sep-2020, 182.45, $1947.40, 93.902500, 182.86572615, 182.387, $182.39, 0.0017%, 7211468, 40124354.96, 1248.00, 78101951634.07
14-Sep-2020, 183.89, $1958.70, 93.899680, 183.92130929, 183.874, $183.84, -0.0187%, 8036607, 40124354.96, 1248.00, 78552791198.16
15-Sep-2020, 183.45, $1949.35, 93.898430, 183.04091332, 183.344, $183.46, 0.0632%, 7952977, 40110584.90, 1247.57, 78176774078.96
16-Sep-2020, 183.97, $1961.80, 93.897510, 184.20812693, 183.842, $183.91, 0.0370%, 12282792, 40110584.90, 1247.57, 78675291012.28
17-Sep-2020, 182.96, $1936.25, 93.896260, 181.80664231, 182.933, $182.98, 0.0255%, 7952977, 40091805.65, 1246.98, 77613255602.51
18-Sep-2020, 183.20, $1950.85, 93.895370, 183.17578200, 183.166, $183.17, 0.0020%, 7952977, 40091805.65, 1246.98, 78197741335.47
21-Sep-2020, 179.52, $1909.35, 93.891850, 179.27240358, 179.493, $179.46, -0.0184%, 17318048, 41115242.30, 1278.82, 78485458288.28
22-Sep-2020, 178.65, $1906.00, 93.890790, 178.95583821, 178.604, $178.61, 0.0035%, 7374745, 41096464.14, 1278.23, 78311074798.17
23-Sep-2020, 174.79, $1873.40, 93.889370, 175.89234198, 174.754, $174.82, 0.0375%, 17144213, 40739684.53, 1267.14, 76302097936.61
24-Sep-2020, 175.44, $1861.75, 93.888190, 174.79633909, 175.515, $175.43, -0.0482%, 10862647, 40739684.53, 1267.14, 75826651896.15
25-Sep-2020, 174.94, $1859.70, 93.887140, 174.60190814, 174.963, $174.93, -0.0191%, 6408637, 40730295.82, 1266.84, 75724847557.60
28-Sep-2020, 176.70, $1864.30, 93.884130, 175.02818104, 176.634, $176.66, 0.0149%, 6999677, 40796014.71, 1268.89, 76032241844.47
29-Sep-2020, 178.19, $1883.95, 93.883410, 176.87164783, 178.092, $178.21, 0.0662%, 8425378, 40796014.71, 1268.89, 76833043818.97
30-Sep-2020, 177.12, $1886.90, 93.882430, 177.14675654, 177.123, $177.13, 0.0038%, 8283285, 40796014.71, 1268.89, 76952551041.69
01-Oct-2020, 178.70, $1902.00, 93.881650, 178.56289318, 178.793, $178.72, -0.0408%, 10285755, 41030718.84, 1276.19, 78014128043.04
02-Oct-2020, 178.54, $1903.05, 93.880640, 178.65954424, 178.615, $178.52, -0.0534%, 7295388, 41011942.71, 1275.60, 78020622965.94
05-Oct-2020, 179.41, $1909.60, 93.877670, 179.26879600, 179.499, $179.38, -0.0662%, 6646944, 41011942.71, 1275.60, 78286683213.35
06-Oct-2020, 177.30, $1913.40, 93.876710, 179.62369808, 177.324, $177.21, -0.0641%, 8403772, 40880515.31, 1271.52, 78190195775.81
07-Oct-2020, 177.22, $1884.50, 93.875120, 176.90766127, 177.161, $177.18, 0.0107%, 6347470, 40880515.31, 1271.52, 77007904951.73
08-Oct-2020, 177.85, $1887.45, 93.874150, 177.18276414, 177.807, $177.85, 0.0242%, 6507753, 40880515.31, 1271.52, 77127657228.05
09-Oct-2020, 181.08, $1923.25, 93.873850, 180.54288629, 181.045, $181.10, 0.0303%, 12696190, 40880515.31, 1271.52, 78590318403.09
12-Oct-2020, 180.56, $1925.50, 93.870810, 180.74825360, 180.542, $180.59, 0.0267%, 4823388, 41077644.02, 1277.65, 79059286105.33
13-Oct-2020, 177.72, $1891.30, 93.869020, 177.53447570, 177.769, $177.70, -0.0389%, 8017337, 41077644.02, 1277.65, 77653579672.56
14-Oct-2020, 178.27, $1910.05, 93.868420, 179.29338377, 178.627, $178.25, -0.2110%, 8878034, 41087030.86, 1277.94, 78440855396.66
15-Oct-2020, 178.92, $1891.90, 93.866970, 177.58691276, 178.967, $178.96, -0.0038%, 6819489, 41026645.75, 1276.06, 77605480872.89
16-Oct-2020, 178.30, $1905.05, 93.866040, 178.81950774, 178.242, $178.26, 0.0100%, 8878034, 40914006.51, 1272.56, 77929541481.81
19-Oct-2020, 178.39, $1905.60, 93.862960, 178.86526365, 178.452, $178.41, -0.0237%, 6028825, 40923392.80, 1272.85, 77967368425.39
20-Oct-2020, 179.25, $1898.40, 93.861860, 178.18735671, 179.220, $179.24, 0.0113%, 7097469, 40829530.94, 1269.93, 77493681434.30
21-Oct-2020, 180.60, $1924.15, 93.861110, 180.60285373, 180.636, $180.64, 0.0024%, 7246289, 40810758.72, 1269.35, 78508060517.52
22-Oct-2020, 178.83, $1900.95, 93.859820, 178.42282247, 178.784, $178.84, 0.0312%, 8306791, 40688740.95, 1265.55, 77328451256.63
23-Oct-2020, 178.64, $1903.65, 93.858820, 178.67434753, 178.674, $178.68, 0.0032%, 8306791, 40632425.66, 1263.80, 77330257612.56
26-Oct-2020, 178.55, $1898.45, 93.855670, 178.18028877, 178.513, $178.53, 0.0093%, 5080707, 40632425.66, 1263.80, 77116428977.83
27-Oct-2020, 179.02, $1905.70, 93.854740, 178.85897811, 179.051, $179.05, -0.0008%, 5769947, 40726280.40, 1266.72, 77589024702.02
28-Oct-2020, 176.13, $1869.95, 93.853180, 175.50075114, 176.181, $176.14, -0.0234%, 10668399, 40454106.18, 1258.25, 75623273656.32
29-Oct-2020, 175.40, $1870.30, 93.852160, 175.53168645, 175.283, $175.43, 0.0839%, 8389510, 40454106.18, 1258.25, 75636603690.11
30-Oct-2020, 176.20, $1881.85, 93.851320, 176.61409747, 176.337, $176.22, -0.0665%, 7204073, 40435335.92, 1257.67, 76067691780.40
02-Nov-2020, 177.91, $1889.90, 93.848370, 177.36403956, 177.894, $177.90, 0.0032%, 6444271, 40379026.89, 1255.92, 76284273418.46
03-Nov-2020, 178.92, $1908.30, 93.847680, 179.08952192, 178.855, $178.91, 0.0308%, 7065903, 40379026.89, 1255.92, 77026403379.09
04-Nov-2020, 178.82, $1900.15, 93.846500, 178.32242221, 178.804, $178.80, -0.0022%, 10972524, 40266411.09, 1252.42, 76482486879.02
05-Nov-2020, 182.93, $1938.45, 93.846190, 181.91614679, 182.963, $182.96, -0.0014%, 16015791, 40266411.09, 1252.42, 78023835358.82
06-Nov-2020, 183.19, $1940.80, 93.845210, 182.13477578, 183.176, $183.22, 0.0238%, 10221751, 40519793.16, 1260.30, 78609369247.80
09-Nov-2020, 175.08, $1867.30, 93.840560, 175.22848169, 175.045, $175.05, 0.0026%, 29704631, 40181967.15, 1249.79, 74997790179.36
10-Nov-2020, 175.66, $1878.70, 93.839790, 176.29681704, 175.846, $175.71, -0.0776%, 11231867, 40181967.15, 1249.79, 75455037691.22
11-Nov-2020, 174.90, $1860.95, 93.838350, 174.62847824, 174.905, $174.88, -0.0145%, 8959201, 39891068.26, 1240.74, 74199640406.06
12-Nov-2020, 175.96, $1874.85, 93.837660, 175.93152985, 176.021, $175.98, -0.0231%, 6996354, 39853533.20, 1239.57, 74682934416.82
13-Nov-2020, 177.16, $1890.90, 93.837020, 177.43641501, 177.150, $177.18, 0.0168%, 6435946, 39684626.56, 1234.32, 75002372613.63
16-Nov-2020, 177.15, $1885.60, 93.833790, 176.93300353, 177.083, $177.10, 0.0095%, 6435946, 39684626.56, 1234.32, 74789580593.44
17-Nov-2020, 176.50, $1889.05, 93.832860, 177.25496008, 176.561, $176.48, -0.0457%, 7925758, 39426696.17, 1226.30, 74464808721.66
18-Nov-2020, 175.49, $1876.10, 93.831710, 176.03766377, 175.512, $175.49, -0.0127%, 7355990, 39192116.90, 1219.00, 73513328371.03
19-Nov-2020, 175.16, $1857.35, 93.830480, 174.27605030, 175.153, $175.16, 0.0038%, 6671978, 39135818.61, 1217.25, 72673112981.62
20-Nov-2020, 175.69, $1875.70, 93.829660, 175.99628529, 175.752, $175.72, -0.0184%, 6287843, 39229648.27, 1220.17, 73566447258.66
23-Nov-2020, 172.23, $1840.20, 93.826120, 172.65883113, 172.284, $172.25, -0.0195%, 15336666, 39004465.58, 1213.16, 71757010228.12
24-Nov-2020, 169.59, $1799.60, 93.824530, 168.84663114, 169.607, $169.56, -0.0275%, 18773673, 38572872.75, 1199.74, 69395965430.30
25-Nov-2020, 169.51, $1810.20, 93.823660, 169.83959342, 169.502, $169.50, -0.0011%, 10157020, 38413372.52, 1194.78, 69515345595.01
26-Nov-2020, HOLIDAY, HOLIDAY, HOLIDAY, HOLIDAY, HOLIDAY, HOLIDAY, HOLIDAY, HOLIDAY, HOLIDAY, HOLIDAY, HOLIDAY
27-Nov-2020, 167.79, $1779.30, 93.821110, 166.93589776, 167.841, $167.76, -0.0484%, 10306399, 38413372.52, 1194.78, 68326862955.01
30-Nov-2020, 166.67, $1762.55, 93.817720, 165.35841602, 166.662, $166.65, -0.0075%, 13040156, 38413372.52, 1194.78, 67681199678.47
01-Dec-2020, 170.18, $1810.75, 93.817580, 169.88019114, 170.232, $170.21, -0.0129%, 13275253, 38300791.43, 1191.28, 69328106012.04
02-Dec-2020, 171.46, $1822.60, 93.816780, 170.99045738, 171.572, $171.49, -0.0479%, 8848865, 38300791.43, 1191.28, 69781205656.53
03-Dec-2020, 172.81, $1832.35, 93.815930, 171.90362547, 172.793, $172.82, 0.0156%, 10228075, 38253883.46, 1189.82, 70067918465.32
04-Dec-2020, 172.32, $1843.00, 93.815110, 172.90125121, 172.282, $172.29, 0.0046%, 9996688, 38024929.08, 1182.70, 70076877122.12
07-Dec-2020, 174.89, $1859.95, 93.812080, 174.48578518, 174.833, $174.85, 0.0098%, 10455390, 37931117.00, 1179.78, 70544602956.46
08-Dec-2020, 175.50, $1868.15, 93.811090, 175.25318233, 175.446, $175.47, 0.0140%, 5917243, 37931117.00, 1179.78, 70854861615.71
09-Dec-2020, 172.50, $1841.75, 93.809940, 172.77446107, 172.449, $172.45, 0.0006%, 10678794, 37931117.00, 1179.78, 69852714609.39
10-Dec-2020, 172.17, $1844.35, 93.808930, 173.01649499, 172.205, $172.20, -0.0029%, 6529720, 37931117.00, 1179.78, 69950568923.62
11-Dec-2020, 172.49, $1842.00, 93.807890, 172.79412613, 172.550, $172.52, -0.0175%, 6048539, 37809166.74, 1175.99, 69636032820.57
14-Dec-2020, 171.54, $1831.15, 93.804720, 171.77051732, 171.550, $171.49, -0.0350%, 7472284, 37659079.19, 1171.32, 68948685657.56
15-Dec-2020, 173.94, $1850.65, 93.803850, 173.59809181, 173.969, $173.96, -0.0050%, 6785987, 37621557.65, 1170.15, 69612834814.00
16-Dec-2020, 174.90, $1851.95, 93.802830, 173.71815317, 174.839, $174.88, 0.0234%, 8098678, 37621557.65, 1170.15, 69660979722.59
17-Dec-2020, 176.74, $1890.75, 93.802140, 177.35640088, 176.704, $176.77, 0.0371%, 8875343, 37546515.94, 1167.82, 70978031637.49
18-Dec-2020, 176.44, $1879.75, 93.801010, 176.32245539, 176.430, $176.46, 0.0168%, 6477113, 37546515.94, 1167.82, 70564246646.92
21-Dec-2020, 175.88, $1880.00, 93.797930, 176.34011314, 175.979, $175.91, -0.0392%, 7667180, 37612174.49, 1169.86, 70694751353.94
22-Dec-2020, 174.49, $1877.10, 93.796870, 176.06610752, 174.443, $174.61, 0.0955%, 9166903, 37537136.99, 1167.53, 70444049622.54
23-Dec-2020, 175.65, $1875.00, 93.795820, 175.86715948, 175.605, $175.68, 0.0430%, 6494533, 37537136.99, 1167.53, 70364450509.16
24-Dec-2020, 176.35, $1875.00, 93.794760, 175.63537719, 176.057, $176.33, 0.1548%, 3429273, 37537136.99, 1167.53, 70271714414.12
25-Dec-2020, HOLIDAY, HOLIDAY, HOLIDAY, HOLIDAY, HOLIDAY, HOLIDAY, HOLIDAY, HOLIDAY, HOLIDAY, HOLIDAY, HOLIDAY
28-Dec-2020, 175.71, $1875.00, 93.790650, 175.62767823, 175.584, $175.72, 0.0777%, 7730071, 37612169.51, 1169.86, 70409136206.20
29-Dec-2020, 176.35, $1874.30, 93.789650, 175.78993558, 176.203, $176.31, 0.0609%, 5760324, 37612169.51, 1169.86, 70474185174.56
30-Dec-2020, 177.70, $1887.60, 93.788830, 177.03579253, 177.542, $177.66, 0.0663%, 5557137, 37612169.51, 1169.86, 70973649227.12
31-Dec-2020, 178.36, $1887.60, 93.787860, 177.36221647, 178.197, $178.35, 0.0859%, 7498356, 37640305.87, 1170.74, 71157721250.97
01-Jan-2021, HOLIDAY, HOLIDAY, HOLIDAY, HOLIDAY, HOLIDAY, HOLIDAY, HOLIDAY, HOLIDAY, HOLIDAY, HOLIDAY, HOLIDAY
04-Jan-2021, 182.33, $1943.20, 93.784670, 182.24237414, 182.280, $182.30, 0.0110%, 14203172, 38193635.42, 1187.95, 74190870491.80
05-Jan-2021, 182.87, $1940.35, 93.783590, 181.97299625, 182.723, $182.86, 0.0748%, 12063956, 38156121.99, 1186.78, 74008417577.59
06-Jan-2021, 179.90, $1931.95, 93.782410, 181.18293242, 179.983, $179.93, -0.0292%, 18199770, 38156121.99, 1186.78, 73687098614.21
07-Jan-2021, 179.48, $1920.10, 93.781160, 180.06920579, 179.460, $179.48, 0.0114%, 6999844, 38006072.13, 1182.11, 72946035265.40
08-Jan-2021, 173.34, $1862.90, 93.778970, 174.70084511, 173.299, $173.29, -0.0051%, 24053613, 38006072.13, 1182.11, 70771312355.06
11-Jan-2021, 173.00, $1847.25, 93.775530, 173.22685051, 173.035, $173.03, -0.0027%, 8124463, 37993155.00, 1181.71, 70174197141.97
12-Jan-2021, 174.12, $1841.25, 93.774470, 172.66223569, 174.031, $174.06, 0.0165%, 9686089, 37993155.00, 1181.71, 69945471677.89
13-Jan-2021, 173.37, $1858.85, 93.773560, 174.31097841, 173.162, $173.35, 0.1084%, 14004670, 37655570.18, 1171.21, 69985857816.86
14-Jan-2021, 173.28, $1841.75, 93.772400, 172.70532417, 173.245, $173.23, -0.0084%, 13409398, 37327366.78, 1161.00, 68736719043.10
15-Jan-2021, 171.13, $1839.00, 93.771350, 172.44551917, 171.231, $171.16, -0.0416%, 15080283, 37861863.47, 1177.63, 69616262052.39
18-Jan-2021, HOLIDAY, HOLIDAY, HOLIDAY, HOLIDAY, HOLIDAY, HOLIDAY, HOLIDAY, HOLIDAY, HOLIDAY, HOLIDAY, HOLIDAY
19-Jan-2021, 172.58, $1834.70, 93.767210, 172.03470070, 172.541, $172.55, 0.0052%, 7280122, 37749342.82, 1174.13, 69243967030.84
20-Jan-2021, 175.39, $1856.60, 93.766420, 174.08673228, 175.315, $175.37, 0.0313%, 8827826, 37749342.82, 1174.13, 70069910730.88
21-Jan-2021, 175.28, $1862.10, 93.765450, 174.60065081, 175.398, $175.24, -0.0899%, 6798879, 37749342.82, 1174.13, 70276761951.74
22-Jan-2021, 173.90, $1852.70, 93.764320, 173.71714748, 173.830, $173.87, 0.0232%, 6860401, 37721213.53, 1173.25, 69869036714.99
25-Jan-2021, 174.05, $1856.85, 93.761290, 174.10064892, 174.012, $174.02, 0.0048%, 5277406, 37721213.53, 1173.25, 70023280996.76
26-Jan-2021, 173.62, $1856.60, 93.760260, 174.07529443, 173.550, $173.59, 0.0229%, 4608500, 37693085.45, 1172.38, 69960860828.77
27-Jan-2021, 172.52, $1843.00, 93.759030, 172.79789448, 172.667, $172.56, -0.0618%, 8794855, 37589950.52, 1169.17, 69257396108.69
28-Jan-2021, 172.68, $1853.70, 93.758170, 173.79951394, 172.707, $172.71, 0.0016%, 9333549, 37449313.26, 1164.79, 69398145906.71
29-Jan-2021, 172.61, $1863.80, 93.757300, 174.74485174, 172.874, $172.65, -0.1298%, 10954437, 37299301.58, 1160.13, 69496027528.82
01-Feb-2021, 174.23, $1862.95, 93.754200, 174.65938822, 174.284, $174.26, -0.0140%, 9071730, 37214922.80, 1157.50, 69304845246.09
02-Feb-2021, 172.11, $1833.10, 93.752630, 171.85794473, 172.153, $172.14, -0.0077%, 7155880, 37214922.80, 1157.50, 68193232469.30
03-Feb-2021, 171.85, $1835.45, 93.751650, 172.07645982, 171.917, $171.81, -0.0623%, 4464551, 37214922.80, 1157.50, 68279939256.45
04-Feb-2021, 168.15, $1785.90, 93.749620, 167.42744901, 168.220, $168.13, -0.0533%, 13548055, 37289922.50, 1159.84, 66569153723.78
05-Feb-2021, 169.81, $1802.95, 93.748950, 169.02467407, 169.789, $169.79, 0.0008%, 6472258, 37182898.66, 1156.51, 67035185740.44
08-Feb-2021, 171.52, $1835.25, 93.746000, 172.04734325, 171.555, $171.50, -0.0322%, 6762748, 37051654.26, 1152.43, 67993110048.10
09-Feb-2021, 172.08, $1839.60, 93.744990, 172.45328403, 172.106, $172.11, 0.0021%, 5017729, 36920411.28, 1148.34, 67912103250.83
10-Feb-2021, 172.71, $1842.65, 93.743980, 172.73734136, 172.653, $172.74, 0.0504%, 6053389, 36864164.89, 1146.59, 67920322622.10
11-Feb-2021, 171.21, $1840.10, 93.742940, 172.49637767, 171.179, $171.21, 0.0179%, 5894769, 36723550.48, 1142.22, 67566831123.66
12-Feb-2021, 170.69, $1816.35, 93.741760, 170.26784759, 170.732, $170.73, -0.0011%, 5817209, 36723550.48, 1142.22, 66693915899.52
16-Feb-2021, 168.24, $1794.25, 93.737460, 168.18843611, 168.277, $168.27, -0.0045%, 14583911, 36545449.31, 1136.68, 65559852393.42
17-Feb-2021, 166.33, $1780.70, 93.736300, 166.91623529, 166.424, $166.33, -0.0566%, 11226752, 36423592.12, 1132.89, 64846957419.71
18-Feb-2021, 166.32, $1773.15, 93.735200, 166.20656798, 166.352, $166.32, -0.0192%, 7322499, 36423592.12, 1132.89, 64571251661.33
19-Feb-2021, 167.01, $1786.20, 93.734310, 167.42822831, 167.058, $167.00, -0.0347%, 7984922, 36254870.36, 1127.64, 64744495895.07
22-Feb-2021, 169.51, $1807.45, 93.731490, 169.41498548, 169.560, $169.49, -0.0414%, 9968027, 35861198.10, 1115.40, 64801231961.70
23-Feb-2021, 169.12, $1799.65, 93.730360, 168.68184976, 169.235, $169.14, -0.0560%, 8542260, 35701856.49, 1110.44, 64234048399.39
24-Feb-2021, 169.00, $1788.00, 93.729180, 167.58776889, 169.003, $168.95, -0.0314%, 8779289, 35570635.64, 1106.36, 63582799511.26
25-Feb-2021, 165.82, $1779.65, 93.728030, 166.80308688, 165.917, $165.84, -0.0466%, 16143479, 35373806.77, 1100.24, 62934804674.81
26-Feb-2021, 161.81, $1742.85, 93.726430, 163.35110828, 162.161, $161.82, -0.2102%, 22521970, 35158235.98, 1093.53, 61256665605.28
01-Mar-2021, 161.53, $1734.15, 93.723190, 162.53007576, 161.499, $161.55, 0.0315%, 13538171, 34867694.10, 1084.50, 60444935191.78
02-Mar-2021, 162.41, $1723.85, 93.721970, 161.56262293, 162.490, $162.40, -0.0557%, 11340577, 34952043.87, 1087.12, 60230545824.29
03-Mar-2021, 160.62, $1711.40, 93.720700, 160.39360940, 160.675, $160.63, -0.0279%, 12926126, 34799654.60, 1082.38, 59554147177.20
04-Mar-2021, 159.04, $1712.10, 93.719680, 160.45745764, 159.244, $159.07, -0.1091%, 13632257, 34668447.05, 1078.30, 59353213570.49
05-Mar-2021, 159.14, $1696.25, 93.718610, 158.97019265, 159.223, $159.12, -0.0648%, 10817510, 34377919.36, 1069.26, 58310266664.61
08-Mar-2021, 157.49, $1687.05, 93.715490, 158.10271604, 157.520, $157.46, -0.0380%, 11788181, 34190488.38, 1063.43, 57675870808.91
09-Mar-2021, 160.84, $1716.90, 93.714610, 160.89861195, 160.781, $160.83, 0.0302%, 10317898, 34143631.07, 1061.98, 58615364331.17
10-Mar-2021, 161.66, $1716.20, 93.713580, 160.83124263, 161.712, $161.70, -0.0075%, 7877856, 34087402.92, 1060.23, 58494322943.58
11-Mar-2021, 161.52, $1724.25, 93.712600, 161.58394967, 161.542, $161.51, -0.0197%, 6379669, 33928091.50, 1055.27, 58493389780.35
12-Mar-2021, 161.49, $1704.80, 93.711440, 159.75926688, 161.554, $161.48, -0.0457%, 8508191, 33825008.92, 1052.07, 57657119419.74
15-Mar-2021, 162.20, $1723.65, 93.708520, 161.52069353, 162.294, $162.21, -0.0516%, 8081278, 33768783.81, 1050.32, 58195905880.41
16-Mar-2021, 162.35, $1735.00, 93.707600, 162.58268002, 162.258, $162.34, 0.0508%, 7540495, 33768783.81, 1050.32, 58578539613.00
17-Mar-2021, 163.51, $1729.65, 93.706520, 162.07948000, 163.527, $163.54, 0.0078%, 12456007, 33703189.24, 1048.28, 58283781005.27
18-Mar-2021, 162.56, $1725.90, 93.705450, 161.72624223, 162.710, $162.57, -0.0861%, 8693370, 33703189.24, 1048.28, 58156756704.31
19-Mar-2021, 163.24, $1735.20, 93.704530, 162.59609454, 163.538, $163.29, -0.1515%, 6644689, 33815634.68, 1051.78, 58664670915.55
22-Mar-2021, 163.00, $1736.15, 93.701460, 162.67978585, 162.942, $162.99, 0.0294%, 4232361, 33815634.68, 1051.78, 58694866736.06
23-Mar-2021, 161.81, $1726.20, 93.700300, 161.74545905, 161.816, $161.81, -0.0035%, 2357662, 33609494.02, 1045.36, 58001921619.58
24-Mar-2021, 162.37, $1730.50, 93.699330, 162.14669610, 162.503, $162.36, -0.0878%, 5745129, 33534534.56, 1043.03, 58016087870.13
25-Mar-2021, 161.78, $1737.30, 93.698400, 162.78223704, 161.803, $161.80, -0.0019%, 8246308, 33534534.56, 1043.03, 58243484413.36
26-Mar-2021, 162.24, $1731.80, 93.697290, 162.26497543, 162.326, $162.26, -0.0406%, 5442984, 33328400.52, 1036.62, 57701425282.79
29-Mar-2021, 160.31, $1705.95, 93.693770, 159.83689133, 160.352, $160.33, -0.0138%, 7989676, 33356508.65, 1037.50, 56885949624.63
30-Mar-2021, 157.57, $1683.95, 93.692350, 157.77322582, 157.698, $157.57, -0.0813%, 8035145, 33356508.65, 1037.50, 56151491698.80
31-Mar-2021, 159.96, $1691.05, 93.691450, 158.43693441, 159.955, $159.98, 0.0158%, 10437028, 33356508.65, 1037.50, 56387704956.00
01-Apr-2021, 161.98, $1726.05, 93.691100, 161.71551564, 162.046, $161.99, -0.0347%, 10437028, 33206602.89, 1032.83, 57295807179.94
02-Apr-2021, HOLIDAY, HOLIDAY, HOLIDAY, HOLIDAY, HOLIDAY, HOLIDAY, HOLIDAY, HOLIDAY, HOLIDAY, HOLIDAY, HOLIDAY
05-Apr-2021, 161.92, $1726.05, 93.686990, 161.70842683, 161.924, $161.89, -0.0209%, 6053558, 33206602.89, 1032.83, 57293295624.23
06-Apr-2021, 163.22, $1744.65, 93.686360, 163.44991193, 163.209, $163.24, 0.0189%, 6659164, 33084810.62, 1029.04, 57697818917.19
07-Apr-2021, 162.76, $1738.05, 93.685190, 162.82954463, 162.736, $162.77, 0.0210%, 5378669, 33073407.62, 1028.69, 57478829255.21
08-Apr-2021, 164.51, $1755.50, 93.684230, 164.46267419, 164.453, $164.50, 0.0284%, 6536223, 32989091.81, 1026.07, 57907307889.20
09-Apr-2021, 163.27, $1741.20, 93.683140, 163.12108618, 163.318, $163.28, -0.0232%, 6583737, 32989091.81, 1026.07, 57434935345.52
12-Apr-2021, 162.28, $1732.85, 93.680010, 162.33340300, 162.254, $162.31, 0.0347%, 4779979, 32989091.81, 1026.07, 57157591196.53
13-Apr-2021, 163.43, $1747.95, 93.679090, 163.74636364, 163.456, $163.44, -0.0098%, 6795392, 32989091.81, 1026.07, 57655094639.27
14-Apr-2021, 162.72, $1735.55, 93.677970, 162.58279621, 162.705, $162.70, -0.0028%, 6265622, 32886046.04, 1022.86, 57066561466.20
15-Apr-2021, 165.35, $1757.20, 93.677120, 164.60943354, 165.349, $165.33, -0.0118%, 8129876, 32886046.04, 1022.86, 57777911173.47
16-Apr-2021, 166.35, $1774.45, 93.676240, 166.22380646, 166.336, $166.36, 0.0143%, 9390060, 32783002.18, 1019.66, 58161709883.81
19-Apr-2021, 165.89, $1774.50, 93.673160, 166.22302621, 165.867, $165.88, 0.0078%, 5603054, 32848573.39, 1021.70, 58277792986.84
20-Apr-2021, 166.48, $1777.85, 93.672170, 166.53507085, 166.507, $166.50, -0.0042%, 6484609, 32848573.39, 1021.70, 58387195841.01
21-Apr-2021, 168.13, $1798.20, 93.671370, 168.43986630, 168.089, $168.10, 0.0068%, 8345894, 32848573.39, 1021.70, 59055017124.13
22-Apr-2021, 167.04, $1787.75, 93.670230, 167.45894500, 167.066, $167.07, 0.0027%, 7583139, 32848573.39, 1021.70, 58711106115.79
23-Apr-2021, 166.40, $1781.80, 93.669120, 166.89964585, 166.375, $166.38, 0.0030%, 7082824, 32848573.39, 1021.70, 58515015836.67
26-Apr-2021, 166.84, $1773.35, 93.665920, 166.10246627, 166.782, $166.82, 0.0231%, 4748702, 32848573.39, 1021.70, 58235524673.18
27-Apr-2021, 166.42, $1784.15, 93.665060, 167.11251335, 166.377, $166.40, 0.0137%, 5324765, 32848573.39, 1021.70, 58589647180.43
28-Apr-2021, 166.91, $1772.20, 93.663850, 165.99106946, 166.867, $166.92, 0.0319%, 6719635, 32848573.39, 1021.70, 58196468951.94
29-Apr-2021, 166.22, $1762.65, 93.662670, 165.09449727, 166.158, $166.25, 0.0556%, 9007778, 32698713.12, 1017.04, 57617979535.97
30-Apr-2021, 165.66, $1767.65, 93.661720, 165.56114579, 165.627, $165.66, 0.0201%, 6137169, 32698713.12, 1017.04, 57780839879.95
03-May-2021, 167.81, $1767.65, 93.658640, 165.55570274, 167.752, $167.83, 0.0465%, 8904180, 32736176.57, 1018.20, 57845162534.75
04-May-2021, 166.58, $1797.75, 93.658190, 168.37400324, 166.543, $166.55, 0.0042%, 9995634, 32736176.57, 1018.20, 58829876731.57
05-May-2021, 167.27, $1782.25, 93.656860, 166.91993945, 167.271, $167.30, 0.0172%, 5891648, 32772321.68, 1019.33, 58405286813.76
06-May-2021, 170.06, $1813.15, 93.655920, 169.81223320, 169.985, $170.04, 0.0321%, 13430505, 32772321.68, 1019.33, 59417300397.88
07-May-2021, 171.59, $1836.55, 93.654970, 172.00203822, 171.571, $171.58, 0.0051%, 14681680, 32959631.62, 1025.15, 60527517242.81
10-May-2021, 172.11, $1840.45, 93.651910, 172.36166091, 172.076, $172.15, 0.0430%, 8215613, 32959631.62, 1025.15, 60654068473.46
11-May-2021, 172.14, $1829.10, 93.650820, 171.29672081, 172.097, $172.14, 0.0247%, 8263908, 32959631.62, 1025.15, 60279316052.14
12-May-2021, 170.43, $1830.70, 93.649810, 171.44470102, 170.452, $170.44, -0.0071%, 12001053, 32959631.62, 1025.15, 60331390289.55
13-May-2021, 171.13, $1821.80, 93.648720, 170.60924017, 171.129, $171.15, 0.0123%, 7827346, 32931537.00, 1024.28, 59986208845.53
14-May-2021, 172.69, $1838.10, 93.647810, 172.13404332, 172.602, $172.67, 0.0392%, 9436469, 33062643.93, 1028.36, 60763317288.32
17-May-2021, 174.70, $1853.70, 93.644870, 173.58949350, 174.727, $174.72, -0.0042%, 11938698, 33306120.60, 1035.93, 61728423893.46
18-May-2021, 175.04, $1866.75, 93.643960, 174.80986369, 175.077, $175.03, -0.0267%, 7166673, 33306120.60, 1035.93, 62162387528.12
19-May-2021, 175.16, $1888.45, 93.643140, 176.84038581, 175.122, $175.17, 0.0274%, 20576849, 33156291.57, 1031.27, 62601496572.53
20-May-2021, 175.96, $1878.30, 93.642010, 175.88779056, 175.827, $175.95, 0.0700%, 9748560, 33343575.59, 1037.09, 62616053432.14
21-May-2021, 176.04, $1875.90, 93.640960, 175.66107732, 176.022, $176.03, 0.0048%, 7407164, 33530857.51, 1042.92, 62886665678.09
24-May-2021, 176.35, $1880.15, 93.637930, 176.05335971, 176.306, $176.36, 0.0305%, 5476800, 33633859.23, 1046.12, 63220761466.15
25-May-2021, 177.95, $1887.00, 93.636990, 176.69300486, 177.901, $177.92, 0.0107%, 8738559, 33633859.23, 1046.12, 63450458046.80
26-May-2021, 177.64, $1899.75, 93.636130, 177.88524006, 177.558, $177.61, 0.0296%, 8224486, 33568313.94, 1044.08, 63754070038.44
27-May-2021, 177.71, $1891.45, 93.634990, 177.10590796, 177.686, $177.73, 0.0245%, 7879770, 33568313.94, 1044.08, 63474757411.31
28-May-2021, 178.38, $1899.95, 93.634090, 177.90008186, 178.335, $178.29, -0.0255%, 9642909, 33540223.72, 1043.21, 63706019312.34
31-May-2021, HOLIDAY, HOLIDAY, HOLIDAY, HOLIDAY, HOLIDAY, HOLIDAY, HOLIDAY, HOLIDAY, HOLIDAY, HOLIDAY, HOLIDAY
01-Jun-2021, 177.90, $1899.35, 93.629970, 177.83608727, 177.841, $177.91, 0.0389%, 9113530, 33624490.69, 1045.83, 63843155327.10
02-Jun-2021, 178.77, $1902.75, 93.629000, 178.15258410, 178.714, $178.77, 0.0311%, 6605862, 33493410.09, 1041.75, 63707364079.91
03-Jun-2021, 175.27, $1866.55, 93.627340, 174.76011678, 175.205, $175.23, 0.0144%, 10100117, 33493410.09, 1041.75, 62494217759.05
04-Jun-2021, 177.16, $1890.60, 93.626750, 177.01073987, 177.114, $177.16, 0.0261%, 8372827, 33538572.09, 1043.16, 63405247016.10
07-Jun-2021, 177.87, $1888.40, 93.623670, 176.79893477, 177.883, $177.87, -0.0074%, 7704853, 33351324.75, 1037.33, 62975780556.03
08-Jun-2021, 177.32, $1893.15, 93.622660, 177.24173910, 177.277, $177.28, 0.0015%, 5863069, 33351324.75, 1037.33, 63133507466.96
09-Jun-2021, 176.98, $1894.60, 93.621640, 177.37556003, 176.912, $176.94, 0.0158%, 6318828, 33538568.03, 1043.16, 63535925602.11
10-Jun-2021, 177.74, $1888.65, 93.620590, 176.81651877, 177.701, $177.73, 0.0162%, 9887499, 33585378.33, 1044.61, 63424085288.76
11-Jun-2021, 175.74, $1881.05, 93.619520, 176.10299457, 175.710, $175.68, -0.0170%, 7702500, 33585378.33, 1044.61, 63168144152.26
14-Jun-2021, 174.71, $1865.60, 93.616330, 174.65062449, 174.688, $174.73, 0.0240%, 7711376, 33585378.33, 1044.61, 62647179005.50
15-Jun-2021, 174.05, $1865.10, 93.615300, 174.60189561, 174.038, $174.08, 0.0239%, 7192785, 33585378.33, 1044.61, 62629699955.93
16-Jun-2021, 171.11, $1860.75, 93.614240, 174.19269252, 171.272, $171.10, -0.1004%, 15962186, 33622824.02, 1045.78, 62552595887.23
17-Jun-2021, 165.85, $1778.70, 93.612450, 166.50845976, 165.928, $165.88, -0.0290%, 27160417, 33501127.84, 1041.99, 59576726896.97
18-Jun-2021, 164.93, $1773.10, 93.611360, 165.98230783, 165.645, $164.93, -0.4318%, 15393145, 33856851.01, 1053.06, 60019202490.59
21-Jun-2021, 166.95, $1775.05, 93.608310, 166.15942869, 166.894, $166.92, 0.0154%, 8283869, 33744521.03, 1049.56, 59883858097.30
22-Jun-2021, 166.25, $1775.05, 93.607280, 166.15760776, 166.284, $166.26, -0.0144%, 7178507, 33744521.03, 1049.56, 59883201835.84
23-Jun-2021, 166.14, $1791.60, 93.606470, 167.70535872, 166.180, $166.15, -0.0178%, 8088962, 33650914.56, 1046.65, 60273305932.78
24-Jun-2021, 166.04, $1784.85, 93.605360, 167.07151981, 166.089, $166.02, -0.0413%, 6761312, 33529227.60, 1042.87, 59828311234.51
25-Jun-2021, 166.59, $1786.65, 93.604360, 167.23822315, 166.536, $166.57, 0.0203%, 7461615, 33529227.60, 1042.87, 59888007530.06
28-Jun-2021, 166.58, $1780.30, 93.601180, 166.63817472, 166.446, $166.55, 0.0623%, 6455912, 33622828.78, 1045.78, 59839768549.63
29-Jun-2021, 164.83, $1755.45, 93.599730, 164.30964810, 164.895, $164.84, -0.0331%, 7333953, 33622828.78, 1045.78, 59003594632.74
30-Jun-2021, 165.63, $1763.15, 93.598840, 165.02879689, 165.665, $165.64, -0.0153%, 6103680, 33622828.78, 1045.78, 59261840962.36
01-Jul-2021, 166.20, $1781.50, 93.598140, 166.74509514, 166.235, $166.22, -0.0090%, 7333349, 33538590.45, 1043.16, 59728093086.37
02-Jul-2021, 167.29, $1786.15, 93.597200, 167.17864676, 167.289, $167.33, 0.0245%, 7356477, 33519871.01, 1042.58, 59849955540.68
05-Jul-2021, HOLIDAY, HOLIDAY, HOLIDAY, HOLIDAY, HOLIDAY, HOLIDAY, HOLIDAY, HOLIDAY, HOLIDAY, HOLIDAY, HOLIDAY
06-Jul-2021, 168.12, $1809.85, 93.593580, 169.39034176, 168.234, $168.14, -0.0561%, 7925998, 33508682.46, 1042.23, 60641742350.88
07-Jul-2021, 168.76, $1804.65, 93.592540, 168.90177247, 168.752, $168.80, 0.0284%, 7005180, 33452526.94, 1040.48, 60365493478.19
08-Jul-2021, 168.65, $1807.70, 93.591520, 169.18539739, 168.717, $168.68, -0.0222%, 7050688, 33443167.79, 1040.19, 60449942488.48
09-Jul-2021, 169.21, $1806.00, 93.590490, 169.02442558, 169.216, $169.19, -0.0155%, 4927103, 33443167.79, 1040.19, 60392427261.18
12-Jul-2021, 169.00, $1792.40, 93.587330, 167.74592690, 169.033, $169.05, 0.0102%, 7313625, 33349580.46, 1037.28, 59767873750.70
13-Jul-2021, 169.22, $1813.85, 93.586450, 169.75178058, 169.270, $169.25, -0.0117%, 6940324, 33349580.46, 1037.28, 60482559421.65
14-Jul-2021, 171.04, $1823.20, 93.585490, 170.62506809, 170.943, $171.01, 0.0390%, 8811706, 33255994.97, 1034.37, 60623086693.79
15-Jul-2021, 171.07, $1823.75, 93.584470, 170.67467753, 171.091, $171.11, 0.0110%, 6499973, 33255994.97, 1034.37, 60640712927.97
16-Jul-2021, 169.41, $1824.30, 93.583450, 170.72428643, 169.480, $169.41, -0.0411%, 9321489, 33068828.07, 1028.55, 60316890393.33
19-Jul-2021, 169.61, $1814.90, 93.580280, 169.83884466, 169.521, $169.59, 0.0409%, 6696832, 33068828.07, 1028.55, 60004063816.73
20-Jul-2021, 169.39, $1823.05, 93.579340, 170.59981385, 169.381, $169.38, -0.0008%, 6511451, 33068828.07, 1028.55, 60272914233.14
21-Jul-2021, 168.76, $1802.15, 93.578080, 168.64172877, 168.871, $168.78, -0.0539%, 4456398, 33068828.07, 1028.55, 59581122775.60
22-Jul-2021, 169.09, $1799.45, 93.577020, 168.38716381, 169.136, $169.11, -0.0152%, 4456398, 33068828.07, 1028.55, 59491184974.48
23-Jul-2021, 168.56, $1799.60, 93.575990, 168.39935829, 168.526, $168.54, 0.0085%, 5830515, 33031397.26, 1027.38, 59428133542.27
26-Jul-2021, 168.16, $1800.20, 93.572930, 168.44998125, 168.197, $168.19, -0.0044%, 5086996, 32975253.50, 1025.64, 59344928390.03
27-Jul-2021, 168.44, $1800.35, 93.571900, 168.46217505, 168.481, $168.47, -0.0065%, 5923398, 32975253.50, 1025.64, 59349224268.48
28-Jul-2021, 169.29, $1796.60, 93.570820, 168.10933301, 169.335, $169.27, -0.0385%, 7864456, 32975253.50, 1025.64, 59224918020.54
29-Jul-2021, 171.17, $1829.30, 93.570310, 171.16817472, 171.089, $171.15, 0.0359%, 8072085, 33162394.12, 1031.46, 60644884289.07
30-Jul-2021, 169.82, $1825.75, 93.569230, 170.83402337, 169.753, $169.78, 0.0157%, 7381861, 33162394.12, 1031.46, 60526494478.63
02-Aug-2021, 169.61, $1811.45, 93.565900, 169.48994510, 169.654, $169.64, -0.0081%, 10762285, 33106254.58, 1029.71, 59948593579.59
03-Aug-2021, 169.49, $1812.65, 93.564890, 169.60040622, 169.446, $169.47, 0.0142%, 5293437, 33050115.65, 1027.97, 59885903440.11
04-Aug-2021, 169.53, $1829.10, 93.564180, 171.13824866, 169.543, $169.55, 0.0041%, 9466691, 33050115.65, 1027.97, 60428915600.54
05-Aug-2021, 168.86, $1800.75, 93.562600, 168.48284581, 168.838, $168.84, 0.0010%, 8002545, 33038781.54, 1027.61, 59491292855.46
06-Aug-2021, 164.64, $1762.90, 93.561460, 164.93949793, 164.692, $164.67, -0.0131%, 13292708, 32963932.37, 1025.28, 58108185120.80
09-Aug-2021, 161.72, $1738.85, 93.558270, 162.68379464, 161.837, $161.71, -0.0785%, 11134206, 32907797.41, 1023.54, 57215890571.43
10-Aug-2021, 161.77, $1723.35, 93.557160, 161.23172669, 161.807, $161.78, -0.0168%, 6824159, 32907797.41, 1023.54, 56705198277.92
11-Aug-2021, 164.00, $1743.60, 93.556260, 163.12468708, 163.995, $164.01, 0.0093%, 7326394, 32907797.41, 1023.54, 57370952445.84
12-Aug-2021, 164.04, $1747.40, 93.555260, 163.47845318, 164.073, $164.05, -0.0137%, 5210590, 32907797.41, 1023.54, 57495371982.82
13-Aug-2021, 166.39, $1773.85, 93.554420, 165.95150298, 166.396, $166.41, 0.0085%, 7289972, 32851664.76, 1021.79, 58265572694.57
16-Aug-2021, 167.22, $1786.35, 93.551450, 167.11563214, 167.284, $167.22, -0.0383%, 7775055, 32814244.18, 1020.63, 58607452191.27
17-Aug-2021, 166.97, $1789.45, 93.550450, 167.40385788, 167.039, $166.98, -0.0353%, 7089062, 32701983.64, 1017.14, 58507648336.69
18-Aug-2021, 167.10, $1783.45, 93.549370, 166.84062205, 167.082, $167.12, 0.0228%, 7625308, 32636499.08, 1015.10, 58194008968.67
19-Aug-2021, 166.61, $1782.05, 93.548330, 166.70779997, 166.633, $166.61, -0.0138%, 6870496, 32636499.08, 1015.10, 58147680628.11
20-Aug-2021, 166.70, $1779.05, 93.547270, 166.42527227, 166.748, $166.73, -0.0108%, 6525589, 32524242.36, 1011.61, 57849424644.17
23-Aug-2021, 168.73, $1802.00, 93.544490, 168.56716326, 168.707, $168.72, 0.0074%, 7338116, 32365216.72, 1006.66, 58307381757.46
24-Aug-2021, 168.65, $1808.45, 93.543540, 169.16882374, 168.954, $168.65, -0.1797%, 4484350, 32299736.25, 1004.63, 58397078472.14
25-Aug-2021, 167.48, $1788.70, 93.542250, 167.31902000, 167.525, $167.50, -0.0148%, 5586934, 32206194.00, 1001.72, 57591206681.65
26-Aug-2021, 167.67, $1786.60, 93.541190, 167.12069517, 167.696, $167.69, -0.0036%, 4271661, 32206194.00, 1001.72, 57522943278.94
27-Aug-2021, 170.19, $1798.50, 93.540350, 168.23231377, 170.155, $170.16, 0.0032%, 10033298, 32206194.00, 1001.72, 57905562399.02
30-Aug-2021, 169.35, $1798.50, 93.537270, 168.22678290, 169.401, $169.33, -0.0417%, 0, 32206194.00, 1001.72, 57903658675.39
31-Aug-2021, 169.69, $1814.85, 93.536530, 169.75476356, 169.741, $169.74, -0.0004%, 6327438, 32159425.73, 1000.26, 58344712230.19
01-Sep-2021, 169.70, $1811.80, 93.535450, 169.46752302, 169.715, $169.72, 0.0027%, 4735867, 32159425.73, 1000.26, 58245987662.52
02-Sep-2021, 169.25, $1812.55, 93.534440, 169.53584130, 169.297, $169.26, -0.0221%, 4598108, 32103305.07, 998.52, 58167747145.78
03-Sep-2021, 171.06, $1823.70, 93.533620, 170.57725917, 171.059, $171.04, -0.0111%, 8351202, 32103305.07, 998.52, 58525057619.74
06-Sep-2021, HOLIDAY, HOLIDAY, HOLIDAY, HOLIDAY, HOLIDAY, HOLIDAY, HOLIDAY, HOLIDAY, HOLIDAY, HOLIDAY, HOLIDAY
07-Sep-2021, 167.71, $1802.15, 93.529070, 168.55340798, 167.758, $167.74, -0.0110%, 9934457, 32103305.07, 998.52, 57830674276.25
08-Sep-2021, 167.29, $1786.00, 93.527690, 167.04044833, 167.312, $167.29, -0.0130%, 6551436, 32103305.07, 998.52, 57311577820.48
09-Sep-2021, 168.03, $1788.25, 93.526710, 167.24914425, 167.981, $168.00, 0.0110%, 6479114, 32092220.73, 998.17, 57383181393.21
10-Sep-2021, 167.18, $1794.60, 93.525720, 167.84125883, 167.224, $167.21, -0.0084%, 7420755, 32092220.73, 998.17, 57586335904.82
13-Sep-2021, 167.74, $1793.90, 93.522640, 167.77026630, 167.705, $167.73, 0.0150%, 5465352, 32157686.58, 1000.21, 57679417552.57
14-Sep-2021, 168.82, $1792.75, 93.521610, 167.66086246, 168.825, $168.83, 0.0028%, 7864909, 32157686.58, 1000.21, 57641804515.07
15-Sep-2021, 167.83, $1796.95, 93.520620, 168.05187210, 167.762, $167.79, 0.0167%, 5613519, 32101574.21, 998.46, 57675402500.70
16-Sep-2021, 164.03, $1747.95, 93.519160, 163.46681394, 164.089, $164.06, -0.0175%, 11689700, 32148333.79, 999.92, 56183543951.17
17-Sep-2021, 163.77, $1755.95, 93.518210, 164.21330257, 163.849, $163.80, -0.0296%, 8027580, 32204444.72, 1001.66, 56538640073.45
20-Sep-2021, 164.94, $1757.75, 93.515160, 164.37626679, 165.054, $164.96, -0.0571%, 7306185, 32204444.72, 1001.66, 56594748654.44
21-Sep-2021, 166.04, $1774.45, 93.514330, 165.93649948, 166.007, $166.02, 0.0080%, 7079784, 32176390.42, 1000.79, 57082155820.06
22-Sep-2021, 165.42, $1773.40, 93.513290, 165.83646925, 165.350, $165.38, 0.0180%, 9556018, 32176390.42, 1000.79, 57047745422.50
23-Sep-2021, 163.51, $1750.00, 93.511960, 163.64593302, 163.487, $163.53, 0.0263%, 8432262, 31914556.93, 992.65, 55835992353.23
24-Sep-2021, 163.30, $1746.80, 93.510890, 163.34482705, 163.368, $163.32, -0.0295%, 6751101, 31942610.20, 993.52, 55782258435.76
27-Sep-2021, 163.64, $1755.30, 93.507950, 164.13450580, 163.686, $163.64, -0.0279%, 4741251, 31839751.45, 990.32, 55871385774.68
28-Sep-2021, 162.05, $1733.75, 93.506570, 162.11702221, 162.075, $162.08, 0.0031%, 9198745, 31830400.79, 990.03, 55168422659.60
29-Sep-2021, 161.32, $1737.15, 93.505610, 162.43326550, 161.339, $161.37, 0.0191%, 8345746, 31830400.79, 990.03, 55276040250.84
30-Sep-2021, 164.22, $1742.80, 93.504680, 162.95995968, 164.194, $164.18, -0.0087%, 10565093, 31830400.79, 990.03, 55455274279.62
01-Oct-2021, 164.59, $1757.05, 93.503910, 164.29105140, 164.478, $164.56, 0.0498%, 6528094, 31718196.10, 986.54, 55711095537.06
04-Oct-2021, 165.36, $1754.55, 93.500790, 164.05181167, 165.319, $165.39, 0.0431%, 7553855, 31718196.10, 986.54, 55629969338.20
05-Oct-2021, 164.59, $1753.20, 93.499740, 163.92374108, 164.583, $164.57, -0.0078%, 5568806, 31718196.10, 986.54, 55586540599.22
06-Oct-2021, 165.03, $1759.70, 93.498850, 164.52992464, 164.974, $164.99, 0.0097%, 6024642, 31718196.10, 986.54, 55792097446.94
07-Oct-2021, 164.16, $1762.10, 93.497880, 164.75260650, 164.164, $164.13, -0.0205%, 4724789, 31718196.10, 986.54, 55867608863.10
08-Oct-2021, 164.23, $1773.25, 93.497090, 165.79372051, 164.256, $164.26, 0.0026%, 8485389, 31670224.46, 985.05, 56154333140.23
11-Oct-2021, 163.92, $1757.65, 93.493930, 164.32960408, 163.993, $163.91, -0.0506%, 3786940, 31670224.46, 985.05, 55658436903.30
12-Oct-2021, 164.66, $1767.75, 93.492970, 165.27219578, 164.693, $164.66, -0.0198%, 5429620, 31670224.46, 985.05, 55977692709.48
13-Oct-2021, 167.59, $1785.70, 93.492070, 166.94878522, 167.556, $167.53, -0.0158%, 11076214, 31595430.81, 982.72, 56411994822.96
14-Oct-2021, 168.00, $1798.70, 93.491140, 168.16251172, 167.962, $167.96, -0.0009%, 5051854, 31595430.81, 982.72, 56822112708.54
15-Oct-2021, 165.33, $1772.65, 93.489910, 165.72488324, 165.342, $165.33, -0.0070%, 8634633, 31511289.89, 980.10, 55849285647.74
18-Oct-2021, 164.92, $1767.85, 93.486790, 165.27061422, 164.948, $164.91, -0.0231%, 4000459, 31511289.89, 980.10, 55696196993.10
19-Oct-2021, 165.45, $1779.55, 93.485880, 166.36280319, 165.449, $165.49, 0.0245%, 6570896, 31511289.89, 980.10, 56064264975.15
20-Oct-2021, 166.90, $1778.00, 93.484840, 166.21604928, 166.861, $166.92, 0.0353%, 4997834, 31511289.89, 980.10, 56014808608.19
21-Oct-2021, 166.75, $1779.30, 93.483830, 166.33578331, 166.841, $166.76, -0.0483%, 4285981, 31445851.21, 978.07, 55938723930.10
22-Oct-2021, 167.77, $1808.25, 93.483150, 169.04091085, 167.727, $167.73, 0.0015%, 10656711, 31445851.21, 978.07, 56848458318.89
25-Oct-2021, 168.93, $1805.25, 93.480040, 168.75484041, 168.862, $168.91, 0.0282%, 4649048, 31445851.21, 978.07, 56752252829.19
26-Oct-2021, 167.68, $1785.55, 93.478740, 166.91095571, 167.663, $167.66, -0.0021%, 6638493, 31501938.45, 979.81, 56232300985.33
27-Oct-2021, 168.12, $1795.25, 93.477850, 167.81611812, 168.003, $168.11, 0.0637%, 5794242, 31604764.09, 983.01, 56721847916.45
28-Oct-2021, 168.08, $1803.50, 93.476960, 168.58568862, 168.095, $168.09, -0.0029%, 6906555, 31576721.00, 982.14, 56931387044.23
29-Oct-2021, 166.65, $1769.15, 93.475380, 165.37197116, 166.643, $166.63, -0.0079%, 7395131, 31576721.00, 982.14, 55846114659.07
01-Nov-2021, 167.52, $1793.80, 93.472750, 167.67141334, 167.573, $167.55, -0.0139%, 4924828, 31492595.52, 979.52, 56471732008.04
02-Nov-2021, 167.16, $1790.45, 93.471660, 167.35633640, 167.137, $167.15, 0.0080%, 3608620, 31492595.52, 979.52, 56365614100.92
03-Nov-2021, 165.77, $1763.45, 93.470120, 164.82988609, 165.760, $165.76, 0.0001%, 8589947, 31445860.46, 978.07, 55432290693.27
04-Nov-2021, 167.65, $1796.15, 93.469740, 167.88567227, 167.675, $167.67, -0.0032%, 6641815, 31360470.13, 975.41, 56325643045.61
05-Nov-2021, 169.84, $1801.85, 93.468730, 168.41662742, 169.828, $169.82, -0.0047%, 9285608, 31360470.13, 975.41, 56503778499.07
08-Nov-2021, 170.45, $1822.35, 93.465740, 170.32728302, 170.472, $170.45, -0.0130%, 4889156, 31360470.13, 975.41, 57144803453.21
09-Nov-2021, 171.29, $1827.30, 93.464730, 170.78810681, 171.265, $171.25, -0.0086%, 5661061, 31360470.13, 975.41, 57299409834.72
10-Nov-2021, 173.15, $1859.40, 93.463870, 173.78671224, 173.137, $173.17, 0.0190%, 11429495, 31360470.13, 975.41, 58305441955.08
11-Nov-2021, 174.12, $1857.90, 93.462830, 173.64459851, 174.107, $174.10, -0.0042%, 5871856, 31379162.69, 975.99, 58292491720.02
12-Nov-2021, 174.45, $1860.55, 93.461820, 173.89039847, 174.418, $174.41, -0.0048%, 7638200, 31379162.69, 975.99, 58375006768.05
15-Nov-2021, 174.18, $1859.90, 93.458750, 173.82392427, 174.146, $174.15, 0.0021%, 5420995, 31379162.69, 975.99, 58352691378.55
16-Nov-2021, 172.92, $1859.20, 93.457720, 173.75658839, 172.944, $172.94, -0.0020%, 8652017, 31379162.69, 975.99, 58330086723.83
17-Nov-2021, 174.50, $1864.90, 93.456740, 174.28747917, 174.470, $174.47, 0.0002%, 6461494, 31407199.72, 976.87, 58560592999.57
18-Nov-2021, 173.94, $1860.30, 93.455680, 173.85559436, 173.893, $173.92, 0.0155%, 6248558, 31407199.72, 976.87, 58415479704.21
19-Nov-2021, 172.61, $1861.10, 93.454660, 173.92846732, 172.611, $172.65, 0.0227%, 8360406, 31668872.76, 985.00, 58926964728.63
22-Nov-2021, 168.74, $1816.05, 93.454660, 173.92846732, 168.737, $168.70, -0.0220%, 8360406, 31668872.76, 985.00, 58926964728.63
23-Nov-2021, 167.28, $1789.15, 93.449700, 167.19553732, 167.331, $167.31, -0.0126%, 7992914, 31865119.74, 991.11, 56996958671.65
24-Nov-2021, 167.12, $1782.05, 93.448580, 166.53005039, 167.095, $167.11, 0.0087%, 5271871, 31865119.74, 991.11, 56770094176.69
25-Nov-2021, HOLIDAY, HOLIDAY, HOLIDAY, HOLIDAY, HOLIDAY, HOLIDAY, HOLIDAY, HOLIDAY, HOLIDAY, HOLIDAY, HOLIDAY
26-Nov-2021, 166.85, $1800.80, 93.446800, 168.27900330, 167.511, $166.89, -0.3706%, 9509796, 31921187.82, 992.85, 57467279623.23
29-Nov-2021, 166.62, $1785.95, 93.443490, 166.88540517, 166.684, $166.66, -0.0147%, 7357215, 31921187.82, 992.85, 56991365864.48
30-Nov-2021, 165.50, $1804.40, 93.442770, 168.60814279, 165.490, $165.47, -0.0121%, 12644066, 31921187.82, 992.85, 57579680762.59
01-Dec-2021, 166.16, $1789.25, 93.441490, 167.19018757, 166.200, $166.19, -0.0058%, 7803456, 31855778.77, 990.82, 56978415926.57
02-Dec-2021, 165.24, $1765.00, 93.440030, 164.92164711, 165.179, $165.18, 0.0008%, 9168851, 31706274.73, 986.17, 55941422691.36
03-Dec-2021, 166.63, $1767.55, 93.439050, 165.15819502, 166.581, $166.60, 0.0112%, 9358228, 31648856.47, 984.38, 55939080652.78
06-Dec-2021, 166.22, $1778.65, 93.436010, 166.18996173, 166.241, $166.24, -0.0008%, 4810946, 31592794.87, 982.64, 56188826061.33
07-Dec-2021, 166.81, $1781.35, 93.435000, 166.44043154, 166.824, $166.82, -0.0021%, 4586332, 31592794.87, 982.64, 56273510204.71
08-Dec-2021, 166.90, $1783.80, 93.433980, 166.66753921, 166.864, $166.85, -0.0082%, 4283710, 31592794.87, 982.64, 56350295007.90
09-Dec-2021, 165.88, $1776.15, 93.432920, 165.95088802, 165.881, $165.86, -0.0125%, 4797689, 31592794.87, 982.64, 56107995238.29
10-Dec-2021, 166.58, $1779.75, 93.431920, 166.28545747, 166.580, $166.60, 0.0121%, 6258811, 31592794.87, 982.64, 56221113171.27
13-Dec-2021, 167.00, $1787.80, 93.428900, 167.03219177, 166.976, $166.96, -0.0097%, 6455502, 31592794.87, 982.64, 56473584037.77
14-Dec-2021, 165.44, $1776.90, 93.427800, 166.01185288, 165.465, $165.46, -0.0032%, 8575811, 31527395.41, 980.60, 56012399158.48
15-Dec-2021, 166.15, $1768.65, 93.426710, 165.23914393, 166.080, $166.14, 0.0361%, 13977486, 31433968.70, 977.70, 55586448011.63
16-Dec-2021, 168.16, $1795.70, 93.425920, 167.76491790, 168.059, $168.15, 0.0540%, 11031815, 31433968.70, 977.70, 56436118380.12
17-Dec-2021, 167.80, $1807.70, 93.425000, 168.88437394, 167.922, $167.82, -0.0608%, 9277046, 31461996.20, 978.57, 56863368704.46
20-Dec-2021, 167.09, $1796.30, 93.421810, 167.81359198, 167.090, $167.08, -0.0057%, 6865110, 31461996.20, 978.57, 56502836418.28
21-Dec-2021, 167.02, $1793.75, 93.420750, 167.57347787, 167.041, $167.04, -0.0006%, 4428264, 31461996.20, 978.57, 56421989998.02
22-Dec-2021, 168.59, $1792.80, 93.419720, 167.48287231, 168.618, $168.63, 0.0072%, 4630777, 31303182.67, 973.63, 56106762220.19
23-Dec-2021, 168.97, $1805.20, 93.418850, 168.63970914, 168.985, $168.99, 0.0027%, 4430428, 31303182.67, 973.63, 56494302562.91
27-Dec-2021, 169.37, $1805.20, 93.414500, 166.84297454, 169.323, $169.35, 0.0159%, 4701656, 31303182.67, 973.63, 55892396469.94
28-Dec-2021, 168.64, $1805.20, 93.413480, 166.84114612, 168.677, $168.65, -0.0158%, 4701656, 31303182.67, 973.63, 55891783950.53
29-Dec-2021, 168.59, $1794.25, 93.412590, 167.60553599, 168.558, $168.57, 0.0069%, 5883061, 31368572.11, 975.66, 56265178432.55
30-Dec-2021, 169.80, $1805.85, 93.411750, 168.68761774, 169.753, $169.77, 0.0103%, 5298244, 31368572.11, 975.66, 56628433276.66
31-Dec-2021, 170.96, $1805.85, 93.410970, 170.01730696, 170.905, $170.93, 0.0148%, 6915592, 31368572.11, 975.66, 57074809945.01
03-Jan-2022, 168.33, $1805.85, 93.407900, 170.01171741, 168.461, $168.31, -0.0897%, 8853159, 31368572.11, 975.66, 57072933533.47
04-Jan-2022, 169.57, $1811.40, 93.406710, 169.19691537, 169.571, $169.57, -0.0003%, 6921956, 31518022.85, 980.31, 57070119553.26
05-Jan-2022, 169.06, $1826.25, 93.405970, 170.58266124, 169.069, $169.05, -0.0115%, 8559143, 31507548.84, 979.99, 57537531637.33
06-Jan-2022, 166.99, $1789.35, 93.404850, 167.13396169, 167.008, $167.02, 0.0073%, 10454437, 31470186.90, 978.82, 56307431690.59
07-Jan-2022, 167.75, $1792.60, 93.403830, 167.43571270, 167.674, $167.74, 0.0394%, 7919643, 31414144.60, 977.08, 56308630186.03
10-Jan-2022, 168.26, $1794.20, 93.400770, 167.57966412, 168.229, $168.22, -0.0052%, 6812027, 31414144.60, 977.08, 56357041044.22
11-Jan-2022, 170.29, $1806.80, 93.399820, 168.75479428, 170.277, $170.28, 0.0016%, 8359694, 31386124.66, 976.21, 56701610878.65
12-Jan-2022, 170.74, $1821.40, 93.398890, 170.11673181, 170.663, $170.69, 0.0157%, 6161682, 31386124.66, 976.21, 57159221889.34
13-Jan-2022, 170.16, $1820.35, 93.397860, 170.01678696, 170.124, $170.18, 0.0328%, 6648670, 31386124.66, 976.21, 57125640417.18
14-Jan-2022, 169.67, $1822.95, 93.396850, 170.25778992, 169.663, $169.65, -0.0076%, 7823017, 31386124.66, 976.21, 57206617412.58
17-Jan-2022, HOLIDAY, HOLIDAY, HOLIDAY, HOLIDAY, HOLIDAY, HOLIDAY, HOLIDAY, HOLIDAY, HOLIDAY, HOLIDAY, HOLIDAY
18-Jan-2022, 169.39, $1817.25, 93.392710, 169.71789456, 169.410, $169.41, 0.0002%, 9090053, 31386124.66, 976.21, 57025212570.64
19-Jan-2022, 172.08, $1826.95, 93.391780, 170.62211223, 172.084, $172.11, 0.0153%, 15551405, 31554229.86, 981.44, 57636149512.03
20-Jan-2022, 171.65, $1845.35, 93.390950, 172.33898564, 171.667, $171.67, 0.0020%, 9514961, 31535551.67, 980.86, 58181641551.81
21-Jan-2022, 171.09, $1837.60, 93.389840, 171.61316972, 170.950, $171.08, 0.0760%, 10776359, 32422755.15, 1008.45, 59566931212.54
24-Jan-2022, 172.03, $1831.60, 93.386700, 171.04707136, 171.974, $171.98, 0.0033%, 14936299, 32422755.15, 1008.45, 59370438470.14
25-Jan-2022, 172.58, $1847.30, 93.385870, 172.51172432, 172.538, $172.53, -0.0046%, 16897987, 32572172.54, 1013.10, 60154838260.82
26-Jan-2022, 169.79, $1835.95, 93.384700, 171.44963844, 169.853, $169.73, -0.0723%, 17676663, 32609526.42, 1014.26, 59853068778.78
27-Jan-2022, 167.60, $1806.75, 93.383260, 168.72020945, 167.618, $167.63, 0.0070%, 15713846, 32609526.42, 1014.26, 58900225118.24
28-Jan-2022, 167.10, $1788.15, 93.381960, 166.98094842, 167.037, $167.05, 0.0078%, 9574582, 32609526.42, 1014.26, 58293049991.84
31-Jan-2022, 168.09, $1795.25, 93.379010, 167.63866694, 168.040, $168.08, 0.0237%, 8291013, 32721581.24, 1017.75, 58723825030.58
01-Feb-2022, 168.23, $1799.85, 93.378070, 168.06651186, 168.207, $168.20, -0.0039%, 9730481, 32730919.04, 1018.04, 58890505757.91
02-Feb-2022, 168.84, $1803.65, 93.377110, 168.41962475, 168.700, $168.82, 0.0713%, 9068682, 32684230.49, 1016.59, 58930026699.61
03-Feb-2022, 168.60, $1792.70, 93.375880, 167.39494853, 168.595, $168.58, -0.0088%, 10644245, 32628204.96, 1014.84, 58471055525.34
04-Feb-2022, 168.86, $1804.70, 93.375090, 168.51402495, 168.789, $168.84, 0.0299%, 9533315, 32523972.84, 1011.60, 58693436510.41
07-Feb-2022, 170.11, $1813.55, 93.372050, 169.33488714, 170.091, $170.09, -0.0007%, 7749848, 32523972.84, 1011.60, 58979341189.63
08-Feb-2022, 170.63, $1822.60, 93.371070, 170.17810385, 170.594, $170.60, 0.0037%, 5767950, 32664029.44, 1015.96, 59528301037.50
09-Feb-2022, 171.21, $1822.60, 93.370070, 170.66180607, 171.166, $171.20, 0.0199%, 7764092, 32664029.44, 1015.96, 59697499764.29
10-Feb-2022, 170.56, $1835.35, 93.369080, 171.36494072, 170.581, $170.58, -0.0004%, 10467554, 32664029.44, 1015.96, 59943456264.83
11-Feb-2022, 173.81, $1831.15, 93.368030, 170.97087459, 173.800, $173.80, AWAITED, 25721371, 32776071.08, 1019.44, 60010776971.80
14-Feb-2022, 174.74, $1866.15, 93.365210, 174.23348704, 174.775, $174.78, 0.0029%, 13397570, 32776071.08, 1019.44, 61155953952.60
15-Feb-2022, 173.08, $1848.55, 93.364050, 172.58812314, 173.041, $173.02, -0.0121%, 12339335, 32776071.08, 1019.44, 60578431221.12
16-Feb-2022, 174.86, $1862.60, 93.363150, 173.89819402, 174.804, $174.82, 0.0093%, 12746364, 32776071.08, 1019.44, 61038266099.99
17-Feb-2022, 177.25, $1893.45, 93.362380, 176.77700256, 177.309, $177.29, -0.0108%, 18533184, 32776071.08, 1019.44, 62048727899.32
18-Feb-2022, 177.12, $1893.60, 93.361360, 176.78907199, 177.106, $177.13, 0.0133%, 13112275, 32925449.26, 1024.09, 62335826784.14
21-Feb-2022, HOLIDAY, HOLIDAY, HOLIDAY, HOLIDAY, HOLIDAY, HOLIDAY, HOLIDAY, HOLIDAY, HOLIDAY, HOLIDAY, HOLIDAY
22-Feb-2022, 177.49, $1900.10, 93.357340, 177.38827870, 177.477, $177.45, -0.0152%, 14735429, 32925449.26, 1024.09, 62547107067.86
23-Feb-2022, 178.29, $1904.70, 93.356370, 177.81587359, 178.255, $178.25, -0.0026%, 11557562, 33093490.72, 1029.31, 63017945607.19
24-Feb-2022, 177.14, $1936.30, 93.355710, 180.76466661, 177.194, $177.20, 0.0035%, 32322523, 33093490.72, 1029.31, 64062997846.09
25-Feb-2022, 176.55, $1884.80, 93.354060, 175.95372373, 176.500, $176.51, 0.0057%, 11338071, 33018807.47, 1026.99, 62217236705.27
28-Feb-2022, 178.38, $1909.85, 93.351340, 178.28705682, 178.296, $178.34, 0.0245%, 15968627, 33084153.41, 1029.02, 63167104232.14
01-Mar-2022, 181.62, $1922.00, 93.350490, 179.41964451, 181.660, $181.67, 0.0055%, 21577020, 33513565.67, 1042.38, 64393710400.89
02-Mar-2022, 179.73, $1928.50, 93.349560, 180.02463223, 179.763, $179.70, -0.0352%, 19603625, 33765609.48, 1050.22, 65096906997.42
03-Mar-2022, 180.80, $1929.60, 93.348560, 180.12537436, 180.797, $180.82, 0.0125%, 14626358, 33765609.48, 1050.22, 65133335370.07
04-Mar-2022, 183.68, $1945.30, 93.347770, 181.58942433, 183.657, $183.67, 0.0070%, 21585904, 33896035.62, 1054.28, 65935119964.86
07-Mar-2022, 186.41, $1980.95, 93.344810, 184.91140921, 186.414, $186.41, -0.0023%, 27616758, 34166735.56, 1062.70, 67677575749.63
08-Mar-2022, 191.51, $2039.05, 93.343990, 190.33306041, 191.453, $191.47, 0.0088%, 47215077, 34316085.95, 1067.34, 69966433009.94
09-Mar-2022, 185.82, $1988.90, 93.342770, 185.64943799, 186.111, $185.88, -0.1244%, 26689136, 34185406.07, 1063.28, 67984824194.61
10-Mar-2022, 186.40, $1996.60, 93.341780, 186.36620398, 186.418, $186.44, 0.0121%, 17899186, 34129401.00, 1061.53, 68135484178.73
11-Mar-2022, 185.09, $1978.70, 93.340670, 184.69318700, 185.109, $185.11, 0.0008%, 14744434, 34213407.61, 1064.15, 67690053030.89
14-Mar-2022, 182.30, $1954.05, 93.337440, 182.38602012, 182.283, $182.27, -0.0073%, 12952821, 34213407.61, 1064.15, 66844476373.78
15-Mar-2022, 178.89, $1913.65, 93.336110, 178.61265297, 178.930, $178.93, AWAITED, 16948249, 34138738.72, 1061.83, 65318647194.47
16-Mar-2022, 180.01, $1913.20, 93.335090, 178.56868775, 180.028, $180.02, -0.0042%, 17402197, 34418743.99, 1070.53, 65838275192.19
17-Mar-2022, 180.89, $1949.65, 93.334370, 181.96936031, 180.807, $180.83, 0.0125%, 10942250, 34512078.36, 1073.44, 67274072501.03
18-Mar-2022, 179.30, $1935.80, 93.333230, 180.67446092, 179.190, $179.25, 0.0332%, 13935386, 34801411.37, 1082.44, 67355439050.53
21-Mar-2022, 180.67, $1935.05, 93.330150, 180.59850825, 180.645, $180.63, -0.0084%, 10543655, 34838743.43, 1083.60, 67399363279.67
22-Mar-2022, 179.36, $1915.25, 93.328910, 178.74819318, 179.373, $179.37, -0.0020%, 9610827, 34838743.43, 1083.60, 66708825696.15
23-Mar-2022, 181.81, $1931.75, 93.328080, 180.28651556, 181.714, $181.73, 0.0086%, 12538393, 34969402.74, 1087.66, 67535328733.49
24-Mar-2022, 183.13, $1965.20, 93.327450, 183.40710711, 183.076, $183.08, 0.0023%, 10501495, 34969402.74, 1087.66, 68704302323.12
25-Mar-2022, 182.38, $1953.80, 93.326290, 182.34090384, 182.397, $182.43, 0.0181%, 7598964, 35146722.69, 1093.18, 68651351197.07
28-Mar-2022, 179.06, $1937.05, 93.322990, 180.77129625, 179.113, $179.10, -0.0072%, 9327188, 35146722.69, 1093.18, 68060393037.67
29-Mar-2022, 179.14, $1937.05, 93.321570, 178.24419320, 179.243, $179.11, -0.0741%, 10125479, 35090729.75, 1091.44, 67001992221.16
30-Mar-2022, 180.58, $1933.85, 93.320910, 180.46864242, 180.506, $180.53, 0.0133%, 8252900, 35090729.75, 1091.44, 67838162685.68
31-Mar-2022, 180.65, $1942.15, 93.320020, 181.24147145, 180.728, $180.72, -0.0045%, 9675686, 35090729.75, 1091.44, 68128669118.91
01-Apr-2022, 179.50, $1929.40, 93.318790, 180.04927002, 179.419, $179.41, -0.0052%, 12576902, 35100061.63, 1091.73, 67698525529.51
04-Apr-2022, 180.37, $1930.30, 93.315740, 180.12736585, 180.361, $180.34, -0.0115%, 6995878, 35044072.19, 1089.98, 67619813134.58
05-Apr-2022, 179.24, $1944.05, 93.314970, 181.40895793, 179.291, $179.22, -0.0394%, 10821773, 34957696.40, 1087.30, 67955795933.56
06-Apr-2022, 179.66, $1930.15, 93.313910, 180.10983598, 179.648, $179.66, 0.0067%, 8885324, 34957696.40, 1087.30, 67469144557.58
07-Apr-2022, 180.34, $1930.15, 93.312890, 180.31783002, 180.318, $180.34, 0.0123%, 8885324, 34957696.40, 1087.30, 67547059124.64
08-Apr-2022, 181.47, $1941.40, 93.311900, 181.15572523, 181.389, $181.43, 0.0226%, 10653093, 35060339.99, 1090.49, 68060205965.91
11-Apr-2022, 182.37, $1951.55, 93.308890, 182.09695753, 182.363, $182.32, -0.0235%, 10653093, 35060339.99, 1090.49, 68413826945.65
12-Apr-2022, 183.77, $1960.85, 93.307920, 182.96282884, 183.653, $183.73, 0.0418%, 11918988, 35144317.12, 1093.10, 68903801345.14
13-Apr-2022, 184.65, $1976.75, 93.306990, 184.44459573, 184.585, $184.62, 0.0192%, 8646603, 35508214.38, 1104.42, 70181168664.03
14-Apr-2022, 184.04, $1963.25, 93.305880, 183.18276981, 183.985, $183.99, 0.0026%, 11183486, 35349594.38, 1099.49, 69389633207.38
15-Apr-2022, HOLIDAY, HOLIDAY, HOLIDAY, HOLIDAY, HOLIDAY, HOLIDAY, HOLIDAY, HOLIDAY, HOLIDAY, HOLIDAY, HOLIDAY
18-Apr-2022, 184.61, $1963.25, 93.301790, 183.17474002, 184.596, $184.59, -0.0031%, 8704310, 35377584.92, 1100.36, 69441543941.80
19-Apr-2022, 181.82, $1964.00, 93.300770, 183.24272181, 181.666, $181.75, 0.0463%, 12332523, 35582846.61, 1106.74, 69870449803.52
20-Apr-2022, 182.71, $1949.55, 93.299610, 181.89225702, 182.679, $182.69, 0.0061%, 6856861, 35582846.61, 1106.74, 69355518531.18
21-Apr-2022, 182.06, $1943.70, 93.298530, 181.34435117, 182.049, $182.04, -0.0048%, 9553542, 35498877.94, 1104.13, 68983391181.76
22-Apr-2022, 180.29, $1941.55, 93.297480, 181.14172831, 180.333, $180.28, -0.0293%, 9098526, 35498877.94, 1104.13, 68906313448.25
25-Apr-2022, 177.05, $1895.00, 93.293820, 176.79178155, 177.076, $177.06, -0.0092%, 12949533, 35405584.12, 1101.23, 67074801912.60
26-Apr-2022, 177.32, $1904.60, 93.292930, 177.68570566, 177.387, $177.34, -0.0266%, 12949533, 35405584.12, 1101.23, 67413956728.93
27-Apr-2022, 175.98, $1885.80, 93.291630, 175.92936202, 175.967, $175.96, -0.0038%, 8839400, 35228329.24, 1095.71, 66413334168.78
28-Apr-2022, 176.93, $1888.50, 93.290650, 176.17939549, 176.877, $176.89, 0.0072%, 6378121, 35228329.24, 1095.71, 66507721798.00
29-Apr-2022, 176.91, $1911.30, 93.289980, 178.30513921, 176.952, $176.90, -0.0296%, 7686238, 35191013.25, 1094.55, 67238867995.14
02-May-2022, 173.63, $1911.30, 93.286910, 178.29927719, 173.677, $173.67, -0.0040%, 14217486, 35116383.72, 1092.23, 67094018009.62
03-May-2022, 174.09, $1869.70, 93.285150, 174.41524629, 174.126, $174.09, -0.0207%, 7204278, 35013770.05, 1089.04, 65440600409.83
04-May-2022, 175.80, $1863.65, 93.284010, 173.84875337, 175.700, $175.75, 0.0282%, 10465954, 35013770.05, 1089.04, 65228052265.23
05-May-2022, 175.13, $1892.30, 93.283540, 176.52044498, 175.200, $175.18, -0.0117%, 12772816, 34883173.10, 1084.98, 65983342336.09
06-May-2022, 175.42, $1882.35, 93.282320, 175.58998251, 175.509, $175.46, -0.0278%, 7586931, 34787291.11, 1082.00, 65477504484.82
09-May-2022, 172.88, $1860.90, 93.279160, 173.58319283, 172.888, $172.89, 0.0010%, 10665691, 34591404.87, 1075.90, 64364647909.91
10-May-2022, 171.42, $1857.35, 93.278120, 173.25011975, 171.333, $171.32, -0.0077%, 10971347, 34358209.57, 1068.65, 63808019111.91
11-May-2022, 172.82, $1851.95, 93.277070, 172.74446795, 172.841, $172.85, 0.0055%, 9148245, 34292915.62, 1066.62, 63500866898.66
12-May-2022, 170.17, $1837.05, 93.275950, 171.35259019, 170.126, $170.13, 0.0023%, 11552064, 34106363.72, 1060.82, 62646507737.71
13-May-2022, 168.79, $1811.55, 93.274750, 168.97187762, 168.795, $168.78, -0.0087%, 12805531, 33947796.65, 1055.89, 61488866902.11
16-May-2022, 170.40, $1809.50, 93.271670, 168.77508423, 170.267, $170.35, 0.0485%, 7114012, 33863852.14, 1053.28, 61265355573.90
17-May-2022, 169.33, $1825.00, 93.270790, 170.21919595, 169.394, $169.37, -0.0140%, 6422203, 33733273.04, 1049.21, 61551261260.33
18-May-2022, 169.42, $1810.65, 93.269630, 168.87864923, 169.462, $169.39, -0.0422%, 7414140, 33733273.04, 1049.21, 61066519562.79
19-May-2022, 171.91, $1844.00, 93.268950, 171.98794986, 171.876, $171.91, 0.0198%, 10565204, 33957118.52, 1056.18, 62603613732.80
20-May-2022, 172.03, $1834.20, 93.267830, 171.07184492, 172.047, $172.06, 0.0078%, 6512730, 34190288.09, 1063.43, 62697831185.71
23-May-2022, 172.83, $1856.20, 93.265030, 173.11854844, 172.834, $172.85, 0.0092%, 5207129, 34339512.14, 1068.07, 63724937682.60
24-May-2022, 174.13, $1867.10, 93.264150, 174.13348521, 174.096, $174.15, 0.0309%, 6751700, 34339512.14, 1068.07, 64098535907.55
25-May-2022, 173.08, $1847.20, 93.262860, 172.27515527, 172.993, $173.02, 0.0154%, 4570698, 34395469.86, 1069.81, 63517849748.09
26-May-2022, 172.76, $1848.25, 93.261850, 172.37121917, 172.726, $172.74, 0.0083%, 6441750, 34395469.86, 1069.81, 63553268509.65
27-May-2022, 172.85, $1851.80, 93.260880, 172.70050072, 172.840, $172.87, 0.0171%, 3802146, 34395469.86, 1069.81, 63674674615.36
31-May-2022, 171.14, $1838.70, 93.256570, 171.47086124, 171.219, $171.15, -0.0403%, 6225492, 34348841.57, 1068.36, 63135571110.50
01-Jun-2022, 172.23, $1844.90, 93.255660, 172.04736474, 172.285, $172.26, -0.0146%, 0, 34311539.31, 1067.20, 63279020750.90
02-Jun-2022, 174.35, $1844.90, 93.254640, 172.04547929, 174.340, $174.37, 0.0175%, 5587775, 34274237.45, 1066.04, 63209509088.06
03-Jun-2022, 172.58, $1844.90, 93.253610, 172.04359385, 172.612, $172.58, -0.0188%, 5515722, 34274237.45, 1066.04, 63208816381.13
06-Jun-2022, 171.82, $1847.20, 93.250600, 172.25249915, 171.814, $171.77, -0.0257%, 3723289, 34178594.78, 1063.06, 63130540930.65
07-Jun-2022, 172.94, $1849.60, 93.249580, 172.47442515, 172.913, $172.93, 0.0100%, 3723289, 34178594.78, 1063.06, 63211876817.64
08-Jun-2022, 172.78, $1852.95, 93.248570, 172.78494167, 172.738, $172.74, 0.0010%, 5095319, 34253193.64, 1065.39, 63463909072.69
09-Jun-2022, 172.23, $1844.85, 93.247510, 172.02767697, 172.270, $172.22, -0.0291%, 5095319, 34253193.64, 1065.39, 63185765749.92
10-Jun-2022, 174.54, $1830.00, 93.246420, 170.64094460, 174.599, $174.57, -0.0168%, 16725037, 34365089.34, 1068.87, 62881188090.36
13-Jun-2022, 169.93, $1830.85, 93.243360, 170.71460188, 169.943, $169.96, 0.0097%, 13253564, 34365089.34, 1068.87, 62908330792.12
14-Jun-2022, 168.57, $1818.30, 93.242240, 169.54237243, 168.610, $168.62, 0.0060%, 7282318, 34206577.53, 1063.94, 62188142220.44
15-Jun-2022, 170.77, $1823.75, 93.241270, 170.04875821, 170.799, $170.77, -0.0172%, 8992138, 34206577.53, 1063.94, 62373884511.07
16-Jun-2022, 172.69, $1826.50, 93.240270, 170.30334793, 172.714, $172.72, 0.0037%, 8801567, 34206577.53, 1063.94, 62467268018.97
17-Jun-2022, 171.27, $1841.55, 93.239380, 171.70498036, 171.355, $171.27, -0.0498%, 6922073, 34579535.05, 1075.54, 63668206717.23
21-Jun-2022, 170.63, $1840.25, 93.235280, 171.57622664, 170.658, $170.67, 0.0071%, 5604934, 34523593.88, 1073.80, 63517519104.38
22-Jun-2022, 171.31, $1841.85, 93.234280, 171.72355529, 171.369, $171.34, -0.0171%, 6432562, 34458329.89, 1071.77, 63451853675.81
23-Jun-2022, 170.26, $1841.90, 93.233260, 171.72633616, 170.267, $170.25, -0.0101%, 6493197, 34178630.11, 1063.07, 62937702185.86
24-Jun-2022, 170.09, $1825.45, 93.232020, 170.19039605, 170.046, $170.04, -0.0035%, 6131872, 34113367.69, 1061.04, 62255646880.24
27-Jun-2022, 169.90, $1826.30, 93.228970, 170.26406831, 169.877, $169.89, 0.0076%, 5716691, 33964201.34, 1056.40, 62010173677.79
28-Jun-2022, 169.62, $1819.05, 93.227840, 169.58609652, 169.647, $169.64, -0.0040%, 5716691, 33964201.34, 1056.40, 61763256353.05
29-Jun-2022, 169.49, $1817.75, 93.226790, 169.46300518, 169.514, $169.50, -0.0084%, 4780317, 33843005.78, 1052.63, 61498124584.75
30-Jun-2022, 168.46, $1817.00, 93.225760, 169.39120600, 168.431, $168.42, -0.0065%, 9142103, 33768425.17, 1050.31, 61336555691.80
01-Jul-2022, 168.32, $1797.45, 93.224400, 167.56619175, 168.317, $168.27, -0.0277%, 11377878, 33498074.41, 1041.90, 60189776059.47
04-Jul-2022, HOLIDAY, HOLIDAY, HOLIDAY, HOLIDAY, HOLIDAY, HOLIDAY, HOLIDAY, HOLIDAY, HOLIDAY, HOLIDAY, HOLIDAY
05-Jul-2022, 164.75, $1772.00, 93.219790, 165.18545929, 164.701, $164.69, -0.0065%, 13976371, 33181127.13, 1032.04, 58772986385.38
06-Jul-2022, 162.14, $1754.30, 93.218380, 163.53300389, 162.153, $162.12, -0.0206%, 11591401, 32936297.08, 1024.43, 57776210273.89
07-Jul-2022, 162.23, $1747.95, 93.217340, 162.93924120, 162.277, $162.25, -0.0169%, 4566776, 32936297.08, 1024.43, 57566433915.51
08-Jul-2022, 162.30, $1738.20, 93.216270, 162.02852441, 162.320, $162.31, -0.0063%, 4389358, 32899010.57, 1023.27, 57179866265.00
11-Jul-2022, 161.43, $1740.00, 93.213220, 162.19100020, 161.431, $161.45, 0.0116%, 4020033, 32899010.57, 1023.27, 57237203969.64
12-Jul-2022, 160.83, $1730.70, 93.212140, 161.32224219, 160.819, $160.85, 0.0193%, 5095712, 32843083.29, 1021.53, 56833825916.90
13-Jul-2022, 161.60, $1724.60, 93.211070, 160.75180945, 161.595, $161.55, -0.0281%, 8303277, 32787156.64, 1019.79, 56536411381.16
14-Jul-2022, 159.33, $1700.70, 93.209850, 158.52199985, 159.291, $159.27, -0.0132%, 12208184, 32693946.79, 1016.89, 55593665355.92
15-Jul-2022, 159.01, $1706.15, 93.208880, 159.02833239, 158.977, $158.96, -0.0107%, 6772514, 32610058.80, 1014.28, 55628110670.07
18-Jul-2022, 159.16, $1719.05, 93.205950, 160.22569174, 159.182, $159.12, -0.0388%, 5436186, 32442288.09, 1009.06, 55758540730.14
19-Jul-2022, 159.54, $1713.05, 93.204860, 159.66459219, 159.501, $159.58, 0.0492%, 3687344, 32442288.09, 1009.06, 55563278472.29
20-Jul-2022, 158.04, $1709.30, 93.203800, 159.31325377, 158.062, $158.03, -0.0205%, 4699230, 32339763.91, 1005.87, 55265767731.68
21-Jul-2022, 160.27, $1705.10, 93.202730, 158.91996702, 160.299, $160.28, -0.0121%, 5736977, 32339763.91, 1005.87, 55129336559.53
22-Jul-2022, 160.67, $1736.95, 93.202110, 161.88741019, 160.688, $160.69, 0.0013%, 5678650, 32339763.91, 1005.87, 56158742595.07
25-Jul-2022, 160.23, $1718.90, 93.198790, 160.19939452, 160.269, $160.24, -0.0183%, 3462999, 32321124.15, 1005.29, 55541130078.94
26-Jul-2022, 160.04, $1720.05, 93.197780, 160.30484654, 160.065, $160.08, 0.0092%, 2582508, 32321124.15, 1005.29, 55577690294.47
27-Jul-2022, 161.67, $1714.05, 93.196670, 159.74374561, 161.603, $161.64, 0.0229%, 5704349, 32321124.15, 1005.29, 55383156604.20
28-Jul-2022, 163.64, $1753.50, 93.196280, 163.41968284, 163.597, $163.61, 0.0081%, 5596532, 32321124.15, 1005.29, 56657604039.99
29-Jul-2022, 164.10, $1753.40, 93.195260, 163.40856953, 164.218, $164.13, -0.0533%, 7325702, 32339763.21, 1005.87, 56686432771.53
01-Aug-2022, 165.03, $1772.40, 93.192540, 165.17445343, 165.021, $165.01, -0.0065%, 4444478, 32339763.21, 1005.87, 57299017895.55
02-Aug-2022, 164.05, $1779.75, 93.191650, 165.85783977, 164.148, $164.06, -0.0535%, 4681368, 32246571.56, 1002.97, 57370226776.68
03-Aug-2022, 164.45, $1761.25, 93.190280, 164.13137619, 164.532, $164.48, -0.0317%, 4386309, 32172019.33, 1000.65, 56641737921.25
04-Aug-2022, 167.17, $1783.20, 93.189690, 166.17584838, 167.192, $167.17, -0.0129%, 5403705, 32161167.79, 1000.32, 57347285275.28
05-Aug-2022, 165.29, $1773.25, 93.188640, 165.24675949, 165.354, $165.27, -0.0508%, 5221481, 32123892.33, 999.16, 56960557996.91
08-Aug-2022, 166.69, $1784.05, 93.185620, 166.24780846, 166.704, $166.69, -0.0086%, 3332332, 32123892.33, 999.16, 57305619576.69
09-Aug-2022, 167.20, $1795.25, 93.184650, 167.28974535, 167.192, $167.18, -0.0071%, 3080736, 32123892.33, 999.16, 57664775221.17
10-Aug-2022, 166.78, $1795.05, 93.183630, 167.26927349, 166.831, $166.83, -0.0008%, 4031189, 32067982.16, 997.42, 57557357005.35
11-Aug-2022, 166.34, $1796.70, 93.182620, 167.42120846, 166.415, $166.37, -0.0269%, 4302877, 32067982.16, 997.42, 57609637830.50
12-Aug-2022, 167.87, $1792.10, 93.181570, 166.99068698, 167.876, $167.86, -0.0095%, 4994445, 32021391.37, 995.97, 57378000044.86
15-Aug-2022, 165.71, $1776.60, 93.178380, 165.54070879, 165.764, $165.75, -0.0087%, 5235377, 31956166.51, 993.94, 56763909041.59
16-Aug-2022, 165.42, $1774.85, 93.177340, 165.37580721, 165.460, $165.43, -0.0179%, 4094175, 31900260.10, 992.20, 56608138811.69
17-Aug-2022, 164.35, $1767.20, 93.176250, 164.66107050, 164.405, $164.38, -0.0151%, 5358798, 31797766.23, 989.01, 56182357257.23
18-Aug-2022, 163.92, $1765.55, 93.175210, 164.50549772, 163.970, $163.96, -0.0059%, 3624522, 31695273.50, 985.83, 55948319779.65
19-Aug-2022, 162.72, $1750.75, 93.174030, 163.12443911, 162.756, $162.70, -0.0347%, 8170789, 31797764.93, 989.01, 55658059606.70
22-Aug-2022, 161.64, $1733.25, 93.170750, 161.48820336, 161.656, $161.62, -0.0222%, 4097193, 31751179.55, 987.56, 55019031183.52
23-Aug-2022, 162.77, $1746.55, 93.169910, 162.72590049, 162.786, $162.78, -0.0040%, 4421667, 31648692.65, 984.38, 55261715798.52
24-Aug-2022, 163.25, $1745.65, 93.168870, 162.64024346, 163.288, $163.26, -0.0170%, 3200029, 31648692.65, 984.38, 55232626679.45
25-Aug-2022, 163.75, $1753.55, 93.167970, 163.37468587, 163.743, $163.73, -0.0078%, 2844472, 31648692.65, 984.38, 55482043322.37
26-Aug-2022, 161.76, $1751.25, 93.166910, 163.15855154, 161.878, $161.77, -0.0664%, 6689300, 31592792.51, 982.64, 55310748973.93
29-Aug-2022, 161.86, $1751.25, 93.163850, 163.15318749, 161.891, $161.88, -0.0067%, 4688464, 31527577.81, 980.61, 55194723323.71
30-Aug-2022, 160.51, $1730.30, 93.162460, 161.19900365, 160.556, $160.50, -0.0350%, 4732606, 31387834.12, 976.26, 54291824426.49
31-Aug-2022, 159.27, $1715.90, 93.161170, 159.85525413, 159.315, $159.31, -0.0031%, 5423606, 31294672.95, 973.37, 53679394337.92
01-Sep-2022, 157.87, $1694.30, 93.159730, 157.84052574, 157.882, $157.85, -0.0206%, 5423606, 31294672.95, 973.37, 53002848542.70
02-Sep-2022, 159.26, $1712.50, 93.159070, 159.53491530, 159.274, $159.26, -0.0088%, 5013379, 31285356.98, 973.08, 53555871066.58
06-Sep-2022, 158.33, $1702.60, 93.154770, 158.60530933, 158.386, $158.34, -0.0293%, 4859565, 31220148.64, 971.05, 53132778624.21
07-Sep-2022, 159.94, $1702.65, 93.153750, 158.60823086, 159.973, $159.97, -0.0018%, 3977636, 31220148.64, 971.05, 53133757337.52
08-Sep-2022, 158.98, $1709.35, 93.152890, 159.23088882, 159.054, $158.98, -0.0465%, 4575919, 31126995.75, 968.15, 53183117160.82
09-Sep-2022, 159.82, $1713.40, 93.151970, 159.60657869, 159.844, $159.81, -0.0213%, 3851651, 31078567.12, 966.64, 53244754649.26
12-Sep-2022, 160.63, $1726.40, 93.148990, 160.81241337, 160.631, $160.60, -0.0192%, 4478800, 31022677.73, 964.91, 53550533651.10
13-Sep-2022, 158.54, $1704.85, 93.147810, 158.80304930, 158.579, $158.57, -0.0060%, 6447455, 30957474.26, 962.88, 52770253286.68
14-Sep-2022, 157.93, $1703.90, 93.146780, 158.71280681, 157.944, $157.92, -0.0154%, 5843676, 30882956.84, 960.56, 52613295465.54
15-Sep-2022, 154.98, $1689.10, 93.145640, 157.33229602, 154.948, $154.95, 0.0014%, 12901143, 30929529.66, 962.01, 52234322279.54
16-Sep-2022, 155.84, $1664.65, 93.144390, 155.05280463, 155.866, $155.84, -0.0167%, 7137600, 30892271.90, 960.85, 51415510012.45
19-Sep-2022, 155.96, $1664.65, 93.141330, 155.04770705, 155.974, $155.95, -0.0157%, 5003757, 30799130.57, 957.95, 51258771943.07
20-Sep-2022, 155.07, $1664.15, 93.140300, 154.99942773, 155.130, $155.07, -0.0386%, 5628537, 30650106.09, 953.32, 50994812408.19
21-Sep-2022, 155.79, $1671.75, 93.139380, 155.70575020, 155.804, $155.76, -0.0280%, 7494440, 30612850.34, 952.16, 51164909511.04
22-Sep-2022, 155.70, $1671.85, 93.138360, 155.71335986, 155.727, $155.70, -0.0176%, 5965083, 30547653.49, 950.13, 51058411174.18
23-Sep-2022, 153.01, $1643.55, 93.136940, 153.07521351, 153.108, $153.01, -0.0639%, 9416289, 30454516.55, 947.23, 50040287292.55
26-Sep-2022, 151.23, $1643.35, 93.133870, 153.05154883, 151.263, $151.27, 0.0044%, 8084914, 30333442.51, 943.47, 49833584305.10
27-Sep-2022, 151.54, $1634.30, 93.132700, 152.20676762, 151.611, $151.54, -0.0466%, 7113672, 30249623.08, 940.86, 49421537442.86
28-Sep-2022, 154.69, $1652.15, 93.131990, 153.86801876, 154.636, $154.68, 0.0282%, 8725846, 30324128.68, 943.18, 50084040105.53
29-Sep-2022, 154.66, $1654.80, 93.131020, 154.11320829, 154.658, $154.68, 0.0142%, 6277523, 30258936.96, 941.15, 50055970051.38
30-Sep-2022, 154.67, $1671.75, 93.130310, 155.69059376, 154.689, $154.73, 0.0262%, 6819487, 30212371.81, 939.70, 50490459555.74
03-Oct-2022, 158.43, $1668.40, 93.127180, 155.37338661, 158.344, $158.40, 0.0353%, 10270535, 30314811.71, 942.89, 50558500003.11
04-Oct-2022, 160.70, $1714.85, 93.127090, 159.69899665, 160.681, $160.66, -0.0134%, 8005570, 30370687.96, 944.63, 52061872903.75
05-Oct-2022, 159.81, $1700.50, 93.125780, 158.36039192, 159.836, $159.83, -0.0040%, 5283690, 30425836.01, 946.34, 51736340038.81
06-Oct-2022, 159.63, $1714.20, 93.124800, 159.63453459, 159.642, $159.65, 0.0050%, 5191190, 30425836.01, 946.34, 52152602450.51
07-Oct-2022, 157.88, $1696.15, 93.123720, 157.95179245, 157.905, $157.90, -0.0033%, 5004405, 30360649.41, 944.31, 51492284335.28
10-Oct-2022, 155.48, $1676.55, 93.120550, 156.12125537, 155.367, $155.44, 0.0470%, 5844145, 30360649.41, 944.31, 50895529249.77
11-Oct-2022, 155.16, $1664.70, 93.119450, 155.01595625, 155.198, $155.18, -0.0113%, 5275397, 30360649.41, 944.31, 50535201737.82
12-Oct-2022, 155.99, $1670.65, 93.118470, 155.56837979, 156.015, $156.00, -0.0098%, 3983304, 30397896.79, 945.47, 50777519160.44
13-Oct-2022, 154.91, $1648.10, 93.117290, 153.46659814, 154.927, $154.90, -0.0172%, 7065138, 30360649.88, 944.31, 50030110991.56
14-Oct-2022, 152.98, $1649.30, 93.116270, 153.57667208, 152.962, $152.96, -0.0014%, 5277867, 30258221.98, 941.13, 49897060766.44
17-Oct-2022, 153.42, $1664.75, 93.113370, 155.01047935, 153.446, $153.45, 0.0025%, 4333083, 30193042.62, 939.10, 50254397401.63
18-Oct-2022, 153.75, $1653.00, 93.112220, 153.91450434, 153.752, $153.74, -0.0075%, 4517094, 30183731.40, 938.81, 49883690855.62
19-Oct-2022, 151.69, $1631.70, 93.110960, 151.92915073, 151.710, $151.72, 0.0064%, 7467732, 29988198.38, 932.73, 48921186529.65
20-Oct-2022, 151.45, $1635.30, 93.109980, 152.26275385, 151.504, $151.47, -0.0224%, 5018229, 29932332.40, 930.99, 48937249387.96
21-Oct-2022, 154.15, $1643.25, 93.109060, 153.00147021, 154.123, $154.13, 0.0043%, 6834199, 29839223.34, 928.10, 49021672951.24
24-Oct-2022, 153.65, $1649.15, 93.106090, 153.54591381, 153.620, $153.67, 0.0323%, 4671195, 29848533.94, 928.39, 49211465376.71
25-Oct-2022, 154.00, $1659.25, 93.105230, 154.48484544, 153.977, $154.01, 0.0212%, 3413884, 29848533.94, 928.39, 49512392962.05
26-Oct-2022, 154.98, $1666.75, 93.104320, 155.18162843, 154.991, $154.98, -0.0069%, 4296697, 29848533.94, 928.39, 49735711911.79
27-Oct-2022, 154.74, $1659.75, 93.103190, 154.52801690, 154.770, $154.75, -0.0130%, 3461708, 29746120.44, 925.20, 49356248593.49
28-Oct-2022, 153.16, $1648.05, 93.101970, 153.43669977, 153.129, $153.15, 0.0134%, 4644659, 29662328.66, 922.59, 48869588876.56
31-Oct-2022, 151.91, $1639.00, 93.098730, 152.58882603, 152.014, $151.93, -0.0555%, 6090128, 29597159.55, 920.57, 48492728917.36
01-Nov-2022, 153.46, $1645.25, 93.097840, 153.16921872, 153.430, $153.43, 0.0001%, 4600540, 29550610.63, 919.12, 48600593099.58
02-Nov-2022, 152.39, $1649.55, 93.096910, 153.56800102, 152.479, $152.37, -0.0713%, 7210900, 29420274.96, 915.07, 48512131512.51
03-Nov-2022, 151.81, $1628.75, 93.095440, 151.62920184, 151.843, $151.82, -0.0154%, 5302551, 29308560.43, 911.59, 47717709822.36
04-Nov-2022, 156.47, $1674.40, 93.095410, 155.87895777, 156.424, $156.46, 0.0233%, 7680086, 29159607.77, 906.96, 48805701682.64
07-Nov-2022, 155.85, $1678.95, 93.092460, 156.29757870, 155.865, $155.87, 0.0034%, 4291166, 29112236.13, 905.48, 48874252856.38
08-Nov-2022, 159.45, $1678.65, 93.091430, 156.26793627, 159.349, $159.41, 0.0381%, 11266770, 29205327.56, 908.38, 49021251901.98
09-Nov-2022, 158.65, $1715.25, 93.090590, 159.67363072, 158.733, $158.66, -0.0463%, 5896324, 29205327.56, 908.38, 50089617957.30
